PCODE,governorate,district,cluster,camp_name,geo,TypeSite,girls,boys,women,men,individual,Shelter,Water,Sanitation,Waste Removal,NFI,Food,shelter_cat,water_cat,sanitation_cat,waste_cat,NFI_cat,Food_cat
CP000446,Idleb,Harim,Harim,Al Aman,"36.2172267,36.5525022",IS,54,57,53,45,209,0.94,0,0,0,0,0,2. Mostly covered,4. Not covered - N/A,4. Not covered - N/A,4. Not covered - N/A,4. Not covered - N/A,4. Not covered - N/A
CP000448,Idleb,Jisr-Ash-Shugur,Darkosh,Al Aman,"35.9858817,36.3323378",IS,0,0,0,0,424,0,0,0,0,0,0,4. Not covered - N/A,4. Not covered - N/A,4. Not covered - N/A,4. Not covered - N/A,4. Not covered - N/A,4. Not covered - N/A
CP000123,Idleb,Harim,Karama,Al Nour,"36.245673,36.762192",IS,207,204,165,169,745,1,1,1,1,1,0,1. Fully covered,1. Fully covered,1. Fully covered,1. Fully covered,1. Fully covered,4. Not covered - N/A
CP000437,Idleb,Harim,Deir Hassan,Al Nour,"36.2523694,36.7426917",IS,0,0,0,0,533,0,1,1,1,0,0,4. Not covered - N/A,1. Fully covered,1. Fully covered,1. Fully covered,4. Not covered - N/A,4. Not covered - N/A
CP000431,Idleb,Al Ma'ra,Maarrat An Numan,Al Wafa,"35.685711,36.765812",IS,0,0,0,0,0,0,0,0,0,0,0,4. Not covered - N/A,4. Not covered - N/A,4. Not covered - N/A,4. Not covered - N/A,4. Not covered - N/A,4. Not covered - N/A
CP000432,Idleb,Jisr-Ash-Shugur,Darkosh,Al Wafa,"35.9665347,36.3400428",IS,63,59,60,56,238,0.64,0,0,0,0.5,0.8,2. Mostly covered,4. Not covered - N/A,4. Not covered - N/A,4. Not covered - N/A,3. Partially covered,2. Mostly covered
CP000069,Idleb,Harim,Bab Al Hawa,Othman Bin Affan,"36.131003,36.651884",IS,28,40,31,24,123,0,1,1,1,0,0,4. Not covered - N/A,1. Fully covered,1. Fully covered,1. Fully covered,4. Not covered - N/A,4. Not covered - N/A
CP000329,Idleb,Jisr-Ash-Shugur,Darkosh,Othman Bin Affan,"36.130003,36.650884",IS,242,255,218,179,894,1,0,0,0,1,0,1. Fully covered,4. Not covered - N/A,4. Not covered - N/A,4. Not covered - N/A,1. Fully covered,4. Not covered - N/A
CP000450,Idleb,Harim,Harim,Abna'a Al Ezza,"36.223593731,36.511745569",IS,92,105,100,102,399,0.95,0,0,0,0,0,2. Mostly covered,4. Not covered - N/A,4. Not covered - N/A,4. Not covered - N/A,4. Not covered - N/A,4. Not covered - N/A
CP000449,Aleppo,Al Bab,Al Bab,Al Bab Transit/Reception Centre,"36.3697223950001,37.5149251570001",T/RC,82,65,56,30,233,1,1,1,1,1,1,1. Fully covered,1. Fully covered,1. Fully covered,1. Fully covered,1. Fully covered,1. Fully covered
CP000447,Idleb,Jisr-Ash-Shugur,Darkosh,Aleppo 3,"36.0094872,36.3795089",IS,0,0,0,0,720,0,0,0,0,0,0,4. Not covered - N/A,4. Not covered - N/A,4. Not covered - N/A,4. Not covered - N/A,4. Not covered - N/A,4. Not covered - N/A
CP000445,Idleb,Harim,Sarmada,Ghetaa Al Rahma2 (Al Kamouneh),"36.1645356,36.7480828",IS,241,235,194,180,850,0.99,0,0,0,0,0,2. Mostly covered,4. Not covered - N/A,4. Not covered - N/A,4. Not covered - N/A,4. Not covered - N/A,4. Not covered - N/A
CP000444,Idleb,Harim,Deir Hassan,Al Hader,"36.2779961,36.7462778",IS,0,0,0,0,130,0,0,0,0,0,0,4. Not covered - N/A,4. Not covered - N/A,4. Not covered - N/A,4. Not covered - N/A,4. Not covered - N/A,4. Not covered - N/A
CP000443,Idleb,Harim,Deir Hassan,Al Hadaba Al Khadra,"36.2695606,36.768565",IS,0,0,0,0,850,0,0,0,0,0,0,4. Not covered - N/A,4. Not covered - N/A,4. Not covered - N/A,4. Not covered - N/A,4. Not covered - N/A,4. Not covered - N/A
CP000442,Idleb,Harim,Deir Hassan,Al Seraj,"36.2368778,36.7848356",IS,0,0,0,0,173,0,0,0,0,0.2,0,4. Not covered - N/A,4. Not covered - N/A,4. Not covered - N/A,4. Not covered - N/A,3. Partially covered,4. Not covered - N/A
CP000441,Idleb,Harim,Deir Hassan,Al Bo Fares,"36.2438617,36.7901739",IS,0,0,0,0,259,0,1,1,1,0,0,4. Not covered - N/A,1. Fully covered,1. Fully covered,1. Fully covered,4. Not covered - N/A,4. Not covered - N/A
CP000440,Idleb,Harim,Deir Hassan,Nour Al Kheir,"36.2401517,36.7609806",IS,0,0,0,0,935,0,1,1,1,0,0,4. Not covered - N/A,1. Fully covered,1. Fully covered,1. Fully covered,4. Not covered - N/A,4. Not covered - N/A
CP000439,Idleb,Harim,Deir Hassan,Morek,"36.2478967,36.7435328",IS,0,0,0,0,2556,0,1,1,1,0,0,4. Not covered - N/A,1. Fully covered,1. Fully covered,1. Fully covered,4. Not covered - N/A,4. Not covered - N/A
CP000438,Idleb,Harim,Deir Hassan,Lastom Wahdakom,"36.2400611,36.7238456",IS,0,0,0,0,569,0,1,1,1,0,0,4. Not covered - N/A,1. Fully covered,1. Fully covered,1. Fully covered,4. Not covered - N/A,4. Not covered - N/A
CP000436,Idleb,Harim,Deir Hassan,Al Mazalem,"36.2497156,36.748545",IS,0,0,0,0,230,0,1,1,1,0,0,4. Not covered - N/A,1. Fully covered,1. Fully covered,1. Fully covered,4. Not covered - N/A,4. Not covered - N/A
CP000435,Idleb,Harim,Deir Hassan,Al Mansour,"36.2299522,36.7416211",IS,0,0,0,0,665,0,1,1,1,0,0,4. Not covered - N/A,1. Fully covered,1. Fully covered,1. Fully covered,4. Not covered - N/A,4. Not covered - N/A
CP000434,Idleb,Harim,Bab Al Hawa,Al Bardakli,"36.2151972,36.7252778",IS,0,0,0,0,0,0,0,0,0,0,0,4. Not covered - N/A,4. Not covered - N/A,4. Not covered - N/A,4. Not covered - N/A,4. Not covered - N/A,4. Not covered - N/A
CP000433,Aleppo,A'zaz,Azaz,Al Helal,"36.6355211,37.1083783",IS,0,0,0,0,125,0,0,0,0,0,0,4. Not covered - N/A,4. Not covered - N/A,4. Not covered - N/A,4. Not covered - N/A,4. Not covered - N/A,4. Not covered - N/A
CP000424,Idleb,Jisr-Ash-Shugur,Darkosh,Al Bonyan,"36.0002828,36.3203489",IS,0,0,0,0,670,0,1,1,1,0,0,4. Not covered - N/A,1. Fully covered,1. Fully covered,1. Fully covered,4. Not covered - N/A,4. Not covered - N/A
CP000423,Idleb,Harim,Salam,Mareiwdah,"36.2938467,36.7291922",IS,0,0,0,0,197,1,1,1,1,0,1,1. Fully covered,1. Fully covered,1. Fully covered,1. Fully covered,4. Not covered - N/A,1. Fully covered
CP000422,Idleb,Harim,Qah,Shuhada Khan Sheikhon,"36.2914989,36.708335",IS,0,0,0,0,1147,1,1,1,1,0,0,1. Fully covered,1. Fully covered,1. Fully covered,1. Fully covered,4. Not covered - N/A,4. Not covered - N/A
CP000420,Idleb,Harim,Karama,Khan Sheikhon Al Kemawi,"36.2862961,36.695995",IS,0,0,0,0,60,1,1,1,1,1,0,1. Fully covered,1. Fully covered,1. Fully covered,1. Fully covered,1. Fully covered,4. Not covered - N/A
CP000419,Aleppo,Jebel Saman,Atareb,Mezanaz Transit/Reception Centre,"36.063247,36.860725",TC,367,367,500,236,1470,1,1,1,1,1,1,1. Fully covered,1. Fully covered,1. Fully covered,1. Fully covered,1. Fully covered,1. Fully covered
CP000418,Idleb,Harim,Sarmada,Al Rahman,"36.202867, 36.682187",IS,0,0,0,0,0,0,0,0,0,1,0,4. Not covered - N/A,4. Not covered - N/A,4. Not covered - N/A,4. Not covered - N/A,1. Fully covered,4. Not covered - N/A
CP000415,Idleb,Harim,Deir Hassan,Al Ghoraba Homs,"36.2246472, 36.7942361",IS,157,146,79,89,471,0,1,0.56,1,0.2,0.45,4. Not covered - N/A,1. Fully covered,2. Mostly covered,1. Fully covered,3. Partially covered,3. Partially covered
CP000414,Idleb,Harim,Harim,Dalama,"36.213593731, 36.521745569",IS,32,40,31,32,135,0,1,1,1,0,0,4. Not covered - N/A,1. Fully covered,1. Fully covered,1. Fully covered,4. Not covered - N/A,4. Not covered - N/A
CP000413,Idleb,Harim,Harim,Al Azraq,"36.212593731, 36.520745569",IS,122,128,101,94,445,0.97,1,1,1,0,0,2. Mostly covered,1. Fully covered,1. Fully covered,1. Fully covered,4. Not covered - N/A,4. Not covered - N/A
CP000412,Idleb,Harim,Salam,Zahrat Al Khalij Al Arabi,"36.296272732,36.725164884",IS,215,210,206,188,819,0,1,1,1,0,1,4. Not covered - N/A,1. Fully covered,1. Fully covered,1. Fully covered,4. Not covered - N/A,1. Fully covered
CP000411,Idleb,Harim,Deir Hassan,Qariat Al Iman ,"36.302174,36.730849",IS,0,0,0,0,507,0,1,1,1,0.3,0,4. Not covered - N/A,1. Fully covered,1. Fully covered,1. Fully covered,3. Partially covered,4. Not covered - N/A
CP000410,Idleb,Harim,Deir Hassan,Khan Toman,"36.280068,36.704645",IS,0,0,0,0,179,0.25,1,1,1,0.25,0,3. Partially covered,1. Fully covered,1. Fully covered,1. Fully covered,3. Partially covered,4. Not covered - N/A
CP000409,Idleb,Harim,Deir Hassan,Al Naief,"36.296282,36.748782",IS,0,0,0,0,309,0.15,1,1,1,0.05,0,3. Partially covered,1. Fully covered,1. Fully covered,1. Fully covered,3. Partially covered,4. Not covered - N/A
CP000408,Idleb,Harim,Deir Hassan,Al Ezza,"36.150756,36.833892",IS,0,0,0,0,1908,0.15,1,1,1,0.15,0,3. Partially covered,1. Fully covered,1. Fully covered,1. Fully covered,3. Partially covered,4. Not covered - N/A
CP000407,Idleb,Harim,Deir Hassan,Al Bunian Al Kuwaite,"36.324594,36.68411",IS,413,406,715,504,2038,0.95,1,1,1,0.25,0.4,2. Mostly covered,1. Fully covered,1. Fully covered,1. Fully covered,3. Partially covered,3. Partially covered
CP000406,Aleppo,Jebel Saman,Atareb,Alabiad (including Allhyba),"36.066744,36.884078",IS,360,300,500,490,1650,0.22,1,0.6,0.5,1,0.2,3. Partially covered,1. Fully covered,2. Mostly covered,3. Partially covered,1. Fully covered,3. Partially covered
CP000405,Idleb,Harim,Sarmada,Al Fateh,"36.251039,36.70816",IS,82,78,72,70,302,0.5,1,1,1,0.5,0,3. Partially covered,1. Fully covered,1. Fully covered,1. Fully covered,3. Partially covered,4. Not covered - N/A
CP000404,Idleb,Harim,Sarmada,Al Faroq Omar,"36.209293,36.708312",IS,0,0,0,0,858,0.5,1,1,1,0,0,3. Partially covered,1. Fully covered,1. Fully covered,1. Fully covered,4. Not covered - N/A,4. Not covered - N/A
CP000403,Idleb,Harim,Sarmada,Al Faraj (Al Ghab),"36.200495,36.616129",IS,372,359,330,317,1378,0.5,1,1,1,0,0,3. Partially covered,1. Fully covered,1. Fully covered,1. Fully covered,4. Not covered - N/A,4. Not covered - N/A
CP000402,Idleb,Idleb,Maaret Tamsrin,Maaret Elekhwan Transit/Reception Centre,"36.07669,36.692203",T/RC,308,309,215,124,956,1,1,1,1,1,0.5,1. Fully covered,1. Fully covered,1. Fully covered,1. Fully covered,1. Fully covered,3. Partially covered
CP000390,Idleb,Harim,Harim,Al Madenh Monarh (Harim),"36.198353731,36.498175569",IS,76,80,70,66,292,0.95,1,1,1,0,0,2. Mostly covered,1. Fully covered,1. Fully covered,1. Fully covered,4. Not covered - N/A,4. Not covered - N/A
CP000388,Idleb,Harim,Salam,Al Madiq 1,"36.302975367,36.719929742",IS,23,37,29,26,115,0,0,0,0,0,0,4. Not covered - N/A,4. Not covered - N/A,4. Not covered - N/A,4. Not covered - N/A,4. Not covered - N/A,4. Not covered - N/A
CP000387,Idleb,Harim,Salam,Al Awdah,"36.360032732,36.697404884",IS,54,51,49,45,197,0,1,1,1,0,1,4. Not covered - N/A,1. Fully covered,1. Fully covered,1. Fully covered,4. Not covered - N/A,1. Fully covered
CP000386,Idleb,Harim,Qah,Bab Al Hawa extension (Al Mutahaboun Bellah),"36.354692732,36.633804884",IS,273,272,263,255,1063,0,1,1,1,0,1,4. Not covered - N/A,1. Fully covered,1. Fully covered,1. Fully covered,4. Not covered - N/A,1. Fully covered
CP000385,Idleb,Harim,Karama,Shuhada Sahl Al Gab,"36.2898805710001,36.739075776",IS,183,169,164,171,687,1,1,1,1,0,1,1. Fully covered,1. Fully covered,1. Fully covered,1. Fully covered,4. Not covered - N/A,1. Fully covered
CP000384,Idleb,Harim,Karama,Nour Hama,"36.2019005710001,36.608825776",IS,0,0,0,0,212,1,1,1,1,0,1,1. Fully covered,1. Fully covered,1. Fully covered,1. Fully covered,4. Not covered - N/A,1. Fully covered
CP000383,Idleb,Harim,Karama,Moatakalen Sahl Al Gab,"36.3185105710001,36.756495776",IS,0,0,0,0,1617,1,1,1,1,0,1,1. Fully covered,1. Fully covered,1. Fully covered,1. Fully covered,4. Not covered - N/A,1. Fully covered
CP000382,Idleb,Harim,Karama,Al Karim Al Awsat,"36.3965405710001,36.688045776",IS,191,185,179,167,722,1,1,1,1,0,1,1. Fully covered,1. Fully covered,1. Fully covered,1. Fully covered,4. Not covered - N/A,1. Fully covered
CP000381,Idleb,Harim,Karama,Al Jabal,"36.3555105710001,36.638085776",IS,76,73,67,57,273,1,1,1,1,0,1,1. Fully covered,1. Fully covered,1. Fully covered,1. Fully covered,4. Not covered - N/A,1. Fully covered
CP000380,Idleb,Harim,Karama,Al Haneen,"36.3035005710001,36.676635776",IS,133,129,127,117,506,1,1,1,1,1,1,1. Fully covered,1. Fully covered,1. Fully covered,1. Fully covered,1. Fully covered,1. Fully covered
CP000379,Idleb,Harim,Karama,Al Ayade Al Baydaa,"36.2322905710001,36.641295776",IS,102,98,95,81,376,1,1,1,1,0,1,1. Fully covered,1. Fully covered,1. Fully covered,1. Fully covered,4. Not covered - N/A,1. Fully covered
CP000377,Idleb,Harim,Deir Hassan,Al Foqaraa (The Poor),"36.223600207,36.7063965120001",IS,0,0,0,0,1660,0.2,1,1,1,0,0,3. Partially covered,1. Fully covered,1. Fully covered,1. Fully covered,4. Not covered - N/A,4. Not covered - N/A
CP000369,Idleb,Harim,Karama,Act and Impact (Athar),"36.270986,36.787651",PC,292,243,62,51,904,1,1,1,0.7,1,1,1. Fully covered,1. Fully covered,1. Fully covered,2. Mostly covered,1. Fully covered,1. Fully covered
CP000365,Aleppo,A'zaz,Azaz,Al Shahba,"36.487114,37.085992",IS,342,299,342,251,1234,0.9,0,0,0,0,0.3,2. Mostly covered,4. Not covered - N/A,4. Not covered - N/A,4. Not covered - N/A,4. Not covered - N/A,3. Partially covered
CP000364,Aleppo,A'zaz,Azaz,Azaz Transit/Reception Centre,"36.611164,37.115983",TC,267,268,171,108,814,1,1,1,1,1,0.3,1. Fully covered,1. Fully covered,1. Fully covered,1. Fully covered,1. Fully covered,3. Partially covered
CP000341,Idleb,Jisr-Ash-Shugur,Darkosh,Ali Bin Abi Taleb,"35.952744,36.219395",IS,444,455,340,308,1547,1,1,1,1,1,0,1. Fully covered,1. Fully covered,1. Fully covered,1. Fully covered,1. Fully covered,4. Not covered - N/A
CP000340,Idleb,Harim,Deir Hassan,Al Wdhehee,"36.24321604,36.72528357",IS,0,0,0,0,1101,0.35,1,1,1,0.35,0,3. Partially covered,1. Fully covered,1. Fully covered,1. Fully covered,3. Partially covered,4. Not covered - N/A
CP000339,Idleb,Harim,Deir Hassan,Tal Al Karama,"36.1943745350001,36.7625536000001",IS,0,0,0,0,1403,0.35,1,1,1,0.35,0,3. Partially covered,1. Fully covered,1. Fully covered,1. Fully covered,3. Partially covered,4. Not covered - N/A
CP000338,Idleb,Harim,Deir Hassan,Reef Aleppo,"36.1407745350001,36.7593336000001",IS,0,0,0,0,279,0.25,1,1,1,0.25,0,3. Partially covered,1. Fully covered,1. Fully covered,1. Fully covered,3. Partially covered,4. Not covered - N/A
CP000337,Idleb,Harim,Deir Hassan,Al Mashhad,"36.1811645350001,36.7420136",IS,124,70,70,51,315,0.1,0,0,0,0.1,0,3. Partially covered,4. Not covered - N/A,4. Not covered - N/A,4. Not covered - N/A,3. Partially covered,4. Not covered - N/A
CP000336,Idleb,Harim,Deir Hassan,Ebtieen,"36.1887045350001,36.7421736000001",IS,0,0,0,0,479,0.35,1,1,1,0.35,0,3. Partially covered,1. Fully covered,1. Fully covered,1. Fully covered,3. Partially covered,4. Not covered - N/A
CP000335,Idleb,Harim,Deir Hassan,Zamzam,"36.199996,36.706463",IS,0,0,0,0,370,0.3,1,1,1,0.3,0,3. Partially covered,1. Fully covered,1. Fully covered,1. Fully covered,3. Partially covered,4. Not covered - N/A
CP000334,Idleb,Harim,Deir Hassan,Al Nahda,"36.3177745350001,36.7011336000001",IS,0,0,0,0,1930,0.3,1,1,1,0.3,0,3. Partially covered,1. Fully covered,1. Fully covered,1. Fully covered,3. Partially covered,4. Not covered - N/A
CP000333,Idleb,Harim,Deir Hassan,Ahl Al Balad,"36.277729,36.755846",IS,235,227,202,176,840,0,0,0,0,0,0,4. Not covered - N/A,4. Not covered - N/A,4. Not covered - N/A,4. Not covered - N/A,4. Not covered - N/A,4. Not covered - N/A
CP000332,Idleb,Jisr-Ash-Shugur,Kherbet Eljoz,Al Fateha,"35.9187840420001,36.18200645",IS,233,182,133,128,676,1,1,1,1,0,0,1. Fully covered,1. Fully covered,1. Fully covered,1. Fully covered,4. Not covered - N/A,4. Not covered - N/A
CP000331,Idleb,Jisr-Ash-Shugur,Jisr-Ash-Shugur,Al Kaderiyeh,"35.915600696,36.301948886",IS,36,36,33,24,129,1,1,1,1,1,0,1. Fully covered,1. Fully covered,1. Fully covered,1. Fully covered,1. Fully covered,4. Not covered - N/A
CP000330,Idleb,Jisr-Ash-Shugur,Jisr-Ash-Shugur,Az-Zawf 1 (Sham),"35.9420625860001,36.1988687320001",IS,729,770,1162,1077,3738,1,1,1,1,1,0,1. Fully covered,1. Fully covered,1. Fully covered,1. Fully covered,1. Fully covered,4. Not covered - N/A
CP000328,Idleb,Harim,Deir Hassan,Sons of Mehin (Abna Mehin),"36.251503,36.734224",IS,0,0,0,0,4039,1,1,1,1,1,0,1. Fully covered,1. Fully covered,1. Fully covered,1. Fully covered,1. Fully covered,4. Not covered - N/A
CP000327,Idleb,Jisr-Ash-Shugur,Kherbet Eljoz,Omar,"35.8357240420001,36.1797264500001",IS,270,244,228,212,954,1,1,1,1,0,0,1. Fully covered,1. Fully covered,1. Fully covered,1. Fully covered,4. Not covered - N/A,4. Not covered - N/A
CP000326,Idleb,Jisr-Ash-Shugur,Kherbet Eljoz,Ein Al Bayda,"35.9352240420001,36.19252645",IS,785,812,1410,1302,4309,1,1,1,1,0,0,1. Fully covered,1. Fully covered,1. Fully covered,1. Fully covered,4. Not covered - N/A,4. Not covered - N/A
CP000325,Idleb,Jisr-Ash-Shugur,Kherbet Eljoz,Ataa Al Kheir,"35.8937640420001,36.2178264500001",IS,409,311,291,254,1265,1,1,1,1,0,0,1. Fully covered,1. Fully covered,1. Fully covered,1. Fully covered,4. Not covered - N/A,4. Not covered - N/A
CP000324,Idleb,Harim,Salam,Zahrat Al Jolan,"36.359462732,36.697634884",IS,173,167,165,156,661,1,1,1,1,0,1,1. Fully covered,1. Fully covered,1. Fully covered,1. Fully covered,4. Not covered - N/A,1. Fully covered
CP000323,Idleb,Harim,Salam,Shuhada Kafr Nabutha,"36.259522732,36.740074884",IS,175,170,168,160,673,1,1,1,1,0,1,1. Fully covered,1. Fully covered,1. Fully covered,1. Fully covered,4. Not covered - N/A,1. Fully covered
CP000322,Idleb,Harim,Salam,Muhajreen Al Gab,"36.231982732,36.683304884",IS,153,149,143,137,582,0,1,1,1,0,1,4. Not covered - N/A,1. Fully covered,1. Fully covered,1. Fully covered,4. Not covered - N/A,1. Fully covered
CP000321,Idleb,Harim,Salam,Kafr Nabutha Alhora,"36.382872732,36.749524884",IS,134,129,123,112,498,1,1,1,1,0,1,1. Fully covered,1. Fully covered,1. Fully covered,1. Fully covered,4. Not covered - N/A,1. Fully covered
CP000320,Idleb,Harim,Salam,Kafr Nabutha Al Amal,"36.365322732,36.743014884",IS,125,121,117,101,464,1,1,1,1,0,1,1. Fully covered,1. Fully covered,1. Fully covered,1. Fully covered,4. Not covered - N/A,1. Fully covered
CP000319,Idleb,Harim,Salam,Al Goroub,"36.367132732,36.625524884",IS,163,204,156,152,675,0,1,1,1,0,1,4. Not covered - N/A,1. Fully covered,1. Fully covered,1. Fully covered,4. Not covered - N/A,1. Fully covered
CP000318,Idleb,Harim,Salam,Abl Baydar,"36.374842732,36.751344884",IS,93,89,87,78,347,0,1,1,1,0,1,4. Not covered - N/A,1. Fully covered,1. Fully covered,1. Fully covered,4. Not covered - N/A,1. Fully covered
CP000317,Idleb,Harim,Qah,Ataa 9b (Nasaem Alkhair),"36.207072732,36.667284884",PC,177,150,250,200,777,1,0.8,0.8,0.8,0.9,1,1. Fully covered,2. Mostly covered,2. Mostly covered,2. Mostly covered,2. Mostly covered,1. Fully covered
CP000316,Idleb,Harim,Qah,Ataa 9a (Hamad Al Ammar 2),"36.316972732,36.761984884",PC,147,151,244,195,737,1,0.9,0.8,0.8,0.9,1,1. Fully covered,2. Mostly covered,2. Mostly covered,2. Mostly covered,2. Mostly covered,1. Fully covered
CP000315,Idleb,Harim,Qah,Ataa 8 (Shabab Al Khayr 2),"36.252352732,36.697724884",PC,399,370,447,404,1620,1,0.9,0.8,0.8,0.9,1,1. Fully covered,2. Mostly covered,2. Mostly covered,2. Mostly covered,2. Mostly covered,1. Fully covered
CP000314,Idleb,Harim,Qah,Ataa 7b (Ataa Almara Alkwaityeh 2),"36.205152732,36.638444884",PC,345,215,375,315,1250,1,0.8,0.8,0.8,0.9,1,1. Fully covered,2. Mostly covered,2. Mostly covered,2. Mostly covered,2. Mostly covered,1. Fully covered
CP000313,Idleb,Harim,Qah,Ataa 7a (Ataa Almara Alkwaityeh 1),"36.370162732,36.725224884",PC,189,180,301,250,920,1,0.8,0.8,0.8,0.9,1,1. Fully covered,2. Mostly covered,2. Mostly covered,2. Mostly covered,2. Mostly covered,1. Fully covered
CP000312,Idleb,Harim,Qah,Ataa 4 (Al Reaya Al Islamiya),"36.281572732,36.713254884",PC,208,170,310,257,945,1,0.8,0.85,0.85,0.9,1,1. Fully covered,2. Mostly covered,2. Mostly covered,2. Mostly covered,2. Mostly covered,1. Fully covered
CP000311,Idleb,Harim,Qah,Nasret Al Rasoul,"36.257992732,36.768944884",IS,272,265,240,231,1008,0.5,1,1,1,0,0,3. Partially covered,1. Fully covered,1. Fully covered,1. Fully covered,4. Not covered - N/A,4. Not covered - N/A
CP000310,Idleb,Harim,Qah,Alebaa,"36.271637,36.696107",IS,203,196,173,152,725,0,1,1,1,0,0,4. Not covered - N/A,1. Fully covered,1. Fully covered,1. Fully covered,4. Not covered - N/A,4. Not covered - N/A
CP000309,Idleb,Harim,Qah,Al Radwan,"36.214582732,36.640624884",IS,81,77,69,59,286,0,1,1,1,0,0,4. Not covered - N/A,1. Fully covered,1. Fully covered,1. Fully covered,4. Not covered - N/A,4. Not covered - N/A
CP000308,Idleb,Harim,Qah,Ahbab Al Rasoul,"36.322882732,36.733684884",IS,147,146,171,171,635,0,1,1,1,0,0,4. Not covered - N/A,1. Fully covered,1. Fully covered,1. Fully covered,4. Not covered - N/A,4. Not covered - N/A
CP000307,Idleb,Harim,Qah,Afamia,"36.374172732,36.641074884",IS,218,209,194,186,807,0.5,1,1,1,0,0,3. Partially covered,1. Fully covered,1. Fully covered,1. Fully covered,4. Not covered - N/A,4. Not covered - N/A
CP000306,Idleb,Harim,Liyajlikum,Fateh Aleslam,"36.226132732,36.630274884",IS,0,0,0,0,501,1,1,1,1,1,1,1. Fully covered,1. Fully covered,1. Fully covered,1. Fully covered,1. Fully covered,1. Fully covered
CP000305,Idleb,Harim,Liyajlikum,Farajak Yarab,"36.319242732,36.788684884",IS,0,0,0,0,402,1,1,1,1,1,1,1. Fully covered,1. Fully covered,1. Fully covered,1. Fully covered,1. Fully covered,1. Fully covered
CP000304,Idleb,Harim,Liyajlikum,Bara`m Al Thawra,"36.336282732,36.721884884",IS,0,0,0,0,823,1,1,1,1,1,1,1. Fully covered,1. Fully covered,1. Fully covered,1. Fully covered,1. Fully covered,1. Fully covered
CP000303,Idleb,Harim,Liyajlikum,Al Ikhlas and Al Taqua,"36.351822732,36.659004884",IS,256,339,172,130,897,1,1,1,1,1,1,1. Fully covered,1. Fully covered,1. Fully covered,1. Fully covered,1. Fully covered,1. Fully covered
CP000302,Idleb,Harim,Liyajlikum,Al Fateh Al Araby,"36.323172732,36.687794884",IS,0,0,0,0,487,1,1,1,1,1,1,1. Fully covered,1. Fully covered,1. Fully covered,1. Fully covered,1. Fully covered,1. Fully covered
CP000301,Idleb,Harim,Liyajlikum,Ain Jaloot,"36.256922732,36.716664884",IS,0,0,0,0,461,1,1,1,1,1,1,1. Fully covered,1. Fully covered,1. Fully covered,1. Fully covered,1. Fully covered,1. Fully covered
CP000300,Idleb,Jisr-Ash-Shugur,Jisr-Ash-Shugur,Az-Zawf 2 (Sadaka Tashi),"35.921644,36.1898236",PC,295,337,317,345,1294,1,1,1,1,0.1,0.1,1. Fully covered,1. Fully covered,1. Fully covered,1. Fully covered,3. Partially covered,3. Partially covered
CP000294,Aleppo,A'zaz,Azaz,Talil Elsham Southern,"36.661277,37.131465",IS,666,602,473,408,2149,0,1,1,1,1,1,4. Not covered - N/A,1. Fully covered,1. Fully covered,1. Fully covered,1. Fully covered,1. Fully covered
CP000293,Aleppo,A'zaz,Azaz,Talil Elsham school,"36.6496559,37.160633",IS,1000,902,709,612,3223,0,1,1,1,1,1,4. Not covered - N/A,1. Fully covered,1. Fully covered,1. Fully covered,1. Fully covered,1. Fully covered
CP000292,Aleppo,A'zaz,Azaz,Al Zeytoun (Olive),"36.541687,37.011161",IS,357,334,242,219,1152,1,1,1,1,1,0,1. Fully covered,1. Fully covered,1. Fully covered,1. Fully covered,1. Fully covered,4. Not covered - N/A
CP000291,Aleppo,A'zaz,Azaz,Yazibag,"36.563278,37.081323",IS,3343,3458,2826,2540,12167,0,1,0,0.25,0,0,4. Not covered - N/A,1. Fully covered,4. Not covered - N/A,3. Partially covered,4. Not covered - N/A,4. Not covered - N/A
CP000290,Aleppo,A'zaz,Azaz,Al Rayan,"36.702078,37.0032138",IS,2986,2880,2453,2346,10665,0,1,1,1,1,0,4. Not covered - N/A,1. Fully covered,1. Fully covered,1. Fully covered,1. Fully covered,4. Not covered - N/A
CP000289,Idleb,Jisr-Ash-Shugur,Jisr-Ash-Shugur,Az-Zawf 3 (Al Ikhaa),"36.00058,36.300895",IS,306,331,447,384,1468,1,1,1,1,1,0,1. Fully covered,1. Fully covered,1. Fully covered,1. Fully covered,1. Fully covered,4. Not covered - N/A
CP000284,Idleb,Harim,Harim,Abna`a Al Ghab,"36.2069247990001,36.40878495",IS,127,122,114,97,460,0.97,1,1,1,0,0,2. Mostly covered,1. Fully covered,1. Fully covered,1. Fully covered,4. Not covered - N/A,4. Not covered - N/A
CP000283,Aleppo,Jebel Saman,Atareb,Ra'a,"36.1682667,36.7076",IS,256,230,370,350,1206,0.38,0,0,0,1,1,3. Partially covered,4. Not covered - N/A,4. Not covered - N/A,4. Not covered - N/A,1. Fully covered,1. Fully covered
CP000282,Idleb,Harim,Qah,Sarkhat Tifl,"36.389192732,36.656234884",IS,124,133,109,120,486,1,1,1,1,0,1,1. Fully covered,1. Fully covered,1. Fully covered,1. Fully covered,4. Not covered - N/A,1. Fully covered
CP000281,Idleb,Harim,Big Hir Jamus,Al Taakhi,"36.066364,36.390104",IS,317,301,325,254,1197,1,1,1,1,0,0,1. Fully covered,1. Fully covered,1. Fully covered,1. Fully covered,4. Not covered - N/A,4. Not covered - N/A
CP000280,Idleb,Harim,Big Hir Jamus,Al Safsafa,"36.181181,36.482508",IS,587,456,518,458,2019,1,1,1,1,0,0,1. Fully covered,1. Fully covered,1. Fully covered,1. Fully covered,4. Not covered - N/A,4. Not covered - N/A
CP000279,Idleb,Harim,Sarmada,Al Khirba Al Muhasara,"36.2029169150001,36.6066535140001",IS,147,141,131,126,545,0.5,1,1,1,1,0,3. Partially covered,1. Fully covered,1. Fully covered,1. Fully covered,1. Fully covered,4. Not covered - N/A
CP000278,Aleppo,A'zaz,Azaz,Al Resalah (Al Armuda),"36.649798,37.188062",PC,2953,2777,3204,2754,11688,0.4,1,0.4,1,0.4,0.5,3. Partially covered,1. Fully covered,3. Partially covered,1. Fully covered,3. Partially covered,3. Partially covered
CP000277,Idleb,Harim,Deir Hassan,Nour Al Houda,"36.213076,36.685287",IS,0,0,0,0,1414,0.25,1,1,1,0.25,0,3. Partially covered,1. Fully covered,1. Fully covered,1. Fully covered,3. Partially covered,4. Not covered - N/A
CP000276,Idleb,Harim,Deir Hassan,Nasaem Al Khayr,"36.214366,36.774317",IS,0,0,0,0,1393,0.1,1,1,1,0.1,0,3. Partially covered,1. Fully covered,1. Fully covered,1. Fully covered,3. Partially covered,4. Not covered - N/A
CP000275,Idleb,Harim,Deir Hassan,Ghetaa Al Rahma 1,"36.165956,36.657787",IS,0,0,0,0,898,0.2,1,1,1,0.2,0,3. Partially covered,1. Fully covered,1. Fully covered,1. Fully covered,3. Partially covered,4. Not covered - N/A
CP000274,Idleb,Harim,Deir Hassan,Al Rahmah Lahl Al Gab (Al Qaqaa),"36.209653,36.665601",IS,0,0,0,0,2107,0.1,1,1,1,0.1,0,3. Partially covered,1. Fully covered,1. Fully covered,1. Fully covered,3. Partially covered,4. Not covered - N/A
CP000273,Idleb,Harim,Deir Hassan,Abu Obeida Ben Aljaraah,"36.250146,36.699867",IS,0,0,0,0,1099,0,1,1,1,0,0,4. Not covered - N/A,1. Fully covered,1. Fully covered,1. Fully covered,4. Not covered - N/A,4. Not covered - N/A
CP000272,Idleb,Harim,Karama,Nasret Al Mazloum,"36.394603,36.777476",IS,306,320,224,225,1075,1,1,1,1,0,1,1. Fully covered,1. Fully covered,1. Fully covered,1. Fully covered,4. Not covered - N/A,1. Fully covered
CP000271,Idleb,Harim,Karama,Al Nahda Aleslamia,"36.228928,36.797818",IS,205,198,194,188,778,1,1,1,1,0,1,1. Fully covered,1. Fully covered,1. Fully covered,1. Fully covered,4. Not covered - N/A,1. Fully covered
CP000270,Idleb,Harim,Karama,Aleman Billah,"36.276159,36.695039",IS,210,208,202,187,807,1,1,1,1,1,1,1. Fully covered,1. Fully covered,1. Fully covered,1. Fully covered,1. Fully covered,1. Fully covered
CP000269,Idleb,Harim,Karama,Al Amal Bil Awdah,"36.271983,36.752652",IS,140,151,135,135,561,1,1,1,1,0,1,1. Fully covered,1. Fully covered,1. Fully covered,1. Fully covered,4. Not covered - N/A,1. Fully covered
CP000268,Idleb,Harim,Liyajlikum,Al Shrouk,"36.369132,36.627979",IS,125,129,146,144,544,1,1,1,1,1,1,1. Fully covered,1. Fully covered,1. Fully covered,1. Fully covered,1. Fully covered,1. Fully covered
CP000266,Idleb,Harim,Qah,Kafr Nabutha Alsmoud,"36.260502732,36.797644884",IS,116,110,112,100,438,0.85,1,1,1,0,1,2. Mostly covered,1. Fully covered,1. Fully covered,1. Fully covered,4. Not covered - N/A,1. Fully covered
CP000265,Idleb,Harim,Salam,Al Ahd Billah,"36.289612,36.735506",IS,394,387,385,372,1538,1,1,1,1,0,1,1. Fully covered,1. Fully covered,1. Fully covered,1. Fully covered,4. Not covered - N/A,1. Fully covered
CP000259,Idleb,Jisr-Ash-Shugur,Oben,Al Hanbushiyeh,"35.796408,36.263596",IS,335,527,490,442,1794,1,1,1,1,0,0,1. Fully covered,1. Fully covered,1. Fully covered,1. Fully covered,4. Not covered - N/A,4. Not covered - N/A
CP000258,Idleb,Harim,Harim,Jabal Harim (Sabiroon),"36.1782667,36.6153278",IS,170,180,201,207,758,0.98,1,1,1,0,0,2. Mostly covered,1. Fully covered,1. Fully covered,1. Fully covered,4. Not covered - N/A,4. Not covered - N/A
CP000257,Idleb,Harim,Harim,Kafr Hum,"36.1068047990001,36.47773495",IS,301,302,188,165,956,1,0,0.6,1,0,0,1. Fully covered,4. Not covered - N/A,2. Mostly covered,1. Fully covered,4. Not covered - N/A,4. Not covered - N/A
CP000256,Idleb,Harim,Liyajlikum,Al Hurriya wa Adalah,"36.387032732,36.795974884",IS,0,0,0,0,817,1,1,1,1,1,1,1. Fully covered,1. Fully covered,1. Fully covered,1. Fully covered,1. Fully covered,1. Fully covered
CP000255,Idleb,Harim,Karama,Al Ghab Al Mankoub,"36.2112705710001,36.631485776",IS,164,160,156,146,631,1,1,1,1,0,1,1. Fully covered,1. Fully covered,1. Fully covered,1. Fully covered,4. Not covered - N/A,1. Fully covered
CP000238,Idleb,Jisr-Ash-Shugur,Darkosh,Meriamen,"35.8764919340001,36.3209032310001",IS,60,77,55,50,242,1,1,1,1,1,0,1. Fully covered,1. Fully covered,1. Fully covered,1. Fully covered,1. Fully covered,4. Not covered - N/A
CP000210,Idleb,Harim,Harim,Omahat Al Moumenien,"36.214643731,36.498825569",IS,90,85,63,13,251,1,1,1,1,0,0,1. Fully covered,1. Fully covered,1. Fully covered,1. Fully covered,4. Not covered - N/A,4. Not covered - N/A
CP000198,Idleb,Harim,Sarmada,Khaled Bin Al Waleed,"36.141218,36.631901",IS,401,415,330,286,1432,0,1,1,1,0,0,4. Not covered - N/A,1. Fully covered,1. Fully covered,1. Fully covered,4. Not covered - N/A,4. Not covered - N/A
CP000197,Idleb,Harim,Sarmada,Al Imdad,"36.290864,36.779152",IS,183,190,150,130,653,0,1,1,1,0,0,4. Not covered - N/A,1. Fully covered,1. Fully covered,1. Fully covered,4. Not covered - N/A,4. Not covered - N/A
CP000196,Idleb,Harim,Sarmada,Al Nouri,"36.208377,36.599485",IS,350,335,310,297,1292,0.5,1,1,1,0,0,3. Partially covered,1. Fully covered,1. Fully covered,1. Fully covered,4. Not covered - N/A,4. Not covered - N/A
CP000195,Idleb,Harim,Salam,Shams Al Izza,"36.293118,36.797325",IS,47,61,34,26,168,1,1,1,1,1,1,1. Fully covered,1. Fully covered,1. Fully covered,1. Fully covered,1. Fully covered,1. Fully covered
CP000194,Idleb,Harim,Salam,Dma'aet Nazeh,"36.182492,36.675818",IS,76,65,82,86,309,1,0,0,0,0,0,1. Fully covered,4. Not covered - N/A,4. Not covered - N/A,4. Not covered - N/A,4. Not covered - N/A,4. Not covered - N/A
CP000193,Idleb,Harim,Salam,Dar Al Riaya - Disabled,"36.327585,36.680479",IS,311,221,259,208,999,1,1,1,1,0,1,1. Fully covered,1. Fully covered,1. Fully covered,1. Fully covered,4. Not covered - N/A,1. Fully covered
CP000191,Idleb,Harim,Salam,Al Salam,"36.299527,36.683876",IS,521,485,382,367,1755,1,1,1,1,1,1,1. Fully covered,1. Fully covered,1. Fully covered,1. Fully covered,1. Fully covered,1. Fully covered
CP000190,Idleb,Harim,Salam,Al Nasser,"36.30962,36.73818",IS,416,432,405,415,1668,1,1,1,1,1,1,1. Fully covered,1. Fully covered,1. Fully covered,1. Fully covered,1. Fully covered,1. Fully covered
CP000189,Idleb,Harim,Salam,Al Midan,"36.336739,36.671332",IS,257,288,214,236,995,0,1,1,1,1,1,4. Not covered - N/A,1. Fully covered,1. Fully covered,1. Fully covered,1. Fully covered,1. Fully covered
CP000188,Idleb,Harim,Salam,Al Khalij,"36.221223,36.67421",IS,172,137,102,79,490,1,1,1,1,1,1,1. Fully covered,1. Fully covered,1. Fully covered,1. Fully covered,1. Fully covered,1. Fully covered
CP000187,Idleb,Harim,Salam,Al Jolan,"36.289554,36.763847",IS,499,469,312,276,1556,1,1,1,1,1,1,1. Fully covered,1. Fully covered,1. Fully covered,1. Fully covered,1. Fully covered,1. Fully covered
CP000186,Idleb,Harim,Salam,Al Forkan,"36.307826,36.674392",IS,359,348,288,291,1286,1,1,1,1,1,1,1. Fully covered,1. Fully covered,1. Fully covered,1. Fully covered,1. Fully covered,1. Fully covered
CP000184,Idleb,Harim,Qah,Shuhadaa Abdeen,"36.275223,36.684534",IS,204,187,180,181,752,1,1,1,1,0,0,1. Fully covered,1. Fully covered,1. Fully covered,1. Fully covered,4. Not covered - N/A,4. Not covered - N/A
CP000182,Idleb,Harim,Qah,Ataa 6 (Shabab Al Khayr 3),"36.335412732,36.812654884",PC,389,336,457,379,1561,1,0.8,0.8,0.8,0.9,1,1. Fully covered,2. Mostly covered,2. Mostly covered,2. Mostly covered,2. Mostly covered,1. Fully covered
CP000181,Idleb,Harim,Qah,Ataa 5 (Shabab Al Khayr),"36.386195,36.625485",PC,217,196,310,278,1001,1,0.7,0.9,0.9,0.9,1,1. Fully covered,2. Mostly covered,2. Mostly covered,2. Mostly covered,2. Mostly covered,1. Fully covered
CP000180,Idleb,Harim,Qah,Qah,"36.267011,36.770271",IS,364,412,307,299,1382,1,1,1,1,0,1,1. Fully covered,1. Fully covered,1. Fully covered,1. Fully covered,4. Not covered - N/A,1. Fully covered
CP000179,Idleb,Harim,Qah,Madenh Monarh (Hmamiat),"36.237785,36.624141",IS,212,207,123,109,651,1,1,1,1,0,0,1. Fully covered,1. Fully covered,1. Fully covered,1. Fully covered,4. Not covered - N/A,4. Not covered - N/A
CP000178,Idleb,Harim,Qah,Al Intisar,"36.367695,36.707598",IS,186,183,150,154,673,1,1,1,1,0,0,1. Fully covered,1. Fully covered,1. Fully covered,1. Fully covered,4. Not covered - N/A,4. Not covered - N/A
CP000177,Idleb,Harim,Qah,Hibat Allah,"36.327867,36.784127",IS,194,203,169,165,731,1,1,1,1,0,0,1. Fully covered,1. Fully covered,1. Fully covered,1. Fully covered,4. Not covered - N/A,4. Not covered - N/A
CP000176,Idleb,Harim,Qah,Ataa 2 (Hamad Al Ammar 1/Dar Al Riaya - Orphans),"36.197274,36.766116",PC,199,140,223,37,599,1,0.8,0.8,0.8,0.9,1,1. Fully covered,2. Mostly covered,2. Mostly covered,2. Mostly covered,2. Mostly covered,1. Fully covered
CP000175,Idleb,Harim,Qah,Bani Omiyet,"36.2791722,36.690455",IS,93,106,91,94,384,0,1,1,1,0,1,4. Not covered - N/A,1. Fully covered,1. Fully covered,1. Fully covered,4. Not covered - N/A,1. Fully covered
CP000174,Idleb,Harim,Qah,Bab Al Hawa,"36.313495,36.773265",IS,140,137,128,118,523,1,1,1,1,1,1,1. Fully covered,1. Fully covered,1. Fully covered,1. Fully covered,1. Fully covered,1. Fully covered
CP000173,Idleb,Harim,Qah,Al Waleed,"36.22949,36.703188",IS,212,222,136,115,685,1,1,1,1,1,0,1. Fully covered,1. Fully covered,1. Fully covered,1. Fully covered,1. Fully covered,4. Not covered - N/A
CP000172,Idleb,Harim,Qah,Al Tawheed,"36.322642,36.747819",IS,109,104,104,90,407,1,1,1,1,0,1,1. Fully covered,1. Fully covered,1. Fully covered,1. Fully covered,4. Not covered - N/A,1. Fully covered
CP000171,Idleb,Harim,Qah,Al Rahmah,"36.386302,36.791668",IS,233,216,148,139,736,1,1,1,1,1,0,1. Fully covered,1. Fully covered,1. Fully covered,1. Fully covered,1. Fully covered,4. Not covered - N/A
CP000170,Idleb,Harim,Qah,Al Muhajreen,"36.286313,36.768762",IS,183,190,160,159,692,1,1,1,1,0,0,1. Fully covered,1. Fully covered,1. Fully covered,1. Fully covered,4. Not covered - N/A,4. Not covered - N/A
CP000169,Idleb,Harim,Qah,Al Motasem,"36.242911,36.731429",IS,113,107,82,81,383,1,1,1,1,0,0,1. Fully covered,1. Fully covered,1. Fully covered,1. Fully covered,4. Not covered - N/A,4. Not covered - N/A
CP000168,Idleb,Harim,Qah,Al Magad,"36.2782922,36.8089944",IS,101,104,112,108,425,1,1,1,1,1,1,1. Fully covered,1. Fully covered,1. Fully covered,1. Fully covered,1. Fully covered,1. Fully covered
CP000167,Idleb,Harim,Qah,Al Imam,"36.217813,36.631574",IS,299,287,265,254,1105,0.5,1,1,1,0,0,3. Partially covered,1. Fully covered,1. Fully covered,1. Fully covered,4. Not covered - N/A,4. Not covered - N/A
CP000166,Idleb,Harim,Qah,Al Bayan,"36.264627,36.69341",IS,0,0,0,0,678,0,1,1,1,1,1,4. Not covered - N/A,1. Fully covered,1. Fully covered,1. Fully covered,1. Fully covered,1. Fully covered
CP000165,Idleb,Harim,Qah,Al Arbaeen,"36.299724,36.6819289",IS,112,112,105,105,434,1,1,1,1,0,0,1. Fully covered,1. Fully covered,1. Fully covered,1. Fully covered,4. Not covered - N/A,4. Not covered - N/A
CP000164,Idleb,Harim,Qah,Abu Bakker Al Sidiq,"36.2803494,36.685935",IS,244,239,138,108,729,1,1,1,1,0,0,1. Fully covered,1. Fully covered,1. Fully covered,1. Fully covered,4. Not covered - N/A,4. Not covered - N/A
CP000162,Idleb,Harim,Liyajlikum,Toyor Al Janna (Heaven Bird's),"36.196777,36.693369",IS,228,236,209,226,899,1,1,1,1,1,1,1. Fully covered,1. Fully covered,1. Fully covered,1. Fully covered,1. Fully covered,1. Fully covered
CP000161,Idleb,Harim,Liyajlikum,Qassioun,"36.382726,36.651653",IS,104,133,136,122,495,1,1,1,1,1,1,1. Fully covered,1. Fully covered,1. Fully covered,1. Fully covered,1. Fully covered,1. Fully covered
CP000160,Idleb,Harim,Liyajlikum,Liyajlikum,"36.380034,36.653211",IS,359,330,242,237,1168,1,1,1,1,1,1,1. Fully covered,1. Fully covered,1. Fully covered,1. Fully covered,1. Fully covered,1. Fully covered
CP000159,Idleb,Harim,Liyajlikum,Lan Narka`llla Lilah,"36.235546,36.799588",IS,438,432,429,419,1718,1,1,1,1,1,1,1. Fully covered,1. Fully covered,1. Fully covered,1. Fully covered,1. Fully covered,1. Fully covered
CP000158,Idleb,Harim,Liyajlikum,Korayish (Al Khair),"36.316503,36.787313",IS,244,224,143,123,734,1,1,1,1,1,1,1. Fully covered,1. Fully covered,1. Fully covered,1. Fully covered,1. Fully covered,1. Fully covered
CP000157,Idleb,Harim,Liyajlikum,Fardoose,"36.219043,36.640134",IS,289,290,203,212,994,1,1,1,1,1,1,1. Fully covered,1. Fully covered,1. Fully covered,1. Fully covered,1. Fully covered,1. Fully covered
CP000156,Idleb,Harim,Liyajlikum,Children of Freedom Martyrs,"36.277575,36.7102242",IS,138,131,136,145,550,1,1,1,1,1,1,1. Fully covered,1. Fully covered,1. Fully covered,1. Fully covered,1. Fully covered,1. Fully covered
CP000155,Idleb,Harim,Liyajlikum,Al Nawaeer,"36.210279,36.615782",IS,404,515,300,312,1531,1,1,1,1,1,1,1. Fully covered,1. Fully covered,1. Fully covered,1. Fully covered,1. Fully covered,1. Fully covered
CP000154,Idleb,Harim,Liyajlikum,Al Aasy,"36.20176,36.740249",IS,207,222,213,220,862,1,1,1,1,1,1,1. Fully covered,1. Fully covered,1. Fully covered,1. Fully covered,1. Fully covered,1. Fully covered
CP000153,Idleb,Harim,Karama,Zahret Al Madaen,"36.273877,36.736483",IS,248,222,141,134,745,1,1,1,1,1,1,1. Fully covered,1. Fully covered,1. Fully covered,1. Fully covered,1. Fully covered,1. Fully covered
CP000152,Idleb,Harim,Karama,Yasmeen Al Sham,"36.2767,36.692648",IS,433,416,264,256,1369,1,1,1,1,1,1,1. Fully covered,1. Fully covered,1. Fully covered,1. Fully covered,1. Fully covered,1. Fully covered
CP000151,Idleb,Harim,Karama,Watasimu (including Tadamun and Sahl Al Ghab),"36.230016,36.719579",IS,296,260,273,262,1091,1,1,1,1,1,1,1. Fully covered,1. Fully covered,1. Fully covered,1. Fully covered,1. Fully covered,1. Fully covered
CP000150,Idleb,Harim,Karama,Tajammu,"36.229638,36.646429",IS,41,40,32,31,144,1,1,1,1,0,0,1. Fully covered,1. Fully covered,1. Fully covered,1. Fully covered,4. Not covered - N/A,4. Not covered - N/A
CP000149,Idleb,Harim,Karama,Taibah,"36.223182,36.684667",IS,0,0,0,0,957,1,1,1,1,1,1,1. Fully covered,1. Fully covered,1. Fully covered,1. Fully covered,1. Fully covered,1. Fully covered
CP000148,Idleb,Harim,Karama,Tabarak Al Rahman,"36.199589,36.674638",IS,349,312,355,328,1344,1,1,1,1,0,1,1. Fully covered,1. Fully covered,1. Fully covered,1. Fully covered,4. Not covered - N/A,1. Fully covered
CP000146,Idleb,Harim,Karama,Sons of Homs (Abna Homs),"36.213407,36.588103",IS,184,213,152,173,722,1,1,1,1,1,0,1. Fully covered,1. Fully covered,1. Fully covered,1. Fully covered,1. Fully covered,4. Not covered - N/A
CP000145,Idleb,Harim,Karama,Shams Al Hurriya,"36.383734,36.756267",IS,345,293,343,357,1338,1,1,1,1,1,1,1. Fully covered,1. Fully covered,1. Fully covered,1. Fully covered,1. Fully covered,1. Fully covered
CP000144,Idleb,Harim,Karama,Shaheid Saleh,"36.197918,36.657363",IS,258,233,157,154,802,1,1,1,1,1,1,1. Fully covered,1. Fully covered,1. Fully covered,1. Fully covered,1. Fully covered,1. Fully covered
CP000143,Idleb,Harim,Karama,Sedik (Extension of Al Aqsa),"36.304402,36.703858",IS,75,75,65,60,275,1,1,1,1,1,1,1. Fully covered,1. Fully covered,1. Fully covered,1. Fully covered,1. Fully covered,1. Fully covered
CP000142,Idleb,Harim,Karama,Salah Eldin (including Al Islah),"36.301913,36.689354",IS,319,333,266,241,1159,1,1,1,1,1,1,1. Fully covered,1. Fully covered,1. Fully covered,1. Fully covered,1. Fully covered,1. Fully covered
CP000141,Idleb,Harim,Qah,Sahl Al Ghab Alawal,"36.230779,36.689679",IS,155,129,131,119,534,1,1,1,1,0,0,1. Fully covered,1. Fully covered,1. Fully covered,1. Fully covered,4. Not covered - N/A,4. Not covered - N/A
CP000140,Idleb,Harim,Karama,Rawdah,"36.213794,36.660519",IS,179,158,117,111,565,1,1,1,1,1,1,1. Fully covered,1. Fully covered,1. Fully covered,1. Fully covered,1. Fully covered,1. Fully covered
CP000139,Idleb,Harim,Karama,Rajaa,"36.37274,36.794568",IS,216,228,174,153,771,1,1,1,1,1,1,1. Fully covered,1. Fully covered,1. Fully covered,1. Fully covered,1. Fully covered,1. Fully covered
CP000138,Idleb,Harim,Karama,Qadisiya,"36.265325,36.702794",IS,163,208,197,192,760,1,1,1,1,1,0,1. Fully covered,1. Fully covered,1. Fully covered,1. Fully covered,1. Fully covered,4. Not covered - N/A
CP000137,Idleb,Harim,Karama,Nour Al Sham,"36.265314,36.751949",IS,171,163,129,116,579,1,1,1,1,0,1,1. Fully covered,1. Fully covered,1. Fully covered,1. Fully covered,4. Not covered - N/A,1. Fully covered
CP000136,Idleb,Harim,Karama,Nour Al Mustakbal,"36.210026,36.779492",IS,211,209,185,176,781,1,1,1,1,0,0,1. Fully covered,1. Fully covered,1. Fully covered,1. Fully covered,4. Not covered - N/A,4. Not covered - N/A
CP000135,Idleb,Harim,Karama,Nour Al Mustafa,"36.383455,36.78378",IS,301,281,224,214,1020,1,1,1,1,1,0,1. Fully covered,1. Fully covered,1. Fully covered,1. Fully covered,1. Fully covered,4. Not covered - N/A
CP000134,Idleb,Harim,Karama,Kura Mankouba,"36.345017,36.711006",IS,166,158,157,153,634,1,1,1,1,0,0,1. Fully covered,1. Fully covered,1. Fully covered,1. Fully covered,4. Not covered - N/A,4. Not covered - N/A
CP000133,Idleb,Harim,Karama,Harameen,"36.233028,36.63238",IS,219,181,177,170,747,1,1,1,1,0,0,1. Fully covered,1. Fully covered,1. Fully covered,1. Fully covered,4. Not covered - N/A,4. Not covered - N/A
CP000132,Idleb,Harim,Karama,Reef Hama Mankouba,"36.220651,36.671864",IS,215,211,160,157,743,1,1,1,1,1,1,1. Fully covered,1. Fully covered,1. Fully covered,1. Fully covered,1. Fully covered,1. Fully covered
CP000131,Idleb,Harim,Karama,Doaat Al Kwait (Al Khayrat),"36.375252,36.646466",IS,189,168,175,184,716,1,1,1,1,1,0,1. Fully covered,1. Fully covered,1. Fully covered,1. Fully covered,1. Fully covered,4. Not covered - N/A
CP000130,Idleb,Harim,Karama,"Al Resalah (extension of Doaa, Doaa & Saleh)","36.330121,36.766569",IS,127,125,120,109,481,1,1,1,1,1,1,1. Fully covered,1. Fully covered,1. Fully covered,1. Fully covered,1. Fully covered,1. Fully covered
CP000129,Idleb,Harim,Karama,Doaa,"36.322593,36.68014",IS,279,270,259,248,1056,1,1,1,1,1,1,1. Fully covered,1. Fully covered,1. Fully covered,1. Fully covered,1. Fully covered,1. Fully covered
CP000127,Idleb,Harim,Karama,Atfal Alghad,"36.375485,36.652229",IS,162,169,134,124,589,1,1,1,1,1,1,1. Fully covered,1. Fully covered,1. Fully covered,1. Fully covered,1. Fully covered,1. Fully covered
CP000126,Idleb,Harim,Qah,Ataa 3 (Al Ansar),"36.199102,36.631617",PC,126,122,216,186,650,1,0.8,0.8,0.8,0.9,1,1. Fully covered,2. Mostly covered,2. Mostly covered,2. Mostly covered,2. Mostly covered,1. Fully covered
CP000125,Idleb,Harim,Karama,Al Shuhada,"36.317343,36.659472",IS,145,168,159,63,535,1,1,1,1,1,1,1. Fully covered,1. Fully covered,1. Fully covered,1. Fully covered,1. Fully covered,1. Fully covered
CP000124,Idleb,Harim,Karama,Al Safa wa Al Marwa,"36.22232,36.636024",IS,241,185,191,193,810,1,1,1,1,1,1,1. Fully covered,1. Fully covered,1. Fully covered,1. Fully covered,1. Fully covered,1. Fully covered
CP000122,Idleb,Harim,Karama,Al Mustakbal,"36.297669,36.711999",IS,254,268,179,172,873,1,1,1,1,0,0,1. Fully covered,1. Fully covered,1. Fully covered,1. Fully covered,4. Not covered - N/A,4. Not covered - N/A
CP000121,Idleb,Harim,Karama,Al Manara,"36.264585,36.6958721",IS,235,194,177,175,781,1,1,1,1,1,1,1. Fully covered,1. Fully covered,1. Fully covered,1. Fully covered,1. Fully covered,1. Fully covered
CP000120,Idleb,Harim,Karama,Al Mahabbah,"36.375375,36.772364",IS,217,209,174,167,767,1,1,1,1,1,1,1. Fully covered,1. Fully covered,1. Fully covered,1. Fully covered,1. Fully covered,1. Fully covered
CP000118,Idleb,Harim,Karama,Al Karama,"36.381182,36.673619",IS,756,740,545,525,2566,1,1,1,1,1,1,1. Fully covered,1. Fully covered,1. Fully covered,1. Fully covered,1. Fully covered,1. Fully covered
CP000117,Idleb,Harim,Karama,Al Ikhlas,"36.226507,36.639933",IS,210,197,165,169,741,1,1,1,1,1,1,1. Fully covered,1. Fully covered,1. Fully covered,1. Fully covered,1. Fully covered,1. Fully covered
CP000116,Idleb,Harim,Karama,Al Ikhaa,"36.296511,36.688563",IS,406,413,384,381,1584,1,1,1,1,1,1,1. Fully covered,1. Fully covered,1. Fully covered,1. Fully covered,1. Fully covered,1. Fully covered
CP000115,Idleb,Harim,Karama,Al Hijaz,"36.319834,36.69374",IS,142,145,123,126,536,1,1,1,1,1,1,1. Fully covered,1. Fully covered,1. Fully covered,1. Fully covered,1. Fully covered,1. Fully covered
CP000114,Idleb,Harim,Karama,Al Haq,"36.195281,36.725395",IS,131,135,137,115,518,1,1,1,1,1,1,1. Fully covered,1. Fully covered,1. Fully covered,1. Fully covered,1. Fully covered,1. Fully covered
CP000113,Idleb,Jisr-Ash-Shugur,Kherbet Eljoz,Salah Alden (Kherbet Eljoz),"35.948245,36.215875",IS,881,702,708,611,2902,1,1,1,1,0,0,1. Fully covered,1. Fully covered,1. Fully covered,1. Fully covered,4. Not covered - N/A,4. Not covered - N/A
CP000112,Idleb,Harim,Karama,Al Farouk,"36.237194,36.753152",IS,193,189,185,169,736,1,1,1,1,1,1,1. Fully covered,1. Fully covered,1. Fully covered,1. Fully covered,1. Fully covered,1. Fully covered
CP000111,Idleb,Harim,Karama,Al Faraj,"36.279604,36.700114",IS,237,230,231,216,914,1,1,1,1,1,1,1. Fully covered,1. Fully covered,1. Fully covered,1. Fully covered,1. Fully covered,1. Fully covered
CP000110,Idleb,Harim,Karama,Al Fadal,"36.292917,36.728794",IS,182,158,142,124,606,1,1,1,1,1,1,1. Fully covered,1. Fully covered,1. Fully covered,1. Fully covered,1. Fully covered,1. Fully covered
CP000109,Idleb,Harim,Karama,Al Ataa,"36.353285,36.622473",IS,221,204,175,157,757,1,1,1,1,1,1,1. Fully covered,1. Fully covered,1. Fully covered,1. Fully covered,1. Fully covered,1. Fully covered
CP000108,Idleb,Harim,Karama,Al Asil,"36.314861,36.658513",IS,273,256,162,153,844,1,1,1,1,1,0,1. Fully covered,1. Fully covered,1. Fully covered,1. Fully covered,1. Fully covered,4. Not covered - N/A
CP000107,Idleb,Harim,Karama,Al Aqsa,"36.363769,36.788911",IS,208,186,186,160,740,1,1,1,1,1,1,1. Fully covered,1. Fully covered,1. Fully covered,1. Fully covered,1. Fully covered,1. Fully covered
CP000106,Idleb,Harim,Karama,Al Ahrar,"36.228648,36.640012",IS,326,305,286,254,1171,1,1,1,1,0,0,1. Fully covered,1. Fully covered,1. Fully covered,1. Fully covered,4. Not covered - N/A,4. Not covered - N/A
CP000104,Idleb,Harim,Karama,Ahel Halep,"36.346836,36.703266",IS,187,152,141,126,606,1,1,1,1,1,1,1. Fully covered,1. Fully covered,1. Fully covered,1. Fully covered,1. Fully covered,1. Fully covered
CP000103,Idleb,Harim,Karama,Ahel Al Sham,"36.300047,36.726047",IS,233,221,151,145,750,1,1,1,1,1,0,1. Fully covered,1. Fully covered,1. Fully covered,1. Fully covered,1. Fully covered,4. Not covered - N/A
CP000096,Idleb,Harim,Big Hir Jamus,Kefreneh school,"36.189337794,36.4203165960001",IS,15,13,7,6,41,1,1,1,1,1,1,1. Fully covered,1. Fully covered,1. Fully covered,1. Fully covered,1. Fully covered,1. Fully covered
CP000075,Idleb,Harim,Big Hir Jamus,Samidoon,"36.09928,36.39674",PC,1004,911,562,466,2943,0.75,1,1,1,0.72,0,2. Mostly covered,1. Fully covered,1. Fully covered,1. Fully covered,2. Mostly covered,4. Not covered - N/A
CP000074,Idleb,Harim,Big Hir Jamus,Kadimoon,"36.09454,36.37938",PC,442,685,749,380,2256,0.87,1,1,1,0.64,0,2. Mostly covered,1. Fully covered,1. Fully covered,1. Fully covered,2. Mostly covered,4. Not covered - N/A
CP000073,Idleb,Harim,Big Hir Jamus,Ayidoun,"36.114054,36.382756",PC,1102,918,562,466,3048,0.79,0.94,0.98,1,0.6,0,2. Mostly covered,2. Mostly covered,2. Mostly covered,1. Fully covered,2. Mostly covered,4. Not covered - N/A
CP000072,Idleb,Harim,Bab Al Hawa,Termanin,"36.2814669150001,36.7576635140001",IS,22,40,22,20,104,1,1,1,1,0,0,1. Fully covered,1. Fully covered,1. Fully covered,1. Fully covered,4. Not covered - N/A,4. Not covered - N/A
CP000071,Idleb,Harim,Bab Al Hawa,Taiba City,"36.214942,36.594669",IS,589,656,274,233,1752,0,1,1,1,0,0,4. Not covered - N/A,1. Fully covered,1. Fully covered,1. Fully covered,4. Not covered - N/A,4. Not covered - N/A
CP000070,Idleb,Harim,Bab Al Hawa,Shahba'2,"36.21557,36.65747",IS,102,111,100,90,403,0,1,1,1,1,0,4. Not covered - N/A,1. Fully covered,1. Fully covered,1. Fully covered,1. Fully covered,4. Not covered - N/A
CP000067,Idleb,Harim,Bab Al Hawa,Shahba'1 (Bab Al Hawa Lower/1),"36.205383,36.79514",IS,241,217,146,111,715,1,1,1,1,1,0,1. Fully covered,1. Fully covered,1. Fully covered,1. Fully covered,1. Fully covered,4. Not covered - N/A
CP000066,Idleb,Harim,Bab Al Hawa,Aycha,"36.267583,36.692415",IS,298,287,255,223,1063,0,0,0,0,1,0,4. Not covered - N/A,4. Not covered - N/A,4. Not covered - N/A,4. Not covered - N/A,1. Fully covered,4. Not covered - N/A
CP000065,Idleb,Harim,Sarmada,Ariha,"36.15315,36.6902",IS,84,89,75,74,322,1,1,1,1,0,0,1. Fully covered,1. Fully covered,1. Fully covered,1. Fully covered,4. Not covered - N/A,4. Not covered - N/A
CP000064,Idleb,Harim,Bab Al Hawa,Al Ummahat,"36.158152,36.554392",IS,93,89,79,69,330,1,0,1,1,1,0,1. Fully covered,4. Not covered - N/A,1. Fully covered,1. Fully covered,1. Fully covered,4. Not covered - N/A
CP000063,Idleb,Harim,Sarmada,Al Ummah,"36.247425,36.702068",IS,184,177,156,163,630,0.5,1,1,1,0,0,3. Partially covered,1. Fully covered,1. Fully covered,1. Fully covered,4. Not covered - N/A,4. Not covered - N/A
CP000062,Idleb,Harim,Sarmada,Al Sadaka,"36.131799,36.614381",IS,217,209,194,185,805,0.5,1,1,1,0,0,3. Partially covered,1. Fully covered,1. Fully covered,1. Fully covered,4. Not covered - N/A,4. Not covered - N/A
CP000060,Idleb,Harim,Bab Al Hawa,Al Nahdha,"36.106156,36.387444",IS,98,136,137,122,493,0,1,1,1,1,0,4. Not covered - N/A,1. Fully covered,1. Fully covered,1. Fully covered,1. Fully covered,4. Not covered - N/A
CP000059,Idleb,Harim,Atmeh,Atmeh,"36.389744,36.686102",IS,17554,19919,16165,14006,67644,0.9,1,1,1,1,0.6,2. Mostly covered,1. Fully covered,1. Fully covered,1. Fully covered,1. Fully covered,2. Mostly covered
CP000045,Idleb,Harim,Al Dana,Al Dana,"36.22069,36.705731",IS,0,0,0,0,149,0.1,1,1,1,0.1,0,3. Partially covered,1. Fully covered,1. Fully covered,1. Fully covered,3. Partially covered,4. Not covered - N/A
CP000044,Idleb,Harim,Aqrabat,Aqrabat (Ahl Al-Athar),"36.221512,36.629882",IS,0,0,0,0,934,0,0,0,0,1,1,4. Not covered - N/A,4. Not covered - N/A,4. Not covered - N/A,4. Not covered - N/A,1. Fully covered,1. Fully covered
CP000017,Aleppo,Jarablus,Jarablus,Jarablus 4 (Jbel),"36.837979,38.046915",IS,1675,1400,1260,925,5260,0,0,1,0,0,0,4. Not covered - N/A,4. Not covered - N/A,1. Fully covered,4. Not covered - N/A,4. Not covered - N/A,4. Not covered - N/A
CP000016,Aleppo,Jarablus,Jarablus,Jarablus (Youth Centre),"36.85050328,38.04155",IS,128,100,95,82,405,0,0,0,0,0,0,4. Not covered - N/A,4. Not covered - N/A,4. Not covered - N/A,4. Not covered - N/A,4. Not covered - N/A,4. Not covered - N/A
CP000015,Aleppo,Jarablus,Jarablus,Jarablus (Stadium),"36.737979,37.975051",IS,450,300,375,300,1425,0,0,1,0,0,0,4. Not covered - N/A,4. Not covered - N/A,1. Fully covered,4. Not covered - N/A,4. Not covered - N/A,4. Not covered - N/A
CP000014,Aleppo,Jarablus,Jarablus,Jarablus (Agricultural bank),"36.7909887,37.919483",IS,450,300,375,300,1425,0,0,0,0,0,0,4. Not covered - N/A,4. Not covered - N/A,4. Not covered - N/A,4. Not covered - N/A,4. Not covered - N/A,4. Not covered - N/A
CP000011,Aleppo,Jarablus,Jarablus,Camp 5,"36.82082311,37.9865972",IS,1050,910,1080,825,3865,0,0,1,0,0,0,4. Not covered - N/A,4. Not covered - N/A,1. Fully covered,4. Not covered - N/A,4. Not covered - N/A,4. Not covered - N/A
CP000009,Aleppo,A'zaz,Azaz,"Shamarin (Dhahiat Al-Shuhada, Qatari)","36.644082,37.05867",IS,1530,1477,1257,1203,5467,0.8,1,1,1,1,0,2. Mostly covered,1. Fully covered,1. Fully covered,1. Fully covered,1. Fully covered,4. Not covered - N/A
CP000008,Aleppo,A'zaz,Azaz,Sujjo,"36.644667,37.138829",IS,3293,3176,2705,2588,11762,0,1,1,1,1,1,4. Not covered - N/A,1. Fully covered,1. Fully covered,1. Fully covered,1. Fully covered,1. Fully covered
CP000007,Aleppo,A'zaz,Azaz,Al Harameen (and extensions),"36.551269,37.200675",TC,0,0,0,0,6700,1,1,1,1,0,0,1. Fully covered,1. Fully covered,1. Fully covered,1. Fully covered,4. Not covered - N/A,4. Not covered - N/A
CP000005,Aleppo,A'zaz,Azaz,Bab Al Salame ,"36.656307,37.105711",IS,2273,2275,1888,1679,8115,0,1,1,1,1,1,4. Not covered - N/A,1. Fully covered,1. Fully covered,1. Fully covered,1. Fully covered,1. Fully covered
CP000004,Aleppo,A'zaz,Azaz,Bab Al Noor,"36.598828,37.220317",IS,2780,2650,1640,1560,8630,1,1,1,1,0,1,1. Fully covered,1. Fully covered,1. Fully covered,1. Fully covered,4. Not covered - N/A,1. Fully covered
CP000003,Aleppo,A'zaz,Azaz,Bab Al Iman,"36.611619,37.069128",IS,2730,2580,1570,1490,8370,1,1,1,1,0,0.88,1. Fully covered,1. Fully covered,1. Fully covered,1. Fully covered,4. Not covered - N/A,2. Mostly covered
CP000002,Aleppo,Afrin,Afrin,Roubar,"36.4116661,37.0203094",IS,534,512,404,325,1755,0.9,0.6,0.1,0.7,0,0.3,2. Mostly covered,2. Mostly covered,3. Partially covered,2. Mostly covered,4. Not covered - N/A,3. Partially covered
CP000421,Idleb,Harim,Qah,Al Rayan,"36.2871806,36.7128917",IS,0,0,0,0,225,1,1,1,1,1,0,1. Fully covered,1. Fully covered,1. Fully covered,1. Fully covered,1. Fully covered,4. Not covered - N/A
CP000389,Idleb,Harim,Salam,Al Madiq 2,"36.308975367,36.769929742",IS,79,83,59,58,279,0,0,0,0,0,0,4. Not covered - N/A,4. Not covered - N/A,4. Not covered - N/A,4. Not covered - N/A,4. Not covered - N/A,4. Not covered - N/A
