governorate,district,Sub District,Community,cluster,camp_name,geo,environment,girls,boys,women,men,individual,Shelter,Water,Sanitation,Waste Removal,NFI,Food,shelter_cat,water_cat,sanitation_cat,waste_cat,NFI_cat,Food_cat,class
Aleppo,Afrin,Afrin,Baselhaya,Afrin,Roubar Camp,"36.466665,36.962236",IS,925,788,727,543,2983,0.89,1,1,1,,,2. Mostly covered,1. Fully covered,1. Fully covered,1. Fully covered,4. Not covered - N/A,4. Not covered - N/A,
Aleppo,A'zaz,A'zaz,Shamarin,Azaz,Al Harameen (and extensions),"36.6392078,37.1506499",TC,791,714,562,483,2550,1,1,0.5,0.5,,0.15,1. Fully covered,1. Fully covered,3. Partially covered,3. Partially covered,4. Not covered - N/A,3. Partially covered,
Aleppo,A'zaz,A'zaz,Shamarin,Azaz,Al Rayan,"36.6615824,37.126712",IS,,,,,9456,,1,1,1,,1,4. Not covered - N/A,1. Fully covered,1. Fully covered,1. Fully covered,4. Not covered - N/A,1. Fully covered,
Aleppo,A'zaz,A'zaz,Shamarin,Azaz,Al Resalah (Al Armuda),"36.6656235,37.1073366",IS,2664,2692,2741,2336,10433,0.7,1,1,1,0.5,1,2. Mostly covered,1. Fully covered,1. Fully covered,1. Fully covered,3. Partially covered,1. Fully covered,
Aleppo,A'zaz,A'zaz,Shamarin,Azaz,Bab Al Iman,"36.6527081,37.1417501",IS,2958,2696,1740,1306,8700,,1,1,1,0.58,1,4. Not covered - N/A,1. Fully covered,1. Fully covered,1. Fully covered,2. Mostly covered,1. Fully covered,
Aleppo,A'zaz,A'zaz,Shamarin,Azaz,Bab Al Noor,"36.6476801,37.126042",IS,,,,,7800,0.41,1,1,1,1,1,3. Partially covered,1. Fully covered,1. Fully covered,1. Fully covered,1. Fully covered,1. Fully covered,
Aleppo,A'zaz,A'zaz,Shamarin,Azaz,Shamarin (Dhahiat Al-Shuhada  Qatari),"36.6590527,37.148274",IS,1570,2077,954,1010,5611,0.8,1,1,1,0.8,1,2. Mostly covered,1. Fully covered,1. Fully covered,1. Fully covered,2. Mostly covered,1. Fully covered,
Aleppo,A'zaz,A'zaz,Shmarekh,Azaz,Azaz Transit/Reception Centre,"36.6360824,37.1220229",TC,3668,3282,2507,2254,11711,1,1,1,1,1,1,1. Fully covered,1. Fully covered,1. Fully covered,1. Fully covered,1. Fully covered,1. Fully covered,
Aleppo,A'zaz,A'zaz,Salama,Azaz,Bab Al Salame ,"36.6285492,37.0838495",IS,2958,2697,1741,1304,8700,,1,1,1,0.5,1,4. Not covered - N/A,1. Fully covered,1. Fully covered,1. Fully covered,3. Partially covered,1. Fully covered,
Aleppo,A'zaz,A'zaz,Salama,Azaz,Sujjo,"36.6323692,37.0944352",IS,2448,2630,1438,1236,7752,,1,1,1,,1,4. Not covered - N/A,1. Fully covered,1. Fully covered,1. Fully covered,4. Not covered - N/A,1. Fully covered,
Aleppo,A'zaz,A'zaz,Salama,Azaz,Yazibag,"36.6172265,37.067492",IS,,,,,24210,,1,,0.25,,,4. Not covered - N/A,1. Fully covered,4. Not covered - N/A,3. Partially covered,4. Not covered - N/A,4. Not covered - N/A,
Aleppo,A'zaz,A'zaz,Tatiyeh,Azaz,Al Zeytoun (Olive),"36.6268846,37.1074676",IS,,,,,3315,1,1,1,1,,,1. Fully covered,1. Fully covered,1. Fully covered,1. Fully covered,4. Not covered - N/A,4. Not covered - N/A,
Aleppo,A'zaz,A'zaz,Talil Elsham,Azaz,Talil Elsham school,"36.6563284,37.0966167",IS,846,841,661,571,2919,,1,1,1,,1,4. Not covered - N/A,1. Fully covered,1. Fully covered,1. Fully covered,4. Not covered - N/A,1. Fully covered,
Aleppo,A'zaz,A'zaz,Talil Elsham,Azaz,Talil Elsham Southern,"36.645781,37.1129147",IS,,,,,2721,,1,1,1,,,4. Not covered - N/A,1. Fully covered,1. Fully covered,1. Fully covered,4. Not covered - N/A,4. Not covered - N/A,
Aleppo,A'zaz,Tall Refaat,Deir Jmal,Azaz,Al Shahba,"36.4689534,37.0244841",IS,408,292,300,240,1240,0.7,1,0.3,,,,2. Mostly covered,1. Fully covered,3. Partially covered,4. Not covered - N/A,4. Not covered - N/A,4. Not covered - N/A,
Aleppo,Jebel Saman,Atareb,Abin Samaan,Atareb,Ra'a,"36.114336,36.7352022",IS,287,276,229,189,981,1,1,1,1,,0.9,1. Fully covered,1. Fully covered,1. Fully covered,1. Fully covered,4. Not covered - N/A,2. Mostly covered,
Aleppo,Jarablus,Jarablus,Jarablus,Jarablus,Al Sijjad Factory,"36.8246896,38.0120003",CC,,,,,229,,,,,,,4. Not covered - N/A,4. Not covered - N/A,4. Not covered - N/A,4. Not covered - N/A,4. Not covered - N/A,4. Not covered - N/A,
Aleppo,Jarablus,Jarablus,Jarablus,Jarablus,Camp 5,"36.8095834,38.0044698",IS,129,127,74,70,400,,,,,,,4. Not covered - N/A,4. Not covered - N/A,4. Not covered - N/A,4. Not covered - N/A,4. Not covered - N/A,4. Not covered - N/A,
Aleppo,Jarablus,Jarablus,Jarablus,Jarablus,Farmers' League,"36.8207913,38.0157955",CC,,,,,93,,,,,,,4. Not covered - N/A,4. Not covered - N/A,4. Not covered - N/A,4. Not covered - N/A,4. Not covered - N/A,4. Not covered - N/A,
Aleppo,Jarablus,Jarablus,Jarablus,Jarablus,Jarablus (Agricultural bank),"36.8321327,38.0113161",IS,,,,,451,,,,,,,4. Not covered - N/A,4. Not covered - N/A,4. Not covered - N/A,4. Not covered - N/A,4. Not covered - N/A,4. Not covered - N/A,
Aleppo,Jarablus,Jarablus,Jarablus,Jarablus,Jarablus (Stadium),"36.8232878,38.0154526",IS,,,,,1325,,,,,,,4. Not covered - N/A,4. Not covered - N/A,4. Not covered - N/A,4. Not covered - N/A,4. Not covered - N/A,4. Not covered - N/A,
Aleppo,Jarablus,Jarablus,Jarablus,Jarablus,Jarablus (Youth Centre),"36.8303685,38.0162263",IS,,,,,405,,,,,,,4. Not covered - N/A,4. Not covered - N/A,4. Not covered - N/A,4. Not covered - N/A,4. Not covered - N/A,4. Not covered - N/A,
Aleppo,Jarablus,Jarablus,Jarablus,Jarablus,Jarablus 4 (Jbel),"36.8022833,37.9978922",IS,151,153,120,115,539,,,,,,,4. Not covered - N/A,4. Not covered - N/A,4. Not covered - N/A,4. Not covered - N/A,4. Not covered - N/A,4. Not covered - N/A,
Aleppo,Menbij,Menbij,Menbij,Menbij,Camp 2,"36.5079295,37.9238359",CC,,,,,650,,,,,,,4. Not covered - N/A,4. Not covered - N/A,4. Not covered - N/A,4. Not covered - N/A,4. Not covered - N/A,4. Not covered - N/A,
Aleppo,Menbij,Menbij,Menbij,Menbij,Haj Abdeen,"36.5192169,37.9595331",CC,,,,,294,,,,,,,4. Not covered - N/A,4. Not covered - N/A,4. Not covered - N/A,4. Not covered - N/A,4. Not covered - N/A,4. Not covered - N/A,
Aleppo,Menbij,Menbij,Menbij,Menbij,Qabassen1 ,"36.5296714,37.9420423",CC,,,,,186,,,,,,,4. Not covered - N/A,4. Not covered - N/A,4. Not covered - N/A,4. Not covered - N/A,4. Not covered - N/A,4. Not covered - N/A,
Aleppo,Menbij,Menbij,Menbij,Menbij,Qabassen2 ,"36.5333419,37.9504716",CC,,,,,66,,,,,,,4. Not covered - N/A,4. Not covered - N/A,4. Not covered - N/A,4. Not covered - N/A,4. Not covered - N/A,4. Not covered - N/A,
Aleppo,Menbij,Menbij,Menbij,Menbij,Tishreen Dam,"36.5323801,37.9541772",CC,,,,,144,,,,,,,4. Not covered - N/A,4. Not covered - N/A,4. Not covered - N/A,4. Not covered - N/A,4. Not covered - N/A,4. Not covered - N/A,
Aleppo,A'zaz,Tall Refaat,Masqan,Miskan,81 Tents,"36.3968391,37.103745",CC,,,,,486,1,,,,,,1. Fully covered,4. Not covered - N/A,4. Not covered - N/A,4. Not covered - N/A,4. Not covered - N/A,4. Not covered - N/A,
Aleppo,Menbij,Menbij,Menbij,Random,Al Hamdawen( alotostrad),"36.5186603,37.9463619",CC,,,,,240,,,,,,,4. Not covered - N/A,4. Not covered - N/A,4. Not covered - N/A,4. Not covered - N/A,4. Not covered - N/A,4. Not covered - N/A,
Aleppo,Menbij,Menbij,Menbij,Random,Al Moshrefa,"36.5255131,37.9556774",CC,,,,,270,,,,,,,4. Not covered - N/A,4. Not covered - N/A,4. Not covered - N/A,4. Not covered - N/A,4. Not covered - N/A,4. Not covered - N/A,
Aleppo,Menbij,Menbij,Menbij,Random,Al Teen,"36.5169822,37.9530005",CC,,,,,210,,,,,,,4. Not covered - N/A,4. Not covered - N/A,4. Not covered - N/A,4. Not covered - N/A,4. Not covered - N/A,4. Not covered - N/A,
Aleppo,Menbij,Menbij,Menbij,Random,Bor Saeed,"36.5239807,37.9553529",CC,,,,,324,,,,,,,4. Not covered - N/A,4. Not covered - N/A,4. Not covered - N/A,4. Not covered - N/A,4. Not covered - N/A,4. Not covered - N/A,
Aleppo,Menbij,Menbij,Menbij,Random,Een Al Nkeel,"36.5275216,37.96152",CC,,,,,210,,,,,,,4. Not covered - N/A,4. Not covered - N/A,4. Not covered - N/A,4. Not covered - N/A,4. Not covered - N/A,4. Not covered - N/A,
Aleppo,Menbij,Menbij,Menbij,Random,Om Tmak,"36.5265176,37.9513684",CC,,,,,360,,,,,,,4. Not covered - N/A,4. Not covered - N/A,4. Not covered - N/A,4. Not covered - N/A,4. Not covered - N/A,4. Not covered - N/A,
Aleppo,Menbij,Menbij,Menbij,Random,Tok Alklel,"36.5342678,37.9566469",CC,,,,,612,,,,,,,4. Not covered - N/A,4. Not covered - N/A,4. Not covered - N/A,4. Not covered - N/A,4. Not covered - N/A,4. Not covered - N/A,
Ar Raqqa,Ath-Thawrah,Mansura,Sefsafa (Mansura),Sasafa,Baoda,"35.8268446,38.61546",IS,,,,,8,1,,,,,,1. Fully covered,4. Not covered - N/A,4. Not covered - N/A,4. Not covered - N/A,4. Not covered - N/A,4. Not covered - N/A,
Ar Raqqa,Ath-Thawrah,Mansura,Sefsafa (Mansura),Sasafa,Hamam,"35.8335466,38.6210208",IS,,,,,5,1,,,,,,1. Fully covered,4. Not covered - N/A,4. Not covered - N/A,4. Not covered - N/A,4. Not covered - N/A,4. Not covered - N/A,
Ar Raqqa,Ath-Thawrah,Mansura,Sefsafa (Mansura),Sasafa,Khadour,"35.8328772,38.6087245",CC,,,,,156,1,,,,,,1. Fully covered,4. Not covered - N/A,4. Not covered - N/A,4. Not covered - N/A,4. Not covered - N/A,4. Not covered - N/A,
Ar Raqqa,Ath-Thawrah,Mansura,Sefsafa (Mansura),Sasafa,Kharameza,"35.8308777,38.6162502",CC,,,,,96,1,,,,,,1. Fully covered,4. Not covered - N/A,4. Not covered - N/A,4. Not covered - N/A,4. Not covered - N/A,4. Not covered - N/A,
Ar Raqqa,Ath-Thawrah,Mansura,Sefsafa (Mansura),Sasafa,Saqeah,"35.8411168,38.6197384",CC,,,,,174,1,,,,,,1. Fully covered,4. Not covered - N/A,4. Not covered - N/A,4. Not covered - N/A,4. Not covered - N/A,4. Not covered - N/A,
Ar Raqqa,Ath-Thawrah,Mansura,Sefsafa (Mansura),Sasafa,Sasafa,"35.8311792,38.6053178",IS,,,,,18,1,,,,,,1. Fully covered,4. Not covered - N/A,4. Not covered - N/A,4. Not covered - N/A,4. Not covered - N/A,4. Not covered - N/A,
Deir-ez-Zor,Al Mayadin,Al Mayadin,Saalu,Saalu,Sa'lo 1 - Agricultural Research,"35.144297,40.3884466",CC,,,,,570,,,,,,,4. Not covered - N/A,4. Not covered - N/A,4. Not covered - N/A,4. Not covered - N/A,4. Not covered - N/A,4. Not covered - N/A,
Deir-ez-Zor,Al Mayadin,Al Mayadin,Saalu,Saalu,Sa'lo 2 - Water Reservoir,"35.1473778,40.3823897",CC,,,,,270,,,,,,,4. Not covered - N/A,4. Not covered - N/A,4. Not covered - N/A,4. Not covered - N/A,4. Not covered - N/A,4. Not covered - N/A,
Deir-ez-Zor,Al Mayadin,Al Mayadin,Saalu,Saalu,Sa'lo 3 - Farm near Zibari,"35.1463805,40.3848683",CC,,,,,210,,,,,,,4. Not covered - N/A,4. Not covered - N/A,4. Not covered - N/A,4. Not covered - N/A,4. Not covered - N/A,4. Not covered - N/A,
Hama,Hama,Hamra,Baroudiyeh,Sanjar,Baroudiyeh,"35.5153442,37.2258579",IS,64,69,68,62,263,,,,,,,4. Not covered - N/A,4. Not covered - N/A,4. Not covered - N/A,4. Not covered - N/A,4. Not covered - N/A,4. Not covered - N/A,
Hama,Hama,Hamra,Hawayes Un Jern,Sanjar,Ob Alkhazneh,"35.4259513,37.1003217",IS,55,54,51,42,202,,,,,,,4. Not covered - N/A,4. Not covered - N/A,4. Not covered - N/A,4. Not covered - N/A,4. Not covered - N/A,4. Not covered - N/A,
Hama,Hama,Hamra,Jeb Elsafa,Sanjar,Abla,"35.4325344,37.197752",IS,54,51,59,55,219,,,,,,,4. Not covered - N/A,4. Not covered - N/A,4. Not covered - N/A,4. Not covered - N/A,4. Not covered - N/A,4. Not covered - N/A,
Hama,Hama,Hamra,Jeb Elsafa,Sanjar,Aziziyeh,"35.453041,37.1951435",IS,132,131,78,69,410,,,,,,,4. Not covered - N/A,4. Not covered - N/A,4. Not covered - N/A,4. Not covered - N/A,4. Not covered - N/A,4. Not covered - N/A,
Hama,Hama,Hamra,Muwaileh Abu Dahab,Sanjar,Abu Haya,"35.3716895,37.1371355",IS,110,83,101,94,388,,,,,,,4. Not covered - N/A,4. Not covered - N/A,4. Not covered - N/A,4. Not covered - N/A,4. Not covered - N/A,4. Not covered - N/A,
Hama,Hama,Hamra,Rasm Hamam,Sanjar,Rasm Hamam,"35.4052738,37.1800737",IS,66,67,22,18,173,,,,,,,4. Not covered - N/A,4. Not covered - N/A,4. Not covered - N/A,4. Not covered - N/A,4. Not covered - N/A,4. Not covered - N/A,
Idleb,Al Ma'ra,Heish,Abu Habbeh,Sanjar,Abu Habbeh,"35.5442031,36.7615311",IS,233,236,166,148,783,,,,,,,4. Not covered - N/A,4. Not covered - N/A,4. Not covered - N/A,4. Not covered - N/A,4. Not covered - N/A,4. Not covered - N/A,
Idleb,Al Ma'ra,Heish,Maysruneh,Sanjar,Al Muaysruneh,"35.5663786,36.7457247",IS,67,81,53,47,248,,,,,,,4. Not covered - N/A,4. Not covered - N/A,4. Not covered - N/A,4. Not covered - N/A,4. Not covered - N/A,4. Not covered - N/A,
Idleb,Al Ma'ra,Ma'arrat An Nu'man,Halbeh,Sanjar,Lhluoba,"35.5687906,36.7877804",IS,69,75,49,53,246,,,,,,,4. Not covered - N/A,4. Not covered - N/A,4. Not covered - N/A,4. Not covered - N/A,4. Not covered - N/A,4. Not covered - N/A,
Idleb,Al Ma'ra,Sanjar,Abul Eleij,Sanjar,Abul Eleij,"35.5211664,37.110913",IS,84,69,57,55,265,,,,,,,4. Not covered - N/A,4. Not covered - N/A,4. Not covered - N/A,4. Not covered - N/A,4. Not covered - N/A,4. Not covered - N/A,
Idleb,Al Ma'ra,Sanjar,Bashkum,Sanjar,Bashkum,"35.4457007,37.0968143",IS,75,59,77,68,279,,,,,,,4. Not covered - N/A,4. Not covered - N/A,4. Not covered - N/A,4. Not covered - N/A,4. Not covered - N/A,4. Not covered - N/A,
Idleb,Al Ma'ra,Sanjar,Bashkum,Sanjar,Khaldyiah,"35.4358155,37.1142738",IS,62,62,62,54,240,,,,,,,4. Not covered - N/A,4. Not covered - N/A,4. Not covered - N/A,4. Not covered - N/A,4. Not covered - N/A,4. Not covered - N/A,
Idleb,Al Ma'ra,Sanjar,Ejaz,Sanjar,Eastern Ejaz,"35.6148973,36.9283088",IS,31,40,18,24,113,,,,,,,4. Not covered - N/A,4. Not covered - N/A,4. Not covered - N/A,4. Not covered - N/A,4. Not covered - N/A,4. Not covered - N/A,
Idleb,Al Ma'ra,Sanjar,Ejaz,Sanjar,Western Ejaz,"35.613235,36.9285337",IS,178,169,154,131,632,,,,,,,4. Not covered - N/A,4. Not covered - N/A,4. Not covered - N/A,4. Not covered - N/A,4. Not covered - N/A,4. Not covered - N/A,
Idleb,Al Ma'ra,Sanjar,Fahil Jallas,Sanjar,Fahil Jallas,"35.5300722,36.9597114",IS,33,57,19,15,124,,,,,,,4. Not covered - N/A,4. Not covered - N/A,4. Not covered - N/A,4. Not covered - N/A,4. Not covered - N/A,4. Not covered - N/A,
Idleb,Al Ma'ra,Sanjar,Hawa,Sanjar,Fakkah,"35.4512301,37.0545078",IS,32,30,36,32,130,,,,,,,4. Not covered - N/A,4. Not covered - N/A,4. Not covered - N/A,4. Not covered - N/A,4. Not covered - N/A,4. Not covered - N/A,
Idleb,Al Ma'ra,Sanjar,Jeb Elqasab,Sanjar,Jeb Elqasab,"35.5133755,37.1057089",IS,41,21,23,17,102,,,,,,,4. Not covered - N/A,4. Not covered - N/A,4. Not covered - N/A,4. Not covered - N/A,4. Not covered - N/A,4. Not covered - N/A,
Idleb,Al Ma'ra,Sanjar,Karsanti,Sanjar,Sawame',"35.604826,36.8582304",IS,61,39,60,39,199,,,,,,,4. Not covered - N/A,4. Not covered - N/A,4. Not covered - N/A,4. Not covered - N/A,4. Not covered - N/A,4. Not covered - N/A,
Idleb,Al Ma'ra,Sanjar,Little Khayriyeh,Sanjar,Khayriyeh,"35.4929498,37.1465195",IS,31,34,29,34,128,,,,,,,4. Not covered - N/A,4. Not covered - N/A,4. Not covered - N/A,4. Not covered - N/A,4. Not covered - N/A,4. Not covered - N/A,
Idleb,Al Ma'ra,Sanjar,Maksar,Sanjar,Lower Maksar,"35.4945795,37.0874256",IS,47,39,15,12,113,,,,,,,4. Not covered - N/A,4. Not covered - N/A,4. Not covered - N/A,4. Not covered - N/A,4. Not covered - N/A,4. Not covered - N/A,
Idleb,Al Ma'ra,Sanjar,Maksar,Sanjar,Upper Maksar,"36.2117818,36.7812791",IS,66,39,59,58,222,,,,,,,4. Not covered - N/A,4. Not covered - N/A,4. Not covered - N/A,4. Not covered - N/A,4. Not covered - N/A,4. Not covered - N/A,
Idleb,Al Ma'ra,Sanjar,Mardagana Burtuqala,Sanjar,Mardagana Burtuqala,"35.5770641,37.0189995",IS,18,19,18,15,70,,,,,,,4. Not covered - N/A,4. Not covered - N/A,4. Not covered - N/A,4. Not covered - N/A,4. Not covered - N/A,4. Not covered - N/A,
Idleb,Al Ma'ra,Sanjar,Mreiheb,Sanjar,Mreijeb Slejah,"35.5310242,37.1568773",IS,113,132,108,90,443,,,,,,,4. Not covered - N/A,4. Not covered - N/A,4. Not covered - N/A,4. Not covered - N/A,4. Not covered - N/A,4. Not covered - N/A,
Idleb,Al Ma'ra,Sanjar,Mreijeb Elmashad,Sanjar,Mreijeb Elmashad,"35.4825767,37.0334522",IS,77,83,85,65,310,,,,,,,4. Not covered - N/A,4. Not covered - N/A,4. Not covered - N/A,4. Not covered - N/A,4. Not covered - N/A,4. Not covered - N/A,
Idleb,Al Ma'ra,Sanjar,Northern Lweibdeh,Sanjar,Lweibdeh,"35.5351419,36.9352979",IS,85,82,51,78,296,,,,,,,4. Not covered - N/A,4. Not covered - N/A,4. Not covered - N/A,4. Not covered - N/A,4. Not covered - N/A,4. Not covered - N/A,
Idleb,Al Ma'ra,Sanjar,Ojeh,Sanjar,Ojeh,"35.6488463,37.0563387",IS,42,57,36,22,157,,,,,,,4. Not covered - N/A,4. Not covered - N/A,4. Not covered - N/A,4. Not covered - N/A,4. Not covered - N/A,4. Not covered - N/A,
Idleb,Al Ma'ra,Sanjar,Qatra,Sanjar,Qatra,"35.647263,36.8810828",IS,34,35,39,39,147,,,,,,,4. Not covered - N/A,4. Not covered - N/A,4. Not covered - N/A,4. Not covered - N/A,4. Not covered - N/A,4. Not covered - N/A,
Idleb,Al Ma'ra,Sanjar,Rasm Elabed,Sanjar,Rasm Elabed,"35.5224362,37.0115958",IS,145,130,112,94,481,,,,,,,4. Not covered - N/A,4. Not covered - N/A,4. Not covered - N/A,4. Not covered - N/A,4. Not covered - N/A,4. Not covered - N/A,
Idleb,Al Ma'ra,Sanjar,Sanjar,Sanjar,Ramleh,"35.5686705,37.0797317",IS,84,94,33,30,241,,,,,,,4. Not covered - N/A,4. Not covered - N/A,4. Not covered - N/A,4. Not covered - N/A,4. Not covered - N/A,4. Not covered - N/A,
Idleb,Al Ma'ra,Sanjar,Seraa,Sanjar,Re'a Alhawa,"35.5292094,37.1140846",IS,167,148,73,81,469,,,,,,,4. Not covered - N/A,4. Not covered - N/A,4. Not covered - N/A,4. Not covered - N/A,4. Not covered - N/A,4. Not covered - N/A,
Idleb,Al Ma'ra,Sanjar,Tal Halawa,Sanjar,Tal Halawa,"35.4737718,37.136626",IS,316,330,295,266,1207,,,,,,,4. Not covered - N/A,4. Not covered - N/A,4. Not covered - N/A,4. Not covered - N/A,4. Not covered - N/A,4. Not covered - N/A,
Idleb,Al Ma'ra,Sanjar,Tellemara,Sanjar,Tellemara,"35.5033078,37.0798962",IS,24,21,24,25,94,,,,,,,4. Not covered - N/A,4. Not covered - N/A,4. Not covered - N/A,4. Not covered - N/A,4. Not covered - N/A,4. Not covered - N/A,
Idleb,Al Ma'ra,Tamanaah,Farja,Sanjar,Al Farja Al Gharbi,"35.5146938,36.8183622",IS,249,234,170,165,818,,,,,,,4. Not covered - N/A,4. Not covered - N/A,4. Not covered - N/A,4. Not covered - N/A,4. Not covered - N/A,4. Not covered - N/A,
Idleb,Al Ma'ra,Tamanaah,Farja,Sanjar,Al Farja Al Janobi,"35.5117817,36.8454032",IS,30,25,21,20,96,,,,,,,4. Not covered - N/A,4. Not covered - N/A,4. Not covered - N/A,4. Not covered - N/A,4. Not covered - N/A,4. Not covered - N/A,
Idleb,Al Ma'ra,Tamanaah,Raffa,Sanjar,Al Raffa Al Janobi,"35.5308294,36.7964351",IS,81,84,56,47,268,,,,,,,4. Not covered - N/A,4. Not covered - N/A,4. Not covered - N/A,4. Not covered - N/A,4. Not covered - N/A,4. Not covered - N/A,
Idleb,Al Ma'ra,Tamanaah,Raffa,Sanjar,Al Raffa Al Shamali,"35.552861,36.7877131",IS,28,24,13,15,80,,,,,,,4. Not covered - N/A,4. Not covered - N/A,4. Not covered - N/A,4. Not covered - N/A,4. Not covered - N/A,4. Not covered - N/A,
Idleb,Al Ma'ra,Tamanaah,Raffa,Sanjar,Al Raffa Al Sharqi,"35.5527371,36.7947591",IS,140,146,90,80,456,,,,,,,4. Not covered - N/A,4. Not covered - N/A,4. Not covered - N/A,4. Not covered - N/A,4. Not covered - N/A,4. Not covered - N/A,
Idleb,Al Ma'ra,Tamanaah,Sahal,Sanjar,Sahal,"35.5545255,36.882303",IS,90,84,57,49,280,,,,,,,4. Not covered - N/A,4. Not covered - N/A,4. Not covered - N/A,4. Not covered - N/A,4. Not covered - N/A,4. Not covered - N/A,
Idleb,Al Ma'ra,Tamanaah,Tal Shih,Sanjar,Tal Shih,"35.5197993,36.8058802",IS,164,156,115,105,540,,,,,,,4. Not covered - N/A,4. Not covered - N/A,4. Not covered - N/A,4. Not covered - N/A,4. Not covered - N/A,4. Not covered - N/A,
Idleb,Harim,Dana,Aqrabat,Aqrabat,Aqrabat (Ahl Al-Athar),"36.2616612,36.7102148",IS,172,163,170,140,645,,1,1,1,1,1,4. Not covered - N/A,1. Fully covered,1. Fully covered,1. Fully covered,1. Fully covered,1. Fully covered,
Idleb,Harim,Armanaz,Armanaz,Armanaz,Alshbiba buildinng,"36.0921328,36.4996796",CC,9,9,10,6,34,1,1,1,1,1,1,1. Fully covered,1. Fully covered,1. Fully covered,1. Fully covered,1. Fully covered,1. Fully covered,
Idleb,Harim,Armanaz,Armanaz,Armanaz,Mosque Alzahra'a,"36.0776704,36.4979357",CC,12,17,9,8,46,1,1,1,1,1,1,1. Fully covered,1. Fully covered,1. Fully covered,1. Fully covered,1. Fully covered,1. Fully covered,
Idleb,Harim,Armanaz,Armanaz,Armanaz,Mosque Beates ,"36.08788,36.4943546",CC,3,6,3,3,15,1,1,1,1,1,1,1. Fully covered,1. Fully covered,1. Fully covered,1. Fully covered,1. Fully covered,1. Fully covered,
Idleb,Harim,Armanaz,Armanaz,Armanaz,Municipality building,"36.0831304,36.4951031",CC,40,44,30,26,140,1,1,1,1,1,1,1. Fully covered,1. Fully covered,1. Fully covered,1. Fully covered,1. Fully covered,1. Fully covered,
Idleb,Harim,Armanaz,Kuwaro - Um Elriyah,Armanaz,Afran dukhan,"36.0242755,36.4697697",CC,15,16,7,6,44,1,,,1,,,1. Fully covered,4. Not covered - N/A,4. Not covered - N/A,1. Fully covered,4. Not covered - N/A,4. Not covered - N/A,
Idleb,Harim,Dana,Atma,Atmeh,Atmeh,"36.3130661,36.66262",IS,14952,17283,13449,11808,57492,0.9,1,1,1,1,1,2. Mostly covered,1. Fully covered,1. Fully covered,1. Fully covered,1. Fully covered,1. Fully covered,
Idleb,Harim,Dana,Bab El Hawa (Dana),Bab Al Hawa,Al Khirba Al Muhasara,"36.2253106,36.6902305",IS,148,142,126,111,527,1,,,,,1,1. Fully covered,4. Not covered - N/A,4. Not covered - N/A,4. Not covered - N/A,4. Not covered - N/A,1. Fully covered,
Idleb,Harim,Dana,Bab Al Hawa,Bab Al Hawa,Al Nahdha,"36.1208562,36.4418675",IS,94,116,102,102,414,,1,1,1,1,1,4. Not covered - N/A,1. Fully covered,1. Fully covered,1. Fully covered,1. Fully covered,1. Fully covered,
Idleb,Harim,Dana,Bab Al Hawa,Bab Al Hawa,Al Sadaka,"36.1997498,36.7047327",IS,160,153,136,119,568,,,1,1,,1,4. Not covered - N/A,4. Not covered - N/A,1. Fully covered,1. Fully covered,4. Not covered - N/A,1. Fully covered,
Idleb,Harim,Dana,Bab Al Hawa,Bab Al Hawa,Al Ummahat,"36.2237702,36.560124",IS,93,89,79,69,330,1,,1,1,1,1,1. Fully covered,4. Not covered - N/A,1. Fully covered,1. Fully covered,1. Fully covered,1. Fully covered,
Idleb,Harim,Dana,Bab Al Hawa,Bab Al Hawa,Ariha,"36.2156,36.728936",IS,69,67,65,64,265,1,1,1,1,,1,1. Fully covered,1. Fully covered,1. Fully covered,1. Fully covered,4. Not covered - N/A,1. Fully covered,
Idleb,Harim,Dana,Bab Al Hawa,Bab Al Hawa,Aycha,"36.2195205,36.6887235",IS,298,287,255,223,1063,,,,,1,1,4. Not covered - N/A,4. Not covered - N/A,4. Not covered - N/A,4. Not covered - N/A,1. Fully covered,1. Fully covered,
Idleb,Harim,Dana,Bab Al Hawa,Bab Al Hawa,Othman Bin Affan,"36.2115143,36.7194284",IS,37,34,31,27,129,,,,,,1,4. Not covered - N/A,4. Not covered - N/A,4. Not covered - N/A,4. Not covered - N/A,4. Not covered - N/A,1. Fully covered,
Idleb,Harim,Dana,Bab Al Hawa,Bab Al Hawa,Shahba'1 (Bab Al Hawa Lower/1),"36.235808,36.6880765",IS,323,311,276,242,1152,1,1,1,1,1,1,1. Fully covered,1. Fully covered,1. Fully covered,1. Fully covered,1. Fully covered,1. Fully covered,
Idleb,Harim,Dana,Bab Al Hawa,Bab Al Hawa,Shahba'2,"36.2209989,36.7204454",IS,83,80,72,63,298,,1,1,1,1,1,4. Not covered - N/A,1. Fully covered,1. Fully covered,1. Fully covered,1. Fully covered,1. Fully covered,
Idleb,Harim,Dana,Sarmada,Bab Al Hawa,Taiba City,"36.1847447,36.6820807",IS,399,384,342,299,1424,,1,1,1,,1,4. Not covered - N/A,1. Fully covered,1. Fully covered,1. Fully covered,4. Not covered - N/A,1. Fully covered,
Idleb,Harim,Dana,Termanin,Bab Al Hawa,Termanin,"36.2308514,36.8220169",IS,31,30,26,23,110,1,1,1,1,,1,1. Fully covered,1. Fully covered,1. Fully covered,1. Fully covered,4. Not covered - N/A,1. Fully covered,
Idleb,Harim,Salqin,Kafarna,Kafrina,Ayidoun,"36.1882467,36.4345654",PC,546,549,546,431,2072,,1,1,1,,,4. Not covered - N/A,1. Fully covered,1. Fully covered,1. Fully covered,4. Not covered - N/A,4. Not covered - N/A,
Idleb,Harim,Salqin,Kafarna,Kafrina,Kadimoon,"36.1642357,36.4036915",PC,517,466,316,314,1614,,1,1,1,,,4. Not covered - N/A,1. Fully covered,1. Fully covered,1. Fully covered,4. Not covered - N/A,4. Not covered - N/A,
Idleb,Harim,Salqin,Kafarna,Kafrina,Samidoon,"36.1709905,36.4155964",PC,551,543,559,419,2072,,1,1,1,,1,4. Not covered - N/A,1. Fully covered,1. Fully covered,1. Fully covered,4. Not covered - N/A,1. Fully covered,
Idleb,Harim,Salqin,Kafarna,Kafrina,Kefreneh school,"36.1993074,36.4501698",CC,15,13,7,6,41,1,1,1,1,1,1,1. Fully covered,1. Fully covered,1. Fully covered,1. Fully covered,1. Fully covered,1. Fully covered,
Idleb,Harim,Salqin,Salqin,Kafrina,Al Safsafa,"36.1370767,36.4226191",IS,485,468,416,364,1733,1,,,,,1,1. Fully covered,4. Not covered - N/A,4. Not covered - N/A,4. Not covered - N/A,4. Not covered - N/A,1. Fully covered,
Idleb,Harim,Salqin,Delbiya,Kafrina,Al Taakhi,"36.1368179,36.3902373",IS,429,404,327,290,1450,1,,,,,1,1. Fully covered,4. Not covered - N/A,4. Not covered - N/A,4. Not covered - N/A,4. Not covered - N/A,1. Fully covered,
Idleb,Harim,Dana,Deir Hassan - Darhashan,Deir Hassan,Abu Obeida Ben Aljaraah,"36.2422674,36.7528582",IS,99,110,520,89,818,1,1,,,,1,1. Fully covered,1. Fully covered,4. Not covered - N/A,4. Not covered - N/A,4. Not covered - N/A,1. Fully covered,
Idleb,Harim,Dana,Deir Hassan - Darhashan,Deir Hassan,Al Rahmah Lahl Al Gab (Al Qaqaa),"36.2462232,36.7579409",IS,350,431,181,160,1122,1,1,0.5,1,0.5,1,1. Fully covered,1. Fully covered,3. Partially covered,1. Fully covered,3. Partially covered,1. Fully covered,
Idleb,Harim,Dana,Deir Hassan - Darhashan,Deir Hassan,Ghetaa Al Rahma 1,"36.2353916,36.7501868",IS,76,72,305,45,498,1,1,,1,1,1,1. Fully covered,1. Fully covered,4. Not covered - N/A,1. Fully covered,1. Fully covered,1. Fully covered,
Idleb,Harim,Dana,Deir Hassan - Darhashan,Deir Hassan,Nasaem Al Khayr,"36.2448301,36.7453538",IS,437,483,563,478,1961,1,1,,1,1,1,1. Fully covered,1. Fully covered,4. Not covered - N/A,1. Fully covered,1. Fully covered,1. Fully covered,
Idleb,Harim,Dana,Deir Hassan - Darhashan,Deir Hassan,Nour Al Houda,"36.2337961,36.7520411",IS,169,158,172,207,706,1,1,,1,1,1,1. Fully covered,1. Fully covered,4. Not covered - N/A,1. Fully covered,1. Fully covered,1. Fully covered,
Idleb,Harim,Dana,Deir Hassan - Darhashan,Deir Hassan,Sons of Mehin,"36.2474076,36.7256859",IS,623,600,534,467,2224,1,1,1,1,1,1,1. Fully covered,1. Fully covered,1. Fully covered,1. Fully covered,1. Fully covered,1. Fully covered,
Idleb,Harim,Dana,Deir Hassan - Darhashan,Deir Hassan,Ahl Al Balad,"36.2334134,36.740031",IS,143,126,111,113,493,1,1,1,1,0.5,,1. Fully covered,1. Fully covered,1. Fully covered,1. Fully covered,3. Partially covered,4. Not covered - N/A,
Idleb,Harim,Dana,Deir Hassan - Darhashan,Deir Hassan,Al Nahda,"36.2441149,36.7535255",IS,355,428,738,704,2225,1,1,1,1,1,1,1. Fully covered,1. Fully covered,1. Fully covered,1. Fully covered,1. Fully covered,1. Fully covered,
Idleb,Harim,Dana,Deir Hassan - Darhashan,Deir Hassan,Zamzam,"36.245607,36.748384",IS,117,113,100,88,418,1,1,1,1,0.5,,1. Fully covered,1. Fully covered,1. Fully covered,1. Fully covered,3. Partially covered,4. Not covered - N/A,
Idleb,Harim,Dana,Deir Hassan - Darhashan,Deir Hassan,Ebtieen,"36.2374653,36.7709952",IS,83,91,49,52,275,1,1,1,1,0.5,,1. Fully covered,1. Fully covered,1. Fully covered,1. Fully covered,3. Partially covered,4. Not covered - N/A,
Idleb,Harim,Dana,Deir Hassan - Darhashan,Deir Hassan,Al Mashhad,"36.2398343,36.7550489",IS,103,94,70,80,347,1,1,1,1,1,,1. Fully covered,1. Fully covered,1. Fully covered,1. Fully covered,1. Fully covered,4. Not covered - N/A,
Idleb,Harim,Dana,Deir Hassan - Darhashan,Deir Hassan,Reef Aleppo,"36.2341843,36.7653844",IS,94,84,96,93,367,1,1,1,1,1,,1. Fully covered,1. Fully covered,1. Fully covered,1. Fully covered,1. Fully covered,4. Not covered - N/A,
Idleb,Harim,Dana,Deir Hassan - Darhashan,Deir Hassan,Tal Al Karama,"36.2338707,36.7670141",IS,186,301,95,95,677,1,1,1,1,1,,1. Fully covered,1. Fully covered,1. Fully covered,1. Fully covered,1. Fully covered,4. Not covered - N/A,
Idleb,Harim,Dana,Deir Hassan - Darhashan,Deir Hassan,Al Wdhehee,"36.2559321,36.7591229",IS,75,72,64,56,267,1,1,1,1,1,1,1. Fully covered,1. Fully covered,1. Fully covered,1. Fully covered,1. Fully covered,1. Fully covered,
Idleb,Harim,Dana,Hezreh - Hezri,Deir Hassan,Al Foqaraa (The Poor),"36.2273881,36.7846533",IS,,,,,986,,,,,,,4. Not covered - N/A,4. Not covered - N/A,4. Not covered - N/A,4. Not covered - N/A,4. Not covered - N/A,4. Not covered - N/A,
Idleb,Harim,Salqin,Allani,Salqin,Al Alani school,"36.1510343,36.3820229",CC,42,40,20,17,119,1,,0.6,1,1,1,1. Fully covered,4. Not covered - N/A,2. Mostly covered,1. Fully covered,1. Fully covered,1. Fully covered,
Idleb,Harim,Salqin,Allani,Salqin,Al Fath,"36.1519941,36.3829926",CC,,,,,137,,,,,,,4. Not covered - N/A,4. Not covered - N/A,4. Not covered - N/A,4. Not covered - N/A,4. Not covered - N/A,4. Not covered - N/A,
Idleb,Harim,Salqin,Msheirfeh (Salqin),Salqin,Al Meshrefeiah school,"36.1781026,36.3818387",CC,34,28,32,28,122,1,,,1,,,1. Fully covered,4. Not covered - N/A,4. Not covered - N/A,1. Fully covered,4. Not covered - N/A,4. Not covered - N/A,
Idleb,Harim,Salqin,Jeser Maksour,Salqin,Jeser Almaksour ,"36.1782546,36.374927",CC,9,9,8,6,32,1,,0.5,1,1,1,1. Fully covered,4. Not covered - N/A,3. Partially covered,1. Fully covered,1. Fully covered,1. Fully covered,
Idleb,Harim,Salqin,Salqin,Salqin,Ahmad Hameesh,"36.145526,36.444596",CC,63,59,38,25,185,1,,0.6,1,1,1,1. Fully covered,4. Not covered - N/A,2. Mostly covered,1. Fully covered,1. Fully covered,1. Fully covered,
Idleb,Harim,Salqin,Salqin,Salqin,Al Balaneh school,"36.1471262,36.4468649",CC,4,5,2,2,13,1,,0.7,,1,1,1. Fully covered,4. Not covered - N/A,2. Mostly covered,4. Not covered - N/A,1. Fully covered,1. Fully covered,
Idleb,Harim,Salqin,Salqin,Salqin,Al Banin school,"36.1366042,36.4592376",CC,43,41,18,18,120,1,1,1,1,1,1,1. Fully covered,1. Fully covered,1. Fully covered,1. Fully covered,1. Fully covered,1. Fully covered,
Idleb,Harim,Salqin,Salqin,Salqin,Al Ezzawi school,"36.1371621,36.4464979",CC,72,61,27,23,182,1,1,1,1,1,1,1. Fully covered,1. Fully covered,1. Fully covered,1. Fully covered,1. Fully covered,1. Fully covered,
Idleb,Harim,Salqin,Salqin,Salqin,Al Faroqia school,"36.1445501,36.4506961",CC,24,18,11,11,64,1,,,,1,1,1. Fully covered,4. Not covered - N/A,4. Not covered - N/A,4. Not covered - N/A,1. Fully covered,1. Fully covered,
Idleb,Harim,Salqin,Salqin,Salqin,Al Sakan Al Shababi,"36.1369581,36.4501482",CC,109,92,44,46,290,1,1,1,1,1,1,1. Fully covered,1. Fully covered,1. Fully covered,1. Fully covered,1. Fully covered,1. Fully covered,
Idleb,Harim,Salqin,Salqin,Salqin,Al Tajneed,"36.1463744,36.4473854",CC,11,11,4,4,30,1,1,1,1,1,1,1. Fully covered,1. Fully covered,1. Fully covered,1. Fully covered,1. Fully covered,1. Fully covered,
Idleb,Harim,Salqin,Salqin,Salqin,Al Thawra school,"36.1300101,36.4628194",CC,42,46,21,17,125,1,1,1,1,1,1,1. Fully covered,1. Fully covered,1. Fully covered,1. Fully covered,1. Fully covered,1. Fully covered,
Idleb,Harim,Salqin,Salqin,Salqin,Rawdat Azhar Nessan,"36.142168,36.4493349",CC,11,6,3,3,24,1,,0.5,1,1,1,1. Fully covered,4. Not covered - N/A,3. Partially covered,1. Fully covered,1. Fully covered,1. Fully covered,
Idleb,Harim,Salqin,Tellemar,Salqin,Tal Amar,"36.0494919,36.412728",CC,2,1,1,1,5,,,,,,,4. Not covered - N/A,4. Not covered - N/A,4. Not covered - N/A,4. Not covered - N/A,4. Not covered - N/A,4. Not covered - N/A,
Idleb,Harim,Dana,Atma,Karama,Act and Impact (Athar),"36.301583,36.6952719",IS,253,215,161,139,768,1,1,1,1,1,0.2,1. Fully covered,1. Fully covered,1. Fully covered,1. Fully covered,1. Fully covered,3. Partially covered,
Idleb,Harim,Dana,Atma,Karama,Ahel Al Sham,"36.3005183,36.698685",IS,200,198,117,115,630,0.9,1,1,1,1,,2. Mostly covered,1. Fully covered,1. Fully covered,1. Fully covered,1. Fully covered,4. Not covered - N/A,
Idleb,Harim,Dana,Atma,Karama,Ahel Halep,"36.2987386,36.6922371",IS,169,127,110,97,503,1,1,1,1,1,1,1. Fully covered,1. Fully covered,1. Fully covered,1. Fully covered,1. Fully covered,1. Fully covered,
Idleb,Harim,Dana,Atma,Karama,Al Ahrar,"36.2985399,36.7028055",IS,305,277,274,238,1094,1,1,1,1,,1,1. Fully covered,1. Fully covered,1. Fully covered,1. Fully covered,4. Not covered - N/A,1. Fully covered,
Idleb,Harim,Dana,Atma,Karama,Al Amal Bil Awdah,"36.2980252,36.6996397",IS,131,139,105,121,496,1,1,1,1,,,1. Fully covered,1. Fully covered,1. Fully covered,1. Fully covered,4. Not covered - N/A,4. Not covered - N/A,
Idleb,Harim,Dana,Atma,Karama,Al Aqsa,"36.2907861,36.7078345",IS,211,143,176,139,670,1,1,1,1,1,,1. Fully covered,1. Fully covered,1. Fully covered,1. Fully covered,1. Fully covered,4. Not covered - N/A,
Idleb,Harim,Dana,Atma,Karama,Al Asil,"36.2861882,36.7003379",IS,254,253,147,144,797,1,1,1,1,1,,1. Fully covered,1. Fully covered,1. Fully covered,1. Fully covered,1. Fully covered,4. Not covered - N/A,
Idleb,Harim,Dana,Atma,Karama,Al Ataa,"36.2941339,36.7073247",IS,233,199,144,127,702,1,1,1,1,1,1,1. Fully covered,1. Fully covered,1. Fully covered,1. Fully covered,1. Fully covered,1. Fully covered,
Idleb,Harim,Dana,Atma,Karama,Al Ayade Al Baydaa,"36.3031352,36.6843464",IS,,,,,287,,1,1,1,,,4. Not covered - N/A,1. Fully covered,1. Fully covered,1. Fully covered,4. Not covered - N/A,4. Not covered - N/A,
Idleb,Harim,Dana,Atma,Karama,Al Fadal,"36.298956,36.701079",IS,185,146,117,95,543,1,1,1,1,1,,1. Fully covered,1. Fully covered,1. Fully covered,1. Fully covered,1. Fully covered,4. Not covered - N/A,
Idleb,Harim,Dana,Atma,Karama,Al Faraj,"36.3046685,36.7009658",IS,283,297,199,172,951,1,1,1,1,1,,1. Fully covered,1. Fully covered,1. Fully covered,1. Fully covered,1. Fully covered,4. Not covered - N/A,
Idleb,Harim,Dana,Atma,Karama,Al Farouk,"36.2977037,36.7089288",IS,244,233,171,159,807,1,1,1,1,1,,1. Fully covered,1. Fully covered,1. Fully covered,1. Fully covered,1. Fully covered,4. Not covered - N/A,
Idleb,Harim,Dana,Atma,Karama,Al Ghab Al Mankoub,"36.3007603,36.6926121",IS,170,184,166,190,710,1,1,1,1,,1,1. Fully covered,1. Fully covered,1. Fully covered,1. Fully covered,4. Not covered - N/A,1. Fully covered,
Idleb,Harim,Dana,Atma,Karama,Al Haneen,"36.3161256,36.687186",IS,,,,,400,,1,1,1,,,4. Not covered - N/A,1. Fully covered,1. Fully covered,1. Fully covered,4. Not covered - N/A,4. Not covered - N/A,
Idleb,Harim,Dana,Atma,Karama,Al Haq,"36.2962224,36.7038294",IS,133,137,137,103,510,1,1,1,1,1,,1. Fully covered,1. Fully covered,1. Fully covered,1. Fully covered,1. Fully covered,4. Not covered - N/A,
Idleb,Harim,Dana,Atma,Karama,Al Hijaz,"36.3013805,36.6996575",IS,142,150,107,122,521,1,1,1,1,1,1,1. Fully covered,1. Fully covered,1. Fully covered,1. Fully covered,1. Fully covered,1. Fully covered,
Idleb,Harim,Dana,Atma,Karama,Al Ikhaa,"36.2995238,36.6968581",IS,334,369,297,301,1301,1,1,1,1,1,1,1. Fully covered,1. Fully covered,1. Fully covered,1. Fully covered,1. Fully covered,1. Fully covered,
Idleb,Harim,Dana,Atma,Karama,Al Ikhlas,"36.2975751,36.6865988",IS,178,214,145,146,683,1,1,1,1,1,,1. Fully covered,1. Fully covered,1. Fully covered,1. Fully covered,1. Fully covered,4. Not covered - N/A,
Idleb,Harim,Dana,Atma,Karama,Al Jabal,"36.3142514,36.6854919",IS,,,,,266,,1,1,1,,,4. Not covered - N/A,1. Fully covered,1. Fully covered,1. Fully covered,4. Not covered - N/A,4. Not covered - N/A,
Idleb,Harim,Dana,Atma,Karama,Aleman Billah,"36.2870327,36.7054448",IS,233,226,189,179,828,1,1,1,1,,1,1. Fully covered,1. Fully covered,1. Fully covered,1. Fully covered,4. Not covered - N/A,1. Fully covered,
Idleb,Harim,Dana,Atma,Karama,Al Karama,"36.2906758,36.7092848",IS,745,774,643,759,2921,1,1,1,1,1,1,1. Fully covered,1. Fully covered,1. Fully covered,1. Fully covered,1. Fully covered,1. Fully covered,
Idleb,Harim,Dana,Atma,Karama,Al Karim Al Awsat,"36.312473,36.6949947",IS,,,,,425,,1,1,1,,,4. Not covered - N/A,1. Fully covered,1. Fully covered,1. Fully covered,4. Not covered - N/A,4. Not covered - N/A,
Idleb,Harim,Dana,Atma,Karama,Al Mahabbah,"36.2863885,36.6942713",IS,221,214,147,146,728,1,1,1,1,1,,1. Fully covered,1. Fully covered,1. Fully covered,1. Fully covered,1. Fully covered,4. Not covered - N/A,
Idleb,Harim,Dana,Atma,Karama,Al Manara,"36.2899796,36.6934346",IS,223,159,140,137,659,1,1,1,1,1,1,1. Fully covered,1. Fully covered,1. Fully covered,1. Fully covered,1. Fully covered,1. Fully covered,
Idleb,Harim,Dana,Atma,Karama,Al Mustakbal,"36.3043951,36.6981503",IS,247,257,170,167,842,1,1,1,1,,,1. Fully covered,1. Fully covered,1. Fully covered,1. Fully covered,4. Not covered - N/A,4. Not covered - N/A,
Idleb,Harim,Dana,Atma,Karama,Al Nahda Aleslamia,"36.3024329,36.6994182",IS,210,218,183,131,743,1,1,1,1,,1,1. Fully covered,1. Fully covered,1. Fully covered,1. Fully covered,4. Not covered - N/A,1. Fully covered,
Idleb,Harim,Dana,Atma,Karama,Al Nour,"36.296251,36.7128997",IS,196,174,153,142,666,1,1,1,1,1,,1. Fully covered,1. Fully covered,1. Fully covered,1. Fully covered,1. Fully covered,4. Not covered - N/A,
Idleb,Harim,Dana,Atma,Karama,Al Resalah (extension of Doaa  Doaa & Saleh),"36.2970093,36.6955065",IS,111,102,84,79,376,,1,1,1,1,1,4. Not covered - N/A,1. Fully covered,1. Fully covered,1. Fully covered,1. Fully covered,1. Fully covered,
Idleb,Harim,Dana,Atma,Karama,Al Safa,"36.2973258,36.6944398",IS,243,186,192,196,816,1,1,1,1,1,,1. Fully covered,1. Fully covered,1. Fully covered,1. Fully covered,1. Fully covered,4. Not covered - N/A,
Idleb,Harim,Dana,Atma,Karama,Al Shuhada,"36.2995501,36.6976434",IS,138,161,145,56,500,,1,1,1,1,1,4. Not covered - N/A,1. Fully covered,1. Fully covered,1. Fully covered,1. Fully covered,1. Fully covered,
Idleb,Harim,Dana,Atma,Karama,Atfal Alghad,"36.2928089,36.6948901",IS,166,174,112,102,554,1,1,1,1,1,1,1. Fully covered,1. Fully covered,1. Fully covered,1. Fully covered,1. Fully covered,1. Fully covered,
Idleb,Harim,Dana,Atma,Karama,Doaa,"36.2949682,36.7026728",IS,344,338,304,308,1294,1,1,1,1,1,1,1. Fully covered,1. Fully covered,1. Fully covered,1. Fully covered,1. Fully covered,1. Fully covered,
Idleb,Harim,Dana,Atma,Karama,Doaat Al Kwait (Al Khayrat),"36.2981258,36.7018184",IS,174,166,166,182,687,1,1,1,1,1,1,1. Fully covered,1. Fully covered,1. Fully covered,1. Fully covered,1. Fully covered,1. Fully covered,
Idleb,Harim,Dana,Atma,Karama,Harameen,"36.2835714,36.7036906",IS,212,173,170,165,721,1,1,1,1,,0.1,1. Fully covered,1. Fully covered,1. Fully covered,1. Fully covered,4. Not covered - N/A,3. Partially covered,
Idleb,Harim,Dana,Atma,Karama,Kura Mankouba,"36.2996209,36.7000858",IS,150,144,143,139,576,1,1,1,1,1,1,1. Fully covered,1. Fully covered,1. Fully covered,1. Fully covered,1. Fully covered,1. Fully covered,
Idleb,Harim,Dana,Atma,Karama,Moatakalen Sahl Al Gab,"36.3081709,36.698959",IS,,,,,1238,,1,1,1,,,4. Not covered - N/A,1. Fully covered,1. Fully covered,1. Fully covered,4. Not covered - N/A,4. Not covered - N/A,
Idleb,Harim,Dana,Atma,Karama,Nasret Al Mazloum,"36.2982733,36.6835969",IS,289,315,226,228,1058,1,1,1,1,,,1. Fully covered,1. Fully covered,1. Fully covered,1. Fully covered,4. Not covered - N/A,4. Not covered - N/A,
Idleb,Harim,Dana,Atma,Karama,Nour Al Mustafa,"36.2882311,36.6875771",IS,256,254,193,193,896,,1,1,1,,,4. Not covered - N/A,1. Fully covered,1. Fully covered,1. Fully covered,4. Not covered - N/A,4. Not covered - N/A,
Idleb,Harim,Dana,Atma,Karama,Nour Al Mustakbal,"36.2912703,36.6965111",IS,195,195,174,172,736,1,1,1,1,1,,1. Fully covered,1. Fully covered,1. Fully covered,1. Fully covered,1. Fully covered,4. Not covered - N/A,
Idleb,Harim,Dana,Atma,Karama,Nour Al Sham,"36.2968812,36.6990077",IS,132,124,99,91,446,,1,1,1,,,4. Not covered - N/A,1. Fully covered,1. Fully covered,1. Fully covered,4. Not covered - N/A,4. Not covered - N/A,
Idleb,Harim,Dana,Atma,Karama,Nour Hama,"36.3096597,36.6944999",IS,,,,,179,,1,1,1,,,4. Not covered - N/A,1. Fully covered,1. Fully covered,1. Fully covered,4. Not covered - N/A,4. Not covered - N/A,
Idleb,Harim,Dana,Atma,Karama,Qadisiya,"36.2968035,36.7176739",IS,185,237,196,183,800,1,1,1,1,1,1,1. Fully covered,1. Fully covered,1. Fully covered,1. Fully covered,1. Fully covered,1. Fully covered,
Idleb,Harim,Dana,Atma,Karama,Rajaa,"36.2973936,36.7024119",IS,186,207,170,159,722,1,1,1,1,1,1,1. Fully covered,1. Fully covered,1. Fully covered,1. Fully covered,1. Fully covered,1. Fully covered,
Idleb,Harim,Dana,Atma,Karama,Rawdah,"36.2907742,36.6896669",IS,135,135,97,97,463,,1,1,1,1,1,4. Not covered - N/A,1. Fully covered,1. Fully covered,1. Fully covered,1. Fully covered,1. Fully covered,
Idleb,Harim,Dana,Atma,Karama,Reef Hama Mankouba,"36.3056356,36.7040746",IS,227,212,162,158,759,1,1,1,1,1,,1. Fully covered,1. Fully covered,1. Fully covered,1. Fully covered,1. Fully covered,4. Not covered - N/A,
Idleb,Harim,Dana,Atma,Karama,Salah Eldin (including Al Islah),"36.3047413,36.6994222",IS,410,493,385,333,1620,1,1,1,1,1,1,1. Fully covered,1. Fully covered,1. Fully covered,1. Fully covered,1. Fully covered,1. Fully covered,
Idleb,Harim,Dana,Atma,Karama,Sedik (Extension of Al Aqsa),"36.2953765,36.6918087",IS,61,59,52,51,223,1,1,1,1,1,1,1. Fully covered,1. Fully covered,1. Fully covered,1. Fully covered,1. Fully covered,1. Fully covered,
Idleb,Harim,Dana,Atma,Karama,Shaheid Saleh,"36.2972193,36.6866172",IS,228,223,143,139,733,1,1,1,1,1,1,1. Fully covered,1. Fully covered,1. Fully covered,1. Fully covered,1. Fully covered,1. Fully covered,
Idleb,Harim,Dana,Atma,Karama,Shams Al Hurriya,"36.2912881,36.6982777",IS,301,255,300,311,1168,1,1,1,1,1,1,1. Fully covered,1. Fully covered,1. Fully covered,1. Fully covered,1. Fully covered,1. Fully covered,
Idleb,Harim,Dana,Atma,Karama,Shuhada Sahl Al Gab,"36.3176055,36.6840037",IS,,,,,608,,1,1,1,,,4. Not covered - N/A,1. Fully covered,1. Fully covered,1. Fully covered,4. Not covered - N/A,4. Not covered - N/A,
Idleb,Harim,Dana,Atma,Karama,Sons of Homs (Abna Homs),"36.290375,36.6958468",IS,194,189,169,136,688,0.9,1,1,1,1,1,2. Mostly covered,1. Fully covered,1. Fully covered,1. Fully covered,1. Fully covered,1. Fully covered,
Idleb,Harim,Dana,Atma,Karama,Tabarak Al Rahman,"36.2908236,36.7093951",IS,168,155,189,150,662,1,1,1,1,,1,1. Fully covered,1. Fully covered,1. Fully covered,1. Fully covered,4. Not covered - N/A,1. Fully covered,
Idleb,Harim,Dana,Atma,Karama,Taibah,"36.3028194,36.6979121",IS,277,249,286,263,1075,1,1,1,1,1,1,1. Fully covered,1. Fully covered,1. Fully covered,1. Fully covered,1. Fully covered,1. Fully covered,
Idleb,Harim,Dana,Atma,Karama,Tajammu,"36.2975661,36.6970757",IS,42,41,34,32,149,,1,1,1,,,4. Not covered - N/A,1. Fully covered,1. Fully covered,1. Fully covered,4. Not covered - N/A,4. Not covered - N/A,
Idleb,Harim,Dana,Atma,Karama,Watasimu (including Tadamun and Sahl Al Ghab),"36.2917162,36.7001238",IS,599,588,675,555,2418,1,1,1,1,1,1,1. Fully covered,1. Fully covered,1. Fully covered,1. Fully covered,1. Fully covered,1. Fully covered,
Idleb,Harim,Dana,Atma,Karama,Yasmeen Al Sham,"36.3010779,36.6912668",IS,417,411,253,252,1333,1,1,1,1,1,1,1. Fully covered,1. Fully covered,1. Fully covered,1. Fully covered,1. Fully covered,1. Fully covered,
Idleb,Harim,Dana,Atma,Karama,Zahret Al Madaen,"36.3006748,36.7077661",IS,241,239,158,154,791,1,1,1,1,1,1,1. Fully covered,1. Fully covered,1. Fully covered,1. Fully covered,1. Fully covered,1. Fully covered,
Idleb,Harim,Dana,Qah,Liyajlikum,Ain Jaloot,"36.3052945,36.7168402",IS,46,60,61,44,210,,1,1,1,,1,4. Not covered - N/A,1. Fully covered,1. Fully covered,1. Fully covered,4. Not covered - N/A,1. Fully covered,
Idleb,Harim,Dana,Qah,Liyajlikum,Al Aasy,"36.2933931,36.7038041",IS,207,210,184,194,795,1,1,1,1,,1,1. Fully covered,1. Fully covered,1. Fully covered,1. Fully covered,4. Not covered - N/A,1. Fully covered,
Idleb,Harim,Dana,Qah,Liyajlikum,Al Fateh Al Araby,"36.2992254,36.7277938",IS,104,136,117,88,444,,1,1,1,,1,4. Not covered - N/A,1. Fully covered,1. Fully covered,1. Fully covered,4. Not covered - N/A,1. Fully covered,
Idleb,Harim,Dana,Qah,Liyajlikum,Al Hurriya wa Adalah,"36.3047655,36.7157568",IS,382,379,213,259,1233,1,1,1,1,,1,1. Fully covered,1. Fully covered,1. Fully covered,1. Fully covered,4. Not covered - N/A,1. Fully covered,
Idleb,Harim,Dana,Qah,Liyajlikum,Al Ikhlas and Al Taqua,"36.30255,36.7358038",IS,266,352,179,135,932,,1,1,1,,,4. Not covered - N/A,1. Fully covered,1. Fully covered,1. Fully covered,4. Not covered - N/A,4. Not covered - N/A,
Idleb,Harim,Dana,Qah,Liyajlikum,Al Nawaeer,"36.2847652,36.7140184",IS,461,618,320,321,1719,1,1,1,1,,1,1. Fully covered,1. Fully covered,1. Fully covered,1. Fully covered,4. Not covered - N/A,1. Fully covered,
Idleb,Harim,Dana,Qah,Liyajlikum,Al Shrouk,"36.2871043,36.7032078",IS,168,155,151,149,623,1,1,1,1,,,1. Fully covered,1. Fully covered,1. Fully covered,1. Fully covered,4. Not covered - N/A,4. Not covered - N/A,
Idleb,Harim,Dana,Qah,Liyajlikum,Bara`m Al Thawra,"36.3003062,36.7163763",IS,161,213,142,108,624,,1,1,1,,1,4. Not covered - N/A,1. Fully covered,1. Fully covered,1. Fully covered,4. Not covered - N/A,1. Fully covered,
Idleb,Harim,Dana,Qah,Liyajlikum,Children of Freedom Martyrs,"36.2827526,36.7145062",IS,125,124,99,102,450,1,1,1,1,1,1,1. Fully covered,1. Fully covered,1. Fully covered,1. Fully covered,1. Fully covered,1. Fully covered,
Idleb,Harim,Dana,Qah,Liyajlikum,Farajak Yarab,"36.2988595,36.7146138",IS,74,97,36,28,234,,1,1,1,,1,4. Not covered - N/A,1. Fully covered,1. Fully covered,1. Fully covered,4. Not covered - N/A,1. Fully covered,
Idleb,Harim,Dana,Qah,Liyajlikum,Fardoose,"36.2973168,36.7166968",IS,233,238,147,139,757,1,1,1,1,1,1,1. Fully covered,1. Fully covered,1. Fully covered,1. Fully covered,1. Fully covered,1. Fully covered,
Idleb,Harim,Dana,Qah,Liyajlikum,Fateh Aleslam,"36.3011536,36.7313196",IS,110,145,123,94,472,,1,1,1,,1,4. Not covered - N/A,1. Fully covered,1. Fully covered,1. Fully covered,4. Not covered - N/A,1. Fully covered,
Idleb,Harim,Dana,Qah,Liyajlikum,Korayish (Al Khair),"36.2881108,36.7113609",IS,231,211,136,119,697,1,1,1,1,1,1,1. Fully covered,1. Fully covered,1. Fully covered,1. Fully covered,1. Fully covered,1. Fully covered,
Idleb,Harim,Dana,Qah,Liyajlikum,Lan Narka`llla Lilah,"36.289228,36.7051917",IS,344,401,399,320,1464,1,1,1,1,,1,1. Fully covered,1. Fully covered,1. Fully covered,1. Fully covered,4. Not covered - N/A,1. Fully covered,
Idleb,Harim,Dana,Qah,Liyajlikum,Liyajlikum,"36.2869651,36.7116216",IS,367,338,211,206,1122,1,1,1,1,,1,1. Fully covered,1. Fully covered,1. Fully covered,1. Fully covered,4. Not covered - N/A,1. Fully covered,
Idleb,Harim,Dana,Qah,Liyajlikum,Qassioun,"36.2886007,36.7043638",IS,136,169,141,127,572,1,1,1,1,,1,1. Fully covered,1. Fully covered,1. Fully covered,1. Fully covered,4. Not covered - N/A,1. Fully covered,
Idleb,Harim,Dana,Qah,Liyajlikum,Toyor Al Janna (Heaven Bird's),"36.284137,36.7070779",IS,190,186,159,165,700,1,1,1,1,1,1,1. Fully covered,1. Fully covered,1. Fully covered,1. Fully covered,1. Fully covered,1. Fully covered,
Idleb,Harim,Dana,Qah,Qah,Abu Bakker Al Sidiq,"36.2941918,36.7093251",IS,203,189,125,93,610,1,1,1,1,,1,1. Fully covered,1. Fully covered,1. Fully covered,1. Fully covered,4. Not covered - N/A,1. Fully covered,
Idleb,Harim,Dana,Qah,Qah,Afamia,"36.2924143,36.718402",IS,151,146,130,114,541,,1,1,1,,1,4. Not covered - N/A,1. Fully covered,1. Fully covered,1. Fully covered,4. Not covered - N/A,1. Fully covered,
Idleb,Harim,Dana,Qah,Qah,Ahbab Al Rasoul,"36.3027406,36.7292391",IS,175,166,178,181,700,,1,1,1,,1,4. Not covered - N/A,1. Fully covered,1. Fully covered,1. Fully covered,4. Not covered - N/A,1. Fully covered,
Idleb,Harim,Dana,Qah,Qah,Al Arbaeen,"36.3017732,36.6992385",IS,95,101,86,97,379,1,1,1,1,,1,1. Fully covered,1. Fully covered,1. Fully covered,1. Fully covered,4. Not covered - N/A,1. Fully covered,
Idleb,Harim,Dana,Qah,Qah,Al Bayan,"36.2959429,36.7019691",IS,146,130,151,132,559,,1,1,1,1,1,4. Not covered - N/A,1. Fully covered,1. Fully covered,1. Fully covered,1. Fully covered,1. Fully covered,
Idleb,Harim,Dana,Qah,Qah,Al Imam,"36.2836503,36.7058493",IS,232,274,293,256,1055,1,1,1,1,,1,1. Fully covered,1. Fully covered,1. Fully covered,1. Fully covered,4. Not covered - N/A,1. Fully covered,
Idleb,Harim,Dana,Qah,Qah,Al Intisar,"36.2827488,36.7180119",IS,177,173,144,144,638,1,1,1,1,,1,1. Fully covered,1. Fully covered,1. Fully covered,1. Fully covered,4. Not covered - N/A,1. Fully covered,
Idleb,Harim,Dana,Qah,Qah,Al Magad,"36.2775721,36.7176505",IS,160,158,136,142,596,1,1,1,1,1,1,1. Fully covered,1. Fully covered,1. Fully covered,1. Fully covered,1. Fully covered,1. Fully covered,
Idleb,Harim,Dana,Qah,Qah,Al Motasem,"36.2868068,36.7141384",IS,80,135,104,85,404,1,1,1,1,,1,1. Fully covered,1. Fully covered,1. Fully covered,1. Fully covered,4. Not covered - N/A,1. Fully covered,
Idleb,Harim,Dana,Qah,Qah,Al Muhajreen,"36.3009603,36.7053405",IS,174,183,126,136,619,1,1,1,1,,1,1. Fully covered,1. Fully covered,1. Fully covered,1. Fully covered,4. Not covered - N/A,1. Fully covered,
Idleb,Harim,Dana,Qah,Qah,Al Radwan,"36.3056457,36.7158211",IS,68,65,58,51,241,,1,1,1,,1,4. Not covered - N/A,1. Fully covered,1. Fully covered,1. Fully covered,4. Not covered - N/A,1. Fully covered,
Idleb,Harim,Dana,Qah,Qah,Al Rahmah,"36.2986222,36.7029773",IS,223,208,144,137,713,1,1,1,1,1,1,1. Fully covered,1. Fully covered,1. Fully covered,1. Fully covered,1. Fully covered,1. Fully covered,
Idleb,Harim,Dana,Qah,Qah,Al Tawheed,"36.2682792,36.7217371",IS,90,76,82,77,324,1,1,1,1,,1,1. Fully covered,1. Fully covered,1. Fully covered,1. Fully covered,4. Not covered - N/A,1. Fully covered,
Idleb,Harim,Dana,Qah,Qah,Al Waleed,"36.2889801,36.6971065",IS,231,239,198,144,812,1,1,1,1,1,1,1. Fully covered,1. Fully covered,1. Fully covered,1. Fully covered,1. Fully covered,1. Fully covered,
Idleb,Harim,Dana,Qah,Qah,Alebaa,"36.2977947,36.718217",IS,167,161,142,125,595,,1,1,1,,1,4. Not covered - N/A,1. Fully covered,1. Fully covered,1. Fully covered,4. Not covered - N/A,1. Fully covered,
Idleb,Harim,Dana,Qah,Qah,Ataa 2 (Hamad Al Ammar 1/Dar Al Riaya - Orphans),"36.2965896,36.697857",IS,210,218,180,46,654,1,0.7,0.8,0.85,,1,1. Fully covered,2. Mostly covered,2. Mostly covered,2. Mostly covered,4. Not covered - N/A,1. Fully covered,
Idleb,Harim,Dana,Qah,Qah,Ataa 3 (Al Ansar),"36.2921133,36.7139181",IS,191,140,205,160,696,1,0.7,0.8,0.9,,1,1. Fully covered,2. Mostly covered,2. Mostly covered,2. Mostly covered,4. Not covered - N/A,1. Fully covered,
Idleb,Harim,Dana,Qah,Qah,Ataa 4 (Al Reaya Al Islamiya),"36.3017356,36.729073",IS,215,239,233,242,929,1,0.65,0.8,0.9,,1,1. Fully covered,2. Mostly covered,2. Mostly covered,2. Mostly covered,4. Not covered - N/A,1. Fully covered,
Idleb,Harim,Dana,Qah,Qah,Ataa 5 (Shabab Al Khayr),"36.2975773,36.7102286",IS,287,300,260,264,1110,1,1,1,1,,1,1. Fully covered,1. Fully covered,1. Fully covered,1. Fully covered,4. Not covered - N/A,1. Fully covered,
Idleb,Harim,Dana,Qah,Qah,Ataa 6 (Shabab Al Khayr 3),"36.2960965,36.7229496",IS,369,393,345,372,1479,1,0.6,0.8,0.8,,1,1. Fully covered,2. Mostly covered,2. Mostly covered,2. Mostly covered,4. Not covered - N/A,1. Fully covered,
Idleb,Harim,Dana,Qah,Qah,Ataa 7a (Ataa Almara Alkwaityeh 1),"36.2867327,36.7291344",IS,209,188,323,272,992,1,0.7,0.8,0.8,,1,1. Fully covered,2. Mostly covered,2. Mostly covered,2. Mostly covered,4. Not covered - N/A,1. Fully covered,
Idleb,Harim,Dana,Qah,Qah,Ataa 7b (Ataa Almara Alkwaityeh 2),"36.2993043,36.7175145",IS,213,224,376,377,1190,1,0.65,0.8,0.8,,1,1. Fully covered,2. Mostly covered,2. Mostly covered,2. Mostly covered,4. Not covered - N/A,1. Fully covered,
Idleb,Harim,Dana,Qah,Qah,Ataa 8 (Shabab Al Khayr 2),"36.2955471,36.7183247",IS,393,455,345,395,1588,1,0.6,0.8,0.7,,1,1. Fully covered,2. Mostly covered,2. Mostly covered,2. Mostly covered,4. Not covered - N/A,1. Fully covered,
Idleb,Harim,Dana,Qah,Qah,Ataa 9a (Hamad Al Ammar 2),"36.3002549,36.7334769",IS,158,170,165,167,660,1,0.6,0.8,0.7,,1,1. Fully covered,2. Mostly covered,2. Mostly covered,2. Mostly covered,4. Not covered - N/A,1. Fully covered,
Idleb,Harim,Dana,Qah,Qah,Ataa 9b (Nasaem Alkhair),"36.3017078,36.7172108",IS,200,219,176,190,785,1,0.6,0.8,0.7,,1,1. Fully covered,2. Mostly covered,2. Mostly covered,2. Mostly covered,4. Not covered - N/A,1. Fully covered,
Idleb,Harim,Dana,Qah,Qah,Bab Al Hawa,"36.2872782,36.7289632",IS,164,171,193,156,683,1,1,1,1,1,1,1. Fully covered,1. Fully covered,1. Fully covered,1. Fully covered,1. Fully covered,1. Fully covered,
Idleb,Harim,Dana,Qah,Qah,Bab Al Hawa extension (Al Mutahaboun Bellah),"36.2984864,36.7154922",IS,,,,,1243,,1,1,1,,,4. Not covered - N/A,1. Fully covered,1. Fully covered,1. Fully covered,4. Not covered - N/A,4. Not covered - N/A,
Idleb,Harim,Dana,Qah,Qah,Bani Omiyet,"36.2837627,36.7111998",IS,83,86,69,69,307,,1,1,1,,,4. Not covered - N/A,1. Fully covered,1. Fully covered,1. Fully covered,4. Not covered - N/A,4. Not covered - N/A,
Idleb,Harim,Dana,Qah,Qah,Hibat Allah,"36.2856298,36.7022018",IS,226,219,176,175,796,1,1,1,1,,1,1. Fully covered,1. Fully covered,1. Fully covered,1. Fully covered,4. Not covered - N/A,1. Fully covered,
Idleb,Harim,Dana,Qah,Qah,Kafr Nabutha Alsmoud,"36.3057368,36.7190277",IS,68,80,64,97,309,0.85,1,1,1,,1,2. Mostly covered,1. Fully covered,1. Fully covered,1. Fully covered,4. Not covered - N/A,1. Fully covered,
Idleb,Harim,Dana,Qah,Qah,Madenh Monarh (Hmamiat),"36.2905294,36.7020636",IS,157,156,218,174,705,1,1,1,1,,1,1. Fully covered,1. Fully covered,1. Fully covered,1. Fully covered,4. Not covered - N/A,1. Fully covered,
Idleb,Harim,Dana,Qah,Qah,Nasret Al Rasoul,"36.2872858,36.7334185",IS,196,190,169,147,702,,1,1,1,,1,4. Not covered - N/A,1. Fully covered,1. Fully covered,1. Fully covered,4. Not covered - N/A,1. Fully covered,
Idleb,Harim,Dana,Qah,Qah,Qah,"36.2980873,36.7362803",IS,293,320,326,318,1258,1,1,1,1,,1,1. Fully covered,1. Fully covered,1. Fully covered,1. Fully covered,4. Not covered - N/A,1. Fully covered,
Idleb,Harim,Dana,Qah,Qah,Sarkhat Tifl,"36.2988288,36.732583",IS,102,133,80,153,468,,1,1,1,,1,4. Not covered - N/A,1. Fully covered,1. Fully covered,1. Fully covered,4. Not covered - N/A,1. Fully covered,
Idleb,Harim,Dana,Qah,Qah,Sahl Al Ghab Alawal,"36.3001903,36.7044313",IS,130,107,103,101,440,1,1,1,1,,1,1. Fully covered,1. Fully covered,1. Fully covered,1. Fully covered,4. Not covered - N/A,1. Fully covered,
Idleb,Harim,Dana,Qah,Qah,Shuhadaa Abdeen,"36.2891251,36.7046478",IS,168,189,175,139,672,1,1,1,1,,1,1. Fully covered,1. Fully covered,1. Fully covered,1. Fully covered,4. Not covered - N/A,1. Fully covered,
Idleb,Harim,Dana,Qah,Salam,Abl Baydar,"36.2971206,36.7267392",IS,68,65,58,51,242,,1,1,1,,1,4. Not covered - N/A,1. Fully covered,1. Fully covered,1. Fully covered,4. Not covered - N/A,1. Fully covered,
Idleb,Harim,Dana,Qah,Salam,Al Ahd Billah,"36.2809429,36.722739",IS,280,302,341,310,1234,1,1,1,1,,1,1. Fully covered,1. Fully covered,1. Fully covered,1. Fully covered,4. Not covered - N/A,1. Fully covered,
Idleb,Harim,Dana,Qah,Salam,Al Awdah,"36.3011783,36.7259557",IS,,,,,108,,1,1,1,,,4. Not covered - N/A,1. Fully covered,1. Fully covered,1. Fully covered,4. Not covered - N/A,4. Not covered - N/A,
Idleb,Harim,Dana,Aqrabat,Salam,Al Forkan,"36.2598924,36.718776",IS,372,356,324,328,1380,1,1,1,1,1,1,1. Fully covered,1. Fully covered,1. Fully covered,1. Fully covered,1. Fully covered,1. Fully covered,
Idleb,Harim,Dana,Qah,Salam,Al Goroub,"36.304082,36.7340204",IS,205,247,155,156,763,,1,1,1,,1,4. Not covered - N/A,1. Fully covered,1. Fully covered,1. Fully covered,4. Not covered - N/A,1. Fully covered,
Idleb,Harim,Dana,Qah,Salam,Al Jolan,"36.2806338,36.7235877",IS,461,472,378,348,1660,1,1,1,1,1,1,1. Fully covered,1. Fully covered,1. Fully covered,1. Fully covered,1. Fully covered,1. Fully covered,
Idleb,Harim,Dana,Qah,Salam,Al Khalij,"36.2739662,36.7153067",IS,165,127,91,72,455,1,1,1,1,1,1,1. Fully covered,1. Fully covered,1. Fully covered,1. Fully covered,1. Fully covered,1. Fully covered,
Idleb,Harim,Dana,Aqrabat,Salam,Al Midan,"36.2605063,36.7370359",IS,292,306,258,255,1111,,1,1,1,1,1,4. Not covered - N/A,1. Fully covered,1. Fully covered,1. Fully covered,1. Fully covered,1. Fully covered,
Idleb,Harim,Dana,Qah,Salam,Al Nasser,"36.2834508,36.7213223",IS,430,488,375,353,1646,1,1,1,1,1,1,1. Fully covered,1. Fully covered,1. Fully covered,1. Fully covered,1. Fully covered,1. Fully covered,
Idleb,Harim,Dana,Aqrabat (Dana),Salam,Al Madiq 1,"36.278461,36.6997177",IS,,,,,113,,,,,,,4. Not covered - N/A,4. Not covered - N/A,4. Not covered - N/A,4. Not covered - N/A,4. Not covered - N/A,4. Not covered - N/A,
Idleb,Harim,Dana,Aqrabat (Dana),Salam,Al Madiq 2,"36.2779215,36.70466",IS,,,,,114,,,,,,,4. Not covered - N/A,4. Not covered - N/A,4. Not covered - N/A,4. Not covered - N/A,4. Not covered - N/A,4. Not covered - N/A,
Idleb,Harim,Dana,Aqrabat,Salam,Al Salam,"36.2773025,36.7272212",IS,539,524,371,354,1787,1,1,1,1,1,1,1. Fully covered,1. Fully covered,1. Fully covered,1. Fully covered,1. Fully covered,1. Fully covered,
Idleb,Harim,Dana,Qah,Salam,Dar Al Riaya - Disabled,"36.2881987,36.7127532",IS,287,299,228,257,1071,1,1,1,1,,1,1. Fully covered,1. Fully covered,1. Fully covered,1. Fully covered,4. Not covered - N/A,1. Fully covered,
Idleb,Harim,Dana,Aqrabat,Salam,Dma'aet Nazeh,"36.2513819,36.7129659",IS,76,65,82,86,309,1,,,,,1,1. Fully covered,4. Not covered - N/A,4. Not covered - N/A,4. Not covered - N/A,4. Not covered - N/A,1. Fully covered,
Idleb,Harim,Dana,Qah,Salam,Kafr Nabutha Al Amal,"36.2940626,36.7251214",IS,79,76,68,59,282,1,1,1,1,,1,1. Fully covered,1. Fully covered,1. Fully covered,1. Fully covered,4. Not covered - N/A,1. Fully covered,
Idleb,Harim,Dana,Qah,Salam,Kafr Nabutha Alhora,"36.3023338,36.7180172",IS,88,84,75,65,312,1,1,1,1,,1,1. Fully covered,1. Fully covered,1. Fully covered,1. Fully covered,4. Not covered - N/A,1. Fully covered,
Idleb,Harim,Dana,Qah,Salam,Muhajreen Al Gab,"36.3000102,36.7172537",IS,144,138,124,108,514,,1,1,1,,1,4. Not covered - N/A,1. Fully covered,1. Fully covered,1. Fully covered,4. Not covered - N/A,1. Fully covered,
Idleb,Harim,Dana,Qah,Salam,Shams Al Izza,"36.2742854,36.7334572",IS,83,80,50,47,261,1,1,1,1,1,1,1. Fully covered,1. Fully covered,1. Fully covered,1. Fully covered,1. Fully covered,1. Fully covered,
Idleb,Harim,Dana,Qah,Salam,Shuhada Kafr Nabutha,"36.2990105,36.723799",IS,196,189,169,147,701,1,1,1,1,,1,1. Fully covered,1. Fully covered,1. Fully covered,1. Fully covered,4. Not covered - N/A,1. Fully covered,
Idleb,Harim,Dana,Qah,Salam,Zahrat Al Jolan,"36.3022515,36.7196677",IS,139,134,119,104,496,1,1,1,1,,1,1. Fully covered,1. Fully covered,1. Fully covered,1. Fully covered,4. Not covered - N/A,1. Fully covered,
Idleb,Harim,Dana,Sarmada,Sarmada,Al Nouri,"36.1943364,36.6902605",IS,232,284,255,242,1014,0.8,1,1,1,1,1,2. Mostly covered,1. Fully covered,1. Fully covered,1. Fully covered,1. Fully covered,1. Fully covered,
Idleb,Harim,Dana,Sarmada,Sarmada,Al Ummah,"36.2060669,36.7081098",IS,140,135,120,105,500,,1,1,1,,1,4. Not covered - N/A,1. Fully covered,1. Fully covered,1. Fully covered,4. Not covered - N/A,1. Fully covered,
Idleb,Harim,Dana,Sarmada,Sarmada,Imdad,"36.1945672,36.7066855",IS,150,145,129,112,536,,1,1,1,1,1,4. Not covered - N/A,1. Fully covered,1. Fully covered,1. Fully covered,1. Fully covered,1. Fully covered,
Idleb,Harim,Dana,Sarmada,Sarmada,Khaled Bin Al Waleed,"36.1944191,36.712876",IS,252,300,313,270,1135,,,1,1,,1,4. Not covered - N/A,4. Not covered - N/A,1. Fully covered,1. Fully covered,4. Not covered - N/A,1. Fully covered,
Idleb,Harim,Harim,Harim,Harim,Alhai Aljanouby school,"36.2060787,36.5137084",CC,22,73,30,27,152,1,1,1,1,1,1,1. Fully covered,1. Fully covered,1. Fully covered,1. Fully covered,1. Fully covered,1. Fully covered,
Idleb,Harim,Harim,Harim,Harim,Al Karameh,"36.2093487,36.530543",CC,9,8,4,4,24,1,1,1,1,1,1,1. Fully covered,1. Fully covered,1. Fully covered,1. Fully covered,1. Fully covered,1. Fully covered,
Idleb,Harim,Harim,Harim,Harim,Al Kaws school,"36.2070419,36.5180605",CC,51,44,25,20,140,1,1,1,1,1,1,1. Fully covered,1. Fully covered,1. Fully covered,1. Fully covered,1. Fully covered,1. Fully covered,
Idleb,Harim,Harim,Harim,Harim,Al Khorbeh school,"36.2171993,36.5104627",CC,53,52,25,25,155,1,1,1,1,1,1,1. Fully covered,1. Fully covered,1. Fully covered,1. Fully covered,1. Fully covered,1. Fully covered,
Idleb,Harim,Harim,Harim,Harim,Al Maliah,"36.2131891,36.5263073",CC,36,30,12,12,90,1,1,1,1,1,1,1. Fully covered,1. Fully covered,1. Fully covered,1. Fully covered,1. Fully covered,1. Fully covered,
Idleb,Harim,Harim,Harim,Harim,Almjamaa Altarbawy,"36.2190656,36.530657",CC,52,52,26,20,150,1,1,1,1,1,1,1. Fully covered,1. Fully covered,1. Fully covered,1. Fully covered,1. Fully covered,1. Fully covered,
Idleb,Harim,Harim,Harim,Harim,Alshouba ,"36.2191213,36.5130526",CC,9,11,6,6,32,1,1,1,1,1,1,1. Fully covered,1. Fully covered,1. Fully covered,1. Fully covered,1. Fully covered,1. Fully covered,
Idleb,Harim,Harim,Harim,Harim,Alsiasieh,"36.2182838,36.5289467",CC,71,66,28,25,190,1,1,1,1,1,1,1. Fully covered,1. Fully covered,1. Fully covered,1. Fully covered,1. Fully covered,1. Fully covered,
Idleb,Harim,Harim,Harim,Harim,Alzeraah,"36.2057494,36.5210532",CC,110,120,35,35,300,1,1,1,1,1,1,1. Fully covered,1. Fully covered,1. Fully covered,1. Fully covered,1. Fully covered,1. Fully covered,
Idleb,Harim,Harim,Harim,Harim,Kafarhum school,"36.2164275,36.5216442",CC,33,30,14,11,88,1,,0.6,1,,0.5,1. Fully covered,4. Not covered - N/A,2. Mostly covered,1. Fully covered,4. Not covered - N/A,3. Partially covered,
Idleb,Harim,Harim,Harim,Harim,Karm Abo Jaafar,"36.215687,36.5246183",CC,210,230,80,80,600,1,,,,,,1. Fully covered,4. Not covered - N/A,4. Not covered - N/A,4. Not covered - N/A,4. Not covered - N/A,4. Not covered - N/A,
Idleb,Harim,Harim,Harim,Harim,Omahat Al Moumenien,"36.2205483,36.5289042",IS,100,80,66,4,251,1,1,1,1,1,1,1. Fully covered,1. Fully covered,1. Fully covered,1. Fully covered,1. Fully covered,1. Fully covered,
Idleb,Harim,Harim,Harim,Harim,Jabal Harim (Sabiroon),"36.2483221,36.537602",IS,241,250,148,148,787,,,,,,,4. Not covered - N/A,4. Not covered - N/A,4. Not covered - N/A,4. Not covered - N/A,4. Not covered - N/A,4. Not covered - N/A,
Idleb,Harim,Harim,Harim,Harim,Al Madenh Monarh (Harim),"36.2151932,36.5260517",IS,,,,,148,,,,,,,4. Not covered - N/A,4. Not covered - N/A,4. Not covered - N/A,4. Not covered - N/A,4. Not covered - N/A,4. Not covered - N/A,
Idleb,Harim,Harim,Kafr Hum,Harim,Abna`a Al Ghab,"36.1940708,36.4729526",IS,271,268,166,137,842,1,,0.7,1,,1,1. Fully covered,4. Not covered - N/A,2. Mostly covered,1. Fully covered,4. Not covered - N/A,1. Fully covered,
Idleb,Harim,Harim,Kafr Hum,Harim,Kafr Hum,"36.1948078,36.4708548",IS,301,302,188,165,956,1,,0.6,1,,,1. Fully covered,4. Not covered - N/A,2. Mostly covered,1. Fully covered,4. Not covered - N/A,4. Not covered - N/A,
Idleb,Harim,Kafr Takharim,Kafr Takharim,Kafr Takharim,Ahmad Balaneh,"36.1091096,36.522376",CC,9,5,4,4,22,1,1,1,1,1,1,1. Fully covered,1. Fully covered,1. Fully covered,1. Fully covered,1. Fully covered,1. Fully covered,
Idleb,Harim,Kafr Takharim,Kafr Takharim,Kafr Takharim,Almyah building,"36.1144891,36.5102363",CC,1,2,1,,4,1,1,1,1,1,1,1. Fully covered,1. Fully covered,1. Fully covered,1. Fully covered,1. Fully covered,1. Fully covered,
Idleb,Harim,Kafr Takharim,Kafr Takharim,Kafr Takharim,Alzera'a building ,"36.1128545,36.5149931",CC,2,6,4,4,16,1,1,1,1,1,1,1. Fully covered,1. Fully covered,1. Fully covered,1. Fully covered,1. Fully covered,1. Fully covered,
Idleb,Harim,Kafr Takharim,Kafr Takharim,Kafr Takharim,Aref Kajo building ,"36.1116072,36.5103185",CC,4,3,4,4,15,1,1,1,1,1,1,1. Fully covered,1. Fully covered,1. Fully covered,1. Fully covered,1. Fully covered,1. Fully covered,
Idleb,Harim,Kafr Takharim,Kafr Takharim,Kafr Takharim,Ba'a building,"36.1190719,36.5194386",CC,11,10,5,5,31,1,1,1,1,1,1,1. Fully covered,1. Fully covered,1. Fully covered,1. Fully covered,1. Fully covered,1. Fully covered,
Idleb,Harim,Kafr Takharim,Kafr Takharim,Kafr Takharim,Mohammad Albashi building,"36.1199689,36.5086104",CC,6,5,3,4,18,1,1,1,1,1,1,1. Fully covered,1. Fully covered,1. Fully covered,1. Fully covered,1. Fully covered,1. Fully covered,
Idleb,Harim,Qourqeena,Qourqeena,Qourqeena,Al Bareed,"36.1369943,36.6060536",CC,9,7,6,6,28,1,1,1,1,,,1. Fully covered,1. Fully covered,1. Fully covered,1. Fully covered,4. Not covered - N/A,4. Not covered - N/A,
Idleb,Harim,Qourqeena,Qourqeena,Qourqeena,Al Edadia school,"36.129906,36.6133737",CC,31,25,13,11,80,1,,,1,1,1,1. Fully covered,4. Not covered - N/A,4. Not covered - N/A,1. Fully covered,1. Fully covered,1. Fully covered,
Idleb,Harim,Qourqeena,Qourqeena,Qourqeena,Al Kahraba'a,"36.1353253,36.6088186",CC,6,5,6,5,22,1,1,1,1,,,1. Fully covered,1. Fully covered,1. Fully covered,1. Fully covered,4. Not covered - N/A,4. Not covered - N/A,
Idleb,Harim,Qourqeena,Qourqeena,Qourqeena,Al Makhfar,"36.1343294,36.6205318",CC,23,30,12,11,76,1,1,1,1,1,1,1. Fully covered,1. Fully covered,1. Fully covered,1. Fully covered,1. Fully covered,1. Fully covered,
Idleb,Harim,Qourqeena,Qourqeena,Qourqeena,Al Mustawsaf,"36.1477016,36.6210352",CC,5,6,4,4,19,1,1,1,1,1,1,1. Fully covered,1. Fully covered,1. Fully covered,1. Fully covered,1. Fully covered,1. Fully covered,
Idleb,Harim,Qourqeena,Qourqeena,Qourqeena,Old court,"36.1448463,36.6163063",CC,3,2,1,1,7,1,1,1,1,1,1,1. Fully covered,1. Fully covered,1. Fully covered,1. Fully covered,1. Fully covered,1. Fully covered,
Idleb,Harim,Qourqeena,Qourqeena,Qourqeena,Said Bro's building,"36.1376762,36.6136768",CC,6,5,6,5,22,1,1,1,1,1,1,1. Fully covered,1. Fully covered,1. Fully covered,1. Fully covered,1. Fully covered,1. Fully covered,
Idleb,Harim,Qourqeena,Qourqeena,Qourqeena,Secondary school,"36.13857,36.6067235",CC,9,11,12,9,41,1,1,1,1,1,1,1. Fully covered,1. Fully covered,1. Fully covered,1. Fully covered,1. Fully covered,1. Fully covered,
Idleb,Jisr-Ash-Shugur,Darkosh,Darkosh,Darkosh,Ain Alkassab,"35.9897688,36.3954014",CC,15,10,4,4,33,,,,,,,4. Not covered - N/A,4. Not covered - N/A,4. Not covered - N/A,4. Not covered - N/A,4. Not covered - N/A,4. Not covered - N/A,
Idleb,Jisr-Ash-Shugur,Darkosh,Darkosh,Darkosh,Ain Alzarqa,"35.9935532,36.387521",CC,14,12,11,8,45,1,1,1,,,,1. Fully covered,1. Fully covered,1. Fully covered,4. Not covered - N/A,4. Not covered - N/A,4. Not covered - N/A,
Idleb,Jisr-Ash-Shugur,Darkosh,Darkosh,Darkosh,Al Kassab factory,"35.9973806,36.3929296",CC,2,2,1,1,6,,,,,,,4. Not covered - N/A,4. Not covered - N/A,4. Not covered - N/A,4. Not covered - N/A,4. Not covered - N/A,4. Not covered - N/A,
Idleb,Jisr-Ash-Shugur,Darkosh,Darkosh,Darkosh,Almoshiyrfeh Alshamalieh,"35.9974027,36.3834104",CC,5,4,3,3,15,1,,,,1,1,1. Fully covered,4. Not covered - N/A,4. Not covered - N/A,4. Not covered - N/A,1. Fully covered,1. Fully covered,
Idleb,Jisr-Ash-Shugur,Darkosh,Darkosh,Darkosh,Halab Alkassab,"35.987972,36.394506",CC,2,2,1,1,6,,,,,,,4. Not covered - N/A,4. Not covered - N/A,4. Not covered - N/A,4. Not covered - N/A,4. Not covered - N/A,4. Not covered - N/A,
Idleb,Jisr-Ash-Shugur,Darkosh,Darkosh,Darkosh,Jabal Alkassab,"35.993704,36.4010684",CC,2,2,1,1,6,,,,,,,4. Not covered - N/A,4. Not covered - N/A,4. Not covered - N/A,4. Not covered - N/A,4. Not covered - N/A,4. Not covered - N/A,
Idleb,Jisr-Ash-Shugur,Darkosh,Darkosh,Darkosh,Jisr Alkassab,"35.9881931,36.3904871",CC,12,12,6,6,36,,,,,,,4. Not covered - N/A,4. Not covered - N/A,4. Not covered - N/A,4. Not covered - N/A,4. Not covered - N/A,4. Not covered - N/A,
Idleb,Jisr-Ash-Shugur,Darkosh,Darkosh,Darkosh,Kharab Khalil school,"35.9862773,36.3935434",CC,10,6,5,4,25,1,,,,1,1,1. Fully covered,4. Not covered - N/A,4. Not covered - N/A,4. Not covered - N/A,1. Fully covered,1. Fully covered,
Idleb,Jisr-Ash-Shugur,Darkosh,Darkosh,Darkosh,Kharab Sultan school,"35.9960006,36.3870767",CC,6,4,3,3,16,1,,,,1,1,1. Fully covered,4. Not covered - N/A,4. Not covered - N/A,4. Not covered - N/A,1. Fully covered,1. Fully covered,
Idleb,Jisr-Ash-Shugur,Darkosh,Darkosh,Darkosh,Mshmeshan,"35.9828833,36.3967741",CC,12,10,5,5,32,,,,,,,4. Not covered - N/A,4. Not covered - N/A,4. Not covered - N/A,4. Not covered - N/A,4. Not covered - N/A,4. Not covered - N/A,
Idleb,Jisr-Ash-Shugur,Darkosh,Dorriyeh,Darkosh,Othman Bin Affan,"35.9872454,36.3092162",IS,242,255,218,179,894,1,1,1,1,,,1. Fully covered,1. Fully covered,1. Fully covered,1. Fully covered,4. Not covered - N/A,4. Not covered - N/A,
Idleb,Jisr-Ash-Shugur,Darkosh,Dorriyeh,Darkosh,Ali Bin Abi Taleb,"35.9899603,36.3008071",IS,412,422,315,286,1435,1,1,1,1,,,1. Fully covered,1. Fully covered,1. Fully covered,1. Fully covered,4. Not covered - N/A,4. Not covered - N/A,
Idleb,Jisr-Ash-Shugur,Darkosh,Dorriyeh,Darkosh,Al Madakha,"35.9849283,36.3030431",CC,,,,,79,,,,,,,4. Not covered - N/A,4. Not covered - N/A,4. Not covered - N/A,4. Not covered - N/A,4. Not covered - N/A,4. Not covered - N/A,
Idleb,Jisr-Ash-Shugur,Darkosh,Mreimin (Darkosh),Darkosh,Meriamen,"35.9298536,36.4176794",IS,32,34,22,20,108,,1,1,1,,,4. Not covered - N/A,1. Fully covered,1. Fully covered,1. Fully covered,4. Not covered - N/A,4. Not covered - N/A,
Idleb,Jisr-Ash-Shugur,Janudiyeh,Foz - Zuf,Jisr-Ash-Shugur,Az-Zawf 1 (Sham),"35.9503149,36.2366083",IS,796,767,681,596,2840,,1,1,1,,,4. Not covered - N/A,1. Fully covered,1. Fully covered,1. Fully covered,4. Not covered - N/A,4. Not covered - N/A,
Idleb,Jisr-Ash-Shugur,Janudiyeh,Foz - Zuf,Jisr-Ash-Shugur,Az-Zawf 2 (Sadaka Tashi),"35.9497123,36.2070222",IS,587,578,667,661,2493,1,1,1,1,,0.5,1. Fully covered,1. Fully covered,1. Fully covered,1. Fully covered,4. Not covered - N/A,3. Partially covered,
Idleb,Jisr-Ash-Shugur,Janudiyeh,Foz - Zuf,Jisr-Ash-Shugur,Az-Zawf 3 (Al Ikhaa),"35.9437939,36.2102344",IS,298,272,338,335,1242,1,1,1,1,,0.75,1. Fully covered,1. Fully covered,1. Fully covered,1. Fully covered,4. Not covered - N/A,2. Mostly covered,
Idleb,Jisr-Ash-Shugur,Janudiyeh,Hamama - Kafr Debbin,Jisr-Ash-Shugur,Al Hamama,"35.9278664,36.3541095",CC,117,105,57,48,327,1,,0.5,0.5,0.5,0.5,1. Fully covered,4. Not covered - N/A,3. Partially covered,3. Partially covered,3. Partially covered,3. Partially covered,
Idleb,Jisr-Ash-Shugur,Janudiyeh,Qaderiyeh - Qayqun,Jisr-Ash-Shugur,Al Kaderiyeh,"35.8967955,36.3128074",IS,36,36,33,24,129,1,1,1,1,,,1. Fully covered,1. Fully covered,1. Fully covered,1. Fully covered,4. Not covered - N/A,4. Not covered - N/A,
Idleb,Jisr-Ash-Shugur,Jisr-Ash-Shugur,Jisr-Ash-Shugur,Jisr-Ash-Shugur,Om Elriysh,"35.8196223,36.306218",CC,23,20,6,7,56,,,,,1,,4. Not covered - N/A,4. Not covered - N/A,4. Not covered - N/A,4. Not covered - N/A,1. Fully covered,4. Not covered - N/A,
Idleb,Jisr-Ash-Shugur,Badama,Kherbet Eljoz,Kherbet Eljoz,Al Fateha,"35.9079371,36.1912639",IS,,,,,77,,1,1,1,,,4. Not covered - N/A,1. Fully covered,1. Fully covered,1. Fully covered,4. Not covered - N/A,4. Not covered - N/A,
Idleb,Jisr-Ash-Shugur,Badama,Kherbet Eljoz,Kherbet Eljoz,Salah Alden (Kherbet Eljoz),"35.9030262,36.1768712",IS,798,785,828,819,3229,1,1,1,1,1,,1. Fully covered,1. Fully covered,1. Fully covered,1. Fully covered,1. Fully covered,4. Not covered - N/A,
Idleb,Jisr-Ash-Shugur,Badama,Kherbet Eljoz,Kherbet Eljoz,Ataa Al Kheir,"35.9092185,36.1952302",IS,,,,,2482,1,1,1,1,,,1. Fully covered,1. Fully covered,1. Fully covered,1. Fully covered,4. Not covered - N/A,4. Not covered - N/A,
Idleb,Jisr-Ash-Shugur,Badama,Kherbet Eljoz,Kherbet Eljoz,Ein Al Bayda,"35.9018101,36.1874869",IS,,,,,4845,,1,1,1,,,4. Not covered - N/A,1. Fully covered,1. Fully covered,1. Fully covered,4. Not covered - N/A,4. Not covered - N/A,
Idleb,Jisr-Ash-Shugur,Badama,Kherbet Eljoz,Kherbet Eljoz,Omar,"35.8947854,36.1824386",IS,,,,,3184,,1,1,1,,,4. Not covered - N/A,1. Fully covered,1. Fully covered,1. Fully covered,4. Not covered - N/A,4. Not covered - N/A,
Idleb,Jisr-Ash-Shugur,Badama,Ein El-Bayda,Oben,Al Hanbushiyeh,"35.8725172,36.1882395",IS,541,451,331,286,1608,1,1,1,1,1,,1. Fully covered,1. Fully covered,1. Fully covered,1. Fully covered,1. Fully covered,4. Not covered - N/A,
