PCODE,governorate,district,cluster,camp_name,geo,TypeSite,girls,boys,women,men,individual,Shelter,NFI,Water,Sanitation,Waste_Removal,Food,shelter_cat,NFI_cat,water_cat,sanitation_cat,waste_cat,Food_cat
CP000457,Aleppo,Al Bab,Al Bab,Duyuf Al Sharqia,"36.3865306,37.5063639",IS,261,265,210,221,957,1,1,1,0.7,1,0,1. Fully covered,1. Fully covered,1. Fully covered,2. Mostly covered,1. Fully covered,Not covered - N/A
CP000449,Aleppo,Al Bab,Al Bab,Al Bab Transit/Reception Centre,"36.5422083,37.531125",T/RC,50,53,40,36,179,1,1,1,1,1,1,1. Fully covered,1. Fully covered,1. Fully covered,1. Fully covered,1. Fully covered,1. Fully covered
CP000364,Aleppo,Azaz,Azaz,Azaz Transit/Reception Centre,"36.5865440368652,37.0558166503906",T/RC,168,157,131,95,551,1,1,1,1,1,1,1. Fully covered,1. Fully covered,1. Fully covered,1. Fully covered,1. Fully covered,1. Fully covered
CP000478,Aleppo,Azaz,Azaz,Tadamun,"36.584503,37.067942",IS,56,46,34,29,165,0.5,0.1,0.1,0,0.35,0.1,2. Mostly covered,3. Partially covered,3. Partially covered,Not covered - N/A,3. Partially covered,3. Partially covered
CP000479,Aleppo,Azaz,Azaz,Al Rahmah (Salama) ,"36.625222,37.080253",IS,1750,1550,750,650,4700,0.44,0.3,0,0,0,0,3. Partially covered,3. Partially covered,Not covered - N/A,Not covered - N/A,Not covered - N/A,Not covered - N/A
CP000005,Aleppo,Azaz,Azaz,Bab Al Salame,"36.630837,37.084091",IS,3015,2802,1654,1513,8984,0.3,0.6,0,0,0,0,3. Partially covered,2. Mostly covered,Not covered - N/A,Not covered - N/A,Not covered - N/A,Not covered - N/A
CP000008,Aleppo,Azaz,Azaz,Sujjo,"36.623297,37.091979",IS,2285,2340,1724,1500,7849,0.3,0.5,0,0,0,0,3. Partially covered,2. Mostly covered,Not covered - N/A,Not covered - N/A,Not covered - N/A,Not covered - N/A
CP000291,Aleppo,Azaz,Azaz,Yazibag,"36.621618,37.072373",IS,5300,4250,3480,2300,15330,0.2,0.6,0.8,0.3,0.8,0.25,3. Partially covered,2. Mostly covered,2. Mostly covered,3. Partially covered,2. Mostly covered,3. Partially covered
CP000007,Aleppo,Azaz,Azaz,Al Harameen (and extensions),"36.638889,37.147055",IS,594,625,512,480,2211,0,0,0,0,0,0,Not covered - N/A,Not covered - N/A,Not covered - N/A,Not covered - N/A,Not covered - N/A,Not covered - N/A
CP000290,Aleppo,Azaz,Azaz,Al Rayan (Azaz) ,"36.654828,37.118748",IS,2575,2274,1507,1191,7547,0,0,0,0,0,0,Not covered - N/A,Not covered - N/A,Not covered - N/A,Not covered - N/A,Not covered - N/A,Not covered - N/A
CP000278,Aleppo,Azaz,Azaz,Al Resalah (Al Armuda),"36.661868,37.116302",PC,3297,2817,3019,2720,11853,0.8,0.8,0.9,0.9,0.9,0.85,2. Mostly covered,2. Mostly covered,2. Mostly covered,2. Mostly covered,2. Mostly covered,2. Mostly covered
CP000003,Aleppo,Azaz,Azaz,Bab Al Iman,"36.661389,37.135328",IS,313,311,243,188,1055,0,0,0,0,0,0,Not covered - N/A,Not covered - N/A,Not covered - N/A,Not covered - N/A,Not covered - N/A,Not covered - N/A
CP000004,Aleppo,Azaz,Azaz,Bab Al Noor,"36.652908,37.127657",IS,2078,2379,1775,1508,7740,0.9,0.75,0,0,0,0,2. Mostly covered,2. Mostly covered,Not covered - N/A,Not covered - N/A,Not covered - N/A,Not covered - N/A
CP000009,Aleppo,Azaz,Azaz,"Shamarin (Dhahiat Al-Shuhada, Qatari)","36.653622,37.13975",IS,951,841,572,520,2884,0,0,0,0,0,0,Not covered - N/A,Not covered - N/A,Not covered - N/A,Not covered - N/A,Not covered - N/A,Not covered - N/A
CP000477,Aleppo,Azaz,Azaz,Tal Jubeen,"36.664972,37.135103",IS,1650,1520,1380,1260,5810,0.1,0.1,0.15,0.15,0.15,0.15,3. Partially covered,3. Partially covered,3. Partially covered,3. Partially covered,3. Partially covered,3. Partially covered
CP000293,Aleppo,Azaz,Azaz,Talil Elsham school,"36.650659,37.102803",IS,1055,981,920,941,3897,0,0,0,0,0,0,Not covered - N/A,Not covered - N/A,Not covered - N/A,Not covered - N/A,Not covered - N/A,Not covered - N/A
CP000294,Aleppo,Azaz,Azaz,Talil Elsham Southern,"36.645237,37.105885",IS,1150,1050,992,897,4089,0.3,0.3,0.9,0.9,0.9,0.9,3. Partially covered,3. Partially covered,2. Mostly covered,2. Mostly covered,2. Mostly covered,2. Mostly covered
CP000292,Aleppo,Azaz,Azaz,Al Zeytoun (Al Helal),"36.632937,37.108581",IS,480,420,270,180,1350,0.65,0.65,0.95,0.95,0.95,0.95,2. Mostly covered,2. Mostly covered,2. Mostly covered,2. Mostly covered,2. Mostly covered,2. Mostly covered
CP000495,Aleppo,Azaz,Azaz,Dostluk (Friendship Camp),"36.6006028,37.1886333",PC,497,540,226,213,1476,1,1,1,1,1,1,1. Fully covered,1. Fully covered,1. Fully covered,1. Fully covered,1. Fully covered,1. Fully covered
CP000494,Aleppo,Azaz,Azaz,Elbil 1,"36.5952806,37.1860278",PC,600,562,720,316,2198,1,1,1,1,1,1,1. Fully covered,1. Fully covered,1. Fully covered,1. Fully covered,1. Fully covered,1. Fully covered
CP000006,Aleppo,Azaz,Azaz,Ekkdeh,"36.659951,37.181882",IS,571,532,627,503,2233,1,0.8,1,1,1,0.85,1. Fully covered,2. Mostly covered,1. Fully covered,1. Fully covered,1. Fully covered,2. Mostly covered
CP000011,Aleppo,Jarablus,Jarablus,Camp 5,"36.8096611,38.0071472",IS,0,0,0,0,0,0,0,0,0,0,0,Not covered - N/A,Not covered - N/A,Not covered - N/A,Not covered - N/A,Not covered - N/A,Not covered - N/A
CP000015,Aleppo,Jarablus,Jarablus,Jarablus (Stadium),"36.823689,38.012361",IS,331,307,316,311,1265,1,1,0,0,0,0,1. Fully covered,1. Fully covered,Not covered - N/A,Not covered - N/A,Not covered - N/A,Not covered - N/A
CP000017,Aleppo,Jarablus,Jarablus,Jarablus 4 (Jbel),"36.811489,38.007675",IS,1656,1668,2284,2337,7945,1,1,0,0,0,0,1. Fully covered,1. Fully covered,Not covered - N/A,Not covered - N/A,Not covered - N/A,Not covered - N/A
CP000283,Aleppo,Jebel Saman,Atareb,Ra'a,"36.1066667,36.745",IS,340,400,205,185,1130,0.4,1,1,1,1,0,3. Partially covered,1. Fully covered,1. Fully covered,1. Fully covered,1. Fully covered,Not covered - N/A
CP000499,Aleppo,Jebel Saman,Atareb,Carpet factory ,"36.136986,36.824125",CC,8,8,9,9,34,0,0,0,0,0,0,Not covered - N/A,Not covered - N/A,Not covered - N/A,Not covered - N/A,Not covered - N/A,Not covered - N/A
CP000498,Aleppo,Jebel Saman,Atareb,Industrial Secondary ,"36.133932,36.823037",CC,100,75,75,80,330,1,1,1,1,1,1,1. Fully covered,1. Fully covered,1. Fully covered,1. Fully covered,1. Fully covered,1. Fully covered
CP000458,Aleppo,Jebel Saman,Atareb,Al Hersh,"36.152648,36.741286",IS,360,590,805,750,2505,1,0.75,0.75,0.75,0.75,1,1. Fully covered,2. Mostly covered,2. Mostly covered,2. Mostly covered,2. Mostly covered,1. Fully covered
CP000492,Aleppo,Jebel Saman,Atareb,Qortoba,"36.130603,36.725415",IS,309,336,189,144,978,0.5,1,0,0,0,0,2. Mostly covered,1. Fully covered,Not covered - N/A,Not covered - N/A,Not covered - N/A,Not covered - N/A
CP000556,Aleppo,Jebel Saman,Atareb,Tal Nawaz,"36.12070,36.76308",IS,0,0,0,0,0,1,0,0,0,0,0,1. Fully covered,Not covered - N/A,Not covered - N/A,Not covered - N/A,Not covered - N/A,Not covered - N/A
CP000557,Aleppo,Jebel Saman,Atareb,Sabroun Camp(Batbo),"36.14790,36.72009",IS,830,572,355,318,2075,0.5,0,0.5,1,1,0.5,2. Mostly covered,Not covered - N/A,2. Mostly covered,1. Fully covered,1. Fully covered,2. Mostly covered
CP000561,Aleppo,Jebel Saman,Atareb,Hab Abyad,"36.13330,36.72578",IS,65,65,60,60,250,0,0,0,0,0,0,Not covered - N/A,Not covered - N/A,Not covered - N/A,Not covered - N/A,Not covered - N/A,Not covered - N/A
CP000406,Aleppo,Jebel Saman,Atareb,Al Abiad-Kafar Karmeen,"36.164894,36.787968",IS,646,683,411,353,2093,0.8,0.8,0,0,0,1,2. Mostly covered,2. Mostly covered,Not covered - N/A,Not covered - N/A,Not covered - N/A,1. Fully covered
CP000419,Aleppo,Jebel Saman,Atareb,Mezanaz Transit_Reception Centre,"36.058577,36.860305",T/RC,702,777,541,408,2428,1,1,1,1,1,1,1. Fully covered,1. Fully covered,1. Fully covered,1. Fully covered,1. Fully covered,1. Fully covered
CP000431,Idleb,Al Mara,Maarrat An Numan,Al Wafa (Maarrat An Numan),"35.6661576070001,36.7263378150001",IS,352,319,223,190,1084,0.8,0.8,0,0,0,0,2. Mostly covered,2. Mostly covered,Not covered - N/A,Not covered - N/A,Not covered - N/A,Not covered - N/A
CP000525,Idleb,Al Mara,Maarrat An Numan,Al Sarman,"35.594506,36.858358",IS,750,600,450,350,2150,0,0,0,0,0,0,Not covered - N/A,Not covered - N/A,Not covered - N/A,Not covered - N/A,Not covered - N/A,Not covered - N/A
CP000048,Idleb,Harim,Armanaz,Alshbiba buildinng,"36.08364,36.50385",CC,9,9,10,6,34,0,0,0,0,0,0,Not covered - N/A,Not covered - N/A,Not covered - N/A,Not covered - N/A,Not covered - N/A,Not covered - N/A
CP000055,Idleb,Harim,Armanaz,Municipality building,"36.085926,36.500618",CC,181,196,145,137,659,0.89,0.39,0,0,0,0,2. Mostly covered,3. Partially covered,Not covered - N/A,Not covered - N/A,Not covered - N/A,Not covered - N/A
CP000059,Idleb,Harim,Atma,Atma,"36.322614,36.663372",IS,26721,30944,23620,20890,102175,0,0,0,0,0,0,Not covered - N/A,Not covered - N/A,Not covered - N/A,Not covered - N/A,Not covered - N/A,Not covered - N/A
CP000434,Idleb,Harim,Bab Al Hawa,Al Bardakli,"36.2137472,36.7276778",IS,56,63,52,246,417,0.2,0,1,1,1,0.99,3. Partially covered,Not covered - N/A,1. Fully covered,1. Fully covered,1. Fully covered,2. Mostly covered
CP000060,Idleb,Harim,Bab Al Hawa,Al Nahdha,"36.122126,36.434594",IS,343,314,163,140,960,1,0.8,0,0,0,0,1. Fully covered,2. Mostly covered,Not covered - N/A,Not covered - N/A,Not covered - N/A,Not covered - N/A
CP000066,Idleb,Harim,Bab Al Hawa,Aysha,"36.218453,36.691215",IS,164,163,171,149,647,0,0,0,0,0,0,Not covered - N/A,Not covered - N/A,Not covered - N/A,Not covered - N/A,Not covered - N/A,Not covered - N/A
CP000527,Idleb,Harim,Bab Al Hawa,Ghouta Sharkiye,"36.2356389,36.7180833",IS,1973,1584,1672,1313,6542,1,1,1,1,1,1,1. Fully covered,1. Fully covered,1. Fully covered,1. Fully covered,1. Fully covered,1. Fully covered
CP000069,Idleb,Harim,Bab Al Hawa,Othman Bin Affan (Bab El Hawa),"36.206403,36.729064",IS,156,162,130,114,562,0,0,0,0,0,0,Not covered - N/A,Not covered - N/A,Not covered - N/A,Not covered - N/A,Not covered - N/A,Not covered - N/A
CP000067,Idleb,Harim,Bab Al Hawa,Shahba'1 (Bab Al Hawa Lower/1),"36.228653,36.69619",IS,225,227,154,149,755,1,1,0,0,0,1,1. Fully covered,1. Fully covered,Not covered - N/A,Not covered - N/A,Not covered - N/A,1. Fully covered
CP000070,Idleb,Harim,Bab Al Hawa,Shahba'2,"36.2127,36.7153",IS,0,0,0,0,0,0,0,0,0,0,0,Not covered - N/A,Not covered - N/A,Not covered - N/A,Not covered - N/A,Not covered - N/A,Not covered - N/A
CP000451,Idleb,Harim,Bab Al Hawa,Umut Camp,"36.2276056,36.7182444",PC,1860,1493,1552,1200,6105,1,1,1,1,1,1,1. Fully covered,1. Fully covered,1. Fully covered,1. Fully covered,1. Fully covered,1. Fully covered
CP000452,Idleb,Harim,Bab Al Hawa,Yalniz Degilsiniz 2,"36.237125,36.7157861",PC,229,188,111,93,621,1,1,1,1,1,1,1. Fully covered,1. Fully covered,1. Fully covered,1. Fully covered,1. Fully covered,1. Fully covered
CP000533,Idleb,Harim,Deir Hassan,Al Khair,"36.2151056,36.7438056",IS,276,256,179,149,860,0.15,0,0,0,0,1,3. Partially covered,Not covered - N/A,Not covered - N/A,Not covered - N/A,Not covered - N/A,1. Fully covered
CP000569,Idleb,Harim,Bab Al Hawa,Aldiaa,"36.224833,36.674639",IS,580,479,309,301,1669,0.9,0.9,0.9,0.9,0.9,0.9,2. Mostly covered,2. Mostly covered,2. Mostly covered,2. Mostly covered,2. Mostly covered,2. Mostly covered
CP000534,Idleb,Harim,Deir Hassan,Wadi Alazeeb,"36.2151056,36.7438056",IS,175,125,102,75,477,0.2,0.2,1,1,1,1,3. Partially covered,3. Partially covered,1. Fully covered,1. Fully covered,1. Fully covered,1. Fully covered
CP000535,Idleb,Harim,Deir Hassan,Al Salam (Deir Hassan) ,"36.211448,36.746385",IS,105,130,139,116,490,0.2,0.2,0.99,0.99,0.99,0.99,3. Partially covered,3. Partially covered,2. Mostly covered,2. Mostly covered,2. Mostly covered,2. Mostly covered
CP000541,Idleb,Harim,Deir Hassan,Al-Baraka,"36.254133,36.751314",IS,564,508,413,421,1905,0.25,0,0,0,0,1,3. Partially covered,Not covered - N/A,Not covered - N/A,Not covered - N/A,Not covered - N/A,1. Fully covered
CP000542,Idleb,Harim,Deir Hassan,Al-Nashmy ,"36.16453056,36.78139444",IS,71,60,116,77,324,0.6,0,0,0,0,0,2. Mostly covered,Not covered - N/A,Not covered - N/A,Not covered - N/A,Not covered - N/A,Not covered - N/A
CP000543,Idleb,Harim,Deir Hassan,Al-Waleed-Der hassan ,"36.16453056,36.78139444",IS,131,106,51,47,335,1,0,0,0,0,1,1. Fully covered,Not covered - N/A,Not covered - N/A,Not covered - N/A,Not covered - N/A,1. Fully covered
CP000544,Idleb,Harim,Deir Hassan,Al-Naeemiia,"36.210196,36.748215",IS,185,128,130,81,525,0.5,0,0,0,0,1,2. Mostly covered,Not covered - N/A,Not covered - N/A,Not covered - N/A,Not covered - N/A,1. Fully covered
CP000545,Idleb,Harim,Deir Hassan,Om Twaina,"36.211299,36.748217",IS,173,152,117,103,545,0.6,0,0,0,0,1,2. Mostly covered,Not covered - N/A,Not covered - N/A,Not covered - N/A,Not covered - N/A,1. Fully covered
CP000547,Idleb,Harim,Deir Hassan,Al-Ahmad,"36.213842,36.744991",IS,181,159,126,114,580,0.1,0,0,0,0,1,3. Partially covered,Not covered - N/A,Not covered - N/A,Not covered - N/A,Not covered - N/A,1. Fully covered
CP000548,Idleb,Harim,Deir Hassan,Aldarraj,"36.211733,36.748224",IS,83,91,76,65,315,0.15,0,0,0,0,1,3. Partially covered,Not covered - N/A,Not covered - N/A,Not covered - N/A,Not covered - N/A,1. Fully covered
CP000549,Idleb,Harim,Deir Hassan,Tal alhattabat,"36.256858,36.751028",IS,92,72,67,59,290,0.3,0,0,0,0,1,3. Partially covered,Not covered - N/A,Not covered - N/A,Not covered - N/A,Not covered - N/A,1. Fully covered
CP000550,Idleb,Harim,Deir Hassan,Om Qbaiba,"36.210318,36.752846",IS,107,98,79,71,355,0.15,0,0,0,0,1,3. Partially covered,Not covered - N/A,Not covered - N/A,Not covered - N/A,Not covered - N/A,1. Fully covered
CP000553,Idleb,Harim,Deir Hassan,Abnaa alziara,"36.212248,36.744179",IS,68,63,53,41,225,0.5,0,0,0,0,1,2. Mostly covered,Not covered - N/A,Not covered - N/A,Not covered - N/A,Not covered - N/A,1. Fully covered
CP000273,Idleb,Harim,Deir Hassan,Abu Obeida Ben Aljaraah,"36.240626,36.743817",IS,267,369,250,244,1130,0.8,0.8,1,1,1,1,2. Mostly covered,2. Mostly covered,1. Fully covered,1. Fully covered,1. Fully covered,1. Fully covered
CP000333,Idleb,Harim,Deir Hassan,Ahl Al Balad,"36.241069,36.741186",IS,299,302,205,199,1005,0.8,0.8,1,1,1,1,2. Mostly covered,2. Mostly covered,1. Fully covered,1. Fully covered,1. Fully covered,1. Fully covered
CP000407,Idleb,Harim,Deir Hassan,Al Bunian Al Kuwaite,"36.251214,36.74944",IS,529,533,362,351,1775,0.61,0.8,1,1,1,1,2. Mostly covered,2. Mostly covered,1. Fully covered,1. Fully covered,1. Fully covered,1. Fully covered
CP000470,Idleb,Harim,Deir Hassan,Al Iman,"36.254713,36.740189",IS,386,389,264,256,1295,1,1,1,1,1,1,1. Fully covered,1. Fully covered,1. Fully covered,1. Fully covered,1. Fully covered,1. Fully covered
CP000489,Idleb,Harim,Deir Hassan,Al Jesat,"36.2516889,36.7420722",IS,221,222,151,147,740,1,1,0,0,0,1,1. Fully covered,1. Fully covered,Not covered - N/A,Not covered - N/A,Not covered - N/A,1. Fully covered
CP000435,Idleb,Harim,Deir Hassan,Al Mansour,"36.2322722,36.7378111",IS,405,381,288,260,1334,0.1,0,1,1,1,0,3. Partially covered,Not covered - N/A,1. Fully covered,1. Fully covered,1. Fully covered,Not covered - N/A
CP000436,Idleb,Harim,Deir Hassan,Al Mazalem,"36.2526556,36.744375",IS,112,113,77,74,375,0.8,0.8,1,1,1,1,2. Mostly covered,2. Mostly covered,1. Fully covered,1. Fully covered,1. Fully covered,1. Fully covered
CP000334,Idleb,Harim,Deir Hassan,Al Nahda,"36.2500528,36.7408306",IS,1211,1220,829,805,4065,0.75,0.6,1,1,1,1,2. Mostly covered,2. Mostly covered,1. Fully covered,1. Fully covered,1. Fully covered,1. Fully covered
CP000409,Idleb,Harim,Deir Hassan,Al Naief,"36.2473694,36.7455056",IS,143,144,98,95,480,1,1,1,1,1,1,1. Fully covered,1. Fully covered,1. Fully covered,1. Fully covered,1. Fully covered,1. Fully covered
CP000437,Idleb,Harim,Deir Hassan,Al Nour (Deir Hassan),"36.2493694,36.7476917",IS,295,297,202,196,990,1,1,1,1,1,1,1. Fully covered,1. Fully covered,1. Fully covered,1. Fully covered,1. Fully covered,1. Fully covered
CP000274,Idleb,Harim,Deir Hassan,Al Rahmah Lahl Al Gab (Al Qaqaa),"36.236023,36.752781",IS,758,764,519,504,2545,0.8,0.8,1,1,1,1,2. Mostly covered,2. Mostly covered,1. Fully covered,1. Fully covered,1. Fully covered,1. Fully covered
CP000532,Idleb,Harim,Deir Hassan,Al Safa wa Al Basher,"36.226286,36.735471",IS,535,480,675,654,2344,0.2,0.2,0.2,0.2,0.2,1,3. Partially covered,3. Partially covered,3. Partially covered,3. Partially covered,3. Partially covered,1. Fully covered
CP000476,Idleb,Harim,Deir Hassan,Al Shomaria,"36.252197,36.74759",IS,486,489,333,323,1630,0.8,0.8,1,1,1,1,2. Mostly covered,2. Mostly covered,1. Fully covered,1. Fully covered,1. Fully covered,1. Fully covered
CP000340,Idleb,Harim,Deir Hassan,Al Wdhehee,"36.25659604,36.75148357",IS,1231,1239,842,818,4130,1,1,1,1,1,1,1. Fully covered,1. Fully covered,1. Fully covered,1. Fully covered,1. Fully covered,1. Fully covered
CP000475,Idleb,Harim,Deir Hassan,Babes,"36.253109,36.746936",IS,107,108,73,72,360,1,1,1,1,1,1,1. Fully covered,1. Fully covered,1. Fully covered,1. Fully covered,1. Fully covered,1. Fully covered
CP000466,Idleb,Harim,Deir Hassan,Badelha ,"36.24717,36.74317",IS,331,333,226,220,1110,1,1,0,0,0,1,1. Fully covered,1. Fully covered,Not covered - N/A,Not covered - N/A,Not covered - N/A,1. Fully covered
CP000336,Idleb,Harim,Deir Hassan,Ebtieen,"36.2357694,36.7580444",IS,374,377,256,248,1255,1,1,1,1,1,1,1. Fully covered,1. Fully covered,1. Fully covered,1. Fully covered,1. Fully covered,1. Fully covered
CP000275,Idleb,Harim,Deir Hassan,Ghetaa Al Rahma 1,"36.237982,36.751332",IS,887,907,547,578,2919,0.8,0.8,1,1,1,1,2. Mostly covered,2. Mostly covered,1. Fully covered,1. Fully covered,1. Fully covered,1. Fully covered
CP000474,Idleb,Harim,Deir Hassan,Halab Alshahba,"36.252249,36.750899",IS,128,129,88,85,430,1,1,1,1,1,1,1. Fully covered,1. Fully covered,1. Fully covered,1. Fully covered,1. Fully covered,1. Fully covered
CP000463,Idleb,Harim,Deir Hassan,Kafr Obaid,"36.2436,36.75415",IS,201,203,138,134,675,0.8,0.8,0,0,0,1,2. Mostly covered,2. Mostly covered,Not covered - N/A,Not covered - N/A,Not covered - N/A,1. Fully covered
CP000473,Idleb,Harim,Deir Hassan,Khan Sheikhon,"36.253834,36.737665",IS,589,593,403,391,1975,0.67,1,1,1,1,1,2. Mostly covered,1. Fully covered,1. Fully covered,1. Fully covered,1. Fully covered,1. Fully covered
CP000410,Idleb,Harim,Deir Hassan,Khan Toman,"36.240268,36.750815",IS,470,445,368,321,1604,0.65,0.5,1,1,1,1,2. Mostly covered,2. Mostly covered,1. Fully covered,1. Fully covered,1. Fully covered,1. Fully covered
CP000438,Idleb,Harim,Deir Hassan,Lastom Wahdakom,"36.2482611,36.7310556",IS,243,236,260,226,965,0.8,0.8,1,1,1,1,2. Mostly covered,2. Mostly covered,1. Fully covered,1. Fully covered,1. Fully covered,1. Fully covered
CP000439,Idleb,Harim,Deir Hassan,Morek,"36.2466167,36.7361528",IS,2615,2230,1000,760,6605,0.6,0.6,0.6,0.6,0.6,0.6,2. Mostly covered,2. Mostly covered,2. Mostly covered,2. Mostly covered,2. Mostly covered,2. Mostly covered
CP000472,Idleb,Harim,Deir Hassan,Nasaem Al Khayr 2,"36.23749954,36.75091708",IS,700,705,479,466,2350,0.8,1,0,0,0,1,2. Mostly covered,1. Fully covered,Not covered - N/A,Not covered - N/A,Not covered - N/A,1. Fully covered
CP000276,Idleb,Harim,Deir Hassan,Nasaem Al Khayr,"36.240626,36.743817",IS,375,321,346,270,1312,0.8,0.8,1,1,1,1,2. Mostly covered,2. Mostly covered,1. Fully covered,1. Fully covered,1. Fully covered,1. Fully covered
CP000277,Idleb,Harim,Deir Hassan,Nour Al Houda,"36.238763,36.749292",IS,1310,1240,825,740,4115,0.6,0.6,0.6,0.6,0.6,0.6,2. Mostly covered,2. Mostly covered,2. Mostly covered,2. Mostly covered,2. Mostly covered,2. Mostly covered
CP000568,Idleb,Harim,Deir Hassan,Mulhak Nour Al Houda,"36.23492,36.7588",IS,410,380,335,290,1415,0.3,0.3,1,1,1,1,3. Partially covered,3. Partially covered,1. Fully covered,1. Fully covered,1. Fully covered,1. Fully covered
CP000440,Idleb,Harim,Deir Hassan,Nour Al Kheir,"36.2487417,36.7556306",IS,562,517,468,403,1950,0.8,0.8,1,1,1,1,2. Mostly covered,2. Mostly covered,1. Fully covered,1. Fully covered,1. Fully covered,1. Fully covered
CP000411,Idleb,Harim,Deir Hassan,Qariat Al Iman,"36.238664,36.750429",IS,241,241,164,159,805,0.8,0.8,1,1,1,1,2. Mostly covered,2. Mostly covered,1. Fully covered,1. Fully covered,1. Fully covered,1. Fully covered
CP000471,Idleb,Harim,Deir Hassan,Qyam,"36.24308349,36.74547592",IS,368,348,299,205,1220,0.71,1,1,1,1,1,2. Mostly covered,1. Fully covered,1. Fully covered,1. Fully covered,1. Fully covered,1. Fully covered
CP000338,Idleb,Harim,Deir Hassan,Reef Aleppo,"36.2505944,36.7473222",IS,135,125,106,98,464,0.25,0.25,1,1,1,1,3. Partially covered,3. Partially covered,1. Fully covered,1. Fully covered,1. Fully covered,1. Fully covered
CP000328,Idleb,Harim,Deir Hassan,Sons of Mehin (Abna Mehin),"36.245013,36.735554",IS,1190,1240,1080,848,4358,0.58,0.58,1,1,1,1,2. Mostly covered,2. Mostly covered,1. Fully covered,1. Fully covered,1. Fully covered,1. Fully covered
CP000339,Idleb,Harim,Deir Hassan,Tal Al Karama,"36.1871167,36.7548472",IS,2875,2643,1895,1226,8639,0.5,0.5,1,1,1,1,2. Mostly covered,2. Mostly covered,1. Fully covered,1. Fully covered,1. Fully covered,1. Fully covered
CP000555,Idleb,Harim,Deir Hassan,Tal Fakhar,"36.19303,36.74706",IS,193,175,142,120,630,0.3,0,1,0,1,0.9,3. Partially covered,Not covered - N/A,1. Fully covered,Not covered - N/A,1. Fully covered,2. Mostly covered
CP000335,Idleb,Harim,Deir Hassan,Zamzam,"36.236666,36.752863",IS,150,100,110,0,360,0.45,0.45,1,1,1,1,3. Partially covered,3. Partially covered,1. Fully covered,1. Fully covered,1. Fully covered,1. Fully covered
CP000567,Idleb,Harim,Deir Hassan,Al Fan Alshemali,"36.24176,36.73522",IS,548,515,453,402,1918,0.55,0.55,1,1,1,1,2. Mostly covered,2. Mostly covered,1. Fully covered,1. Fully covered,1. Fully covered,1. Fully covered
CP000441,Idleb,Harim,Deir Hassan,Al Bo Fares,"36.2369917,36.7824639",IS,114,105,80,46,345,0.1,0,1,1,1,1,3. Partially covered,Not covered - N/A,1. Fully covered,1. Fully covered,1. Fully covered,1. Fully covered
CP000377,Idleb,Harim,Deir Hassan,Al Foqaraa (The Poor),"36.2346472,36.7842361",IS,896,851,607,517,2870,0.4,0,1,1,1,1,3. Partially covered,Not covered - N/A,1. Fully covered,1. Fully covered,1. Fully covered,1. Fully covered
CP000415,Idleb,Harim,Deir Hassan,Al Ghoraba Homs,"36.238751,36.781131",IS,162,154,110,94,520,0.25,0,1,1,1,1,3. Partially covered,Not covered - N/A,1. Fully covered,1. Fully covered,1. Fully covered,1. Fully covered
CP000442,Idleb,Harim,Deir Hassan,Al Seraj,"36.2440778,36.7763556",IS,281,262,222,190,955,0.25,0,1,1,1,1,3. Partially covered,Not covered - N/A,1. Fully covered,1. Fully covered,1. Fully covered,1. Fully covered
CP000443,Idleb,Harim,Deir Hassan,Al Hadaba Al Khadra,"36.2639306,36.763825",IS,198,200,136,132,666,0.61,0.45,1,1,1,1,2. Mostly covered,3. Partially covered,1. Fully covered,1. Fully covered,1. Fully covered,1. Fully covered
CP000444,Idleb,Harim,Deir Hassan,Al Hader,"36.2684861,36.7478778",IS,58,59,40,39,195,0.8,0.8,1,1,1,1,2. Mostly covered,2. Mostly covered,1. Fully covered,1. Fully covered,1. Fully covered,1. Fully covered
CP000337,Idleb,Harim,Deir Hassan,Al Mashhad,"36.2699833,36.7499917",IS,145,119,106,98,468,0.6,0.6,1,1,1,1,2. Mostly covered,2. Mostly covered,1. Fully covered,1. Fully covered,1. Fully covered,1. Fully covered
CP000465,Idleb,Harim,Deir Hassan,Ard Al Matar 2,"36.1914694,36.7551722",IS,115,116,79,76,385,1,0,0,0,0,1,1. Fully covered,Not covered - N/A,Not covered - N/A,Not covered - N/A,Not covered - N/A,1. Fully covered
CP000464,Idleb,Harim,Deir Hassan,Ard Al Matar,"36.193766,36.754468",IS,195,181,140,120,635,0.4,1,1,1,1,1,3. Partially covered,1. Fully covered,1. Fully covered,1. Fully covered,1. Fully covered,1. Fully covered
CP000469,Idleb,Harim,Deir Hassan,Omar Al Faroq,"36.18518413,36.75342127",IS,330,309,252,214,1105,0.3,1,1,1,1,1,3. Partially covered,1. Fully covered,1. Fully covered,1. Fully covered,1. Fully covered,1. Fully covered
CP000454,Idleb,Harim,Kafr Loseen,Al Farja,"36.2444083,36.7246611",IS,74,66,61,54,255,1,0.2,0,0,0,0,1. Fully covered,3. Partially covered,Not covered - N/A,Not covered - N/A,Not covered - N/A,Not covered - N/A
CP000455,Idleb,Harim,Kafr Loseen,Al Qunetrat,"36.2437306,36.722525",IS,151,124,56,35,366,0,0.6,0,0,0,0,Not covered - N/A,2. Mostly covered,Not covered - N/A,Not covered - N/A,Not covered - N/A,Not covered - N/A
CP000194,Idleb,Harim,Kafr Loseen,Damaet Nazeh,"36.257632,36.707468",IS,377,396,260,211,1244,0.2,1,0,0,0,0,3. Partially covered,1. Fully covered,Not covered - N/A,Not covered - N/A,Not covered - N/A,Not covered - N/A
CP000491,Idleb,Harim,Kafr Loseen,Khattab,"36.2487833,36.7063667",IS,357,325,295,238,1215,0.35,0.35,1,1,1,1,3. Partially covered,3. Partially covered,1. Fully covered,1. Fully covered,1. Fully covered,1. Fully covered
CP000504,Idleb,Harim,Kafr Loseen,Nahn Omaa,"36.244404,36.725074",IS,325,356,177,144,1002,0.2,0,0,0,0,0,3. Partially covered,Not covered - N/A,Not covered - N/A,Not covered - N/A,Not covered - N/A,Not covered - N/A
CP000503,Idleb,Harim,Kafr Loseen,Saed 1 (Kafr Lusin) ,"36.242897,36.723089",IS,1592,1340,1054,975,4961,0.15,0,1,0.9,1,0.92,3. Partially covered,Not covered - N/A,1. Fully covered,2. Mostly covered,1. Fully covered,2. Mostly covered
CP000566,Idleb,Harim,Dana,Badr Alhus,"36.242897,36.723089",IS,158,140,106,82,486,0.5,0.5,1,1,1,1,2. Mostly covered,2. Mostly covered,1. Fully covered,1. Fully covered,1. Fully covered,1. Fully covered
CP000575,Idleb,Harim,Dana,Aljihad,"36.242897,36.723089",IS,1850,1680,1325,1115,5970,0.45,0.45,0.45,0.45,0.45,0.45,3. Partially covered,3. Partially covered,3. Partially covered,3. Partially covered,3. Partially covered,3. Partially covered
CP000103,Idleb,Harim,Karama,Ahel Al Sham,"36.292227,36.695657",IS,323,326,221,215,1085,1,1,1,1,1,1,1. Fully covered,1. Fully covered,1. Fully covered,1. Fully covered,1. Fully covered,1. Fully covered
CP000104,Idleb,Harim,Karama,Ahel Halep,"36.296196,36.699726",IS,251,232,164,153,800,1,1,1,1,1,0.95,1. Fully covered,1. Fully covered,1. Fully covered,1. Fully covered,1. Fully covered,2. Mostly covered
CP000106,Idleb,Harim,Karama,Al Ahrar,"36.292398,36.697432",IS,290,286,279,253,1108,1,1,1,1,1,#N/A,1. Fully covered,1. Fully covered,1. Fully covered,1. Fully covered,1. Fully covered,#N/A
CP000269,Idleb,Harim,Karama,Al Amal Bil Awdah,"36.292533,36.703452",IS,272,246,153,144,815,0.9,1,1,1,1,1,2. Mostly covered,1. Fully covered,1. Fully covered,1. Fully covered,1. Fully covered,1. Fully covered
CP000107,Idleb,Harim,Karama,Al Aqsa,"36.294899,36.701951",IS,321,302,235,167,1025,0.9,1,1,1,1,0.94,2. Mostly covered,1. Fully covered,1. Fully covered,1. Fully covered,1. Fully covered,2. Mostly covered
CP000108,Idleb,Harim,Karama,Al Asil,"36.291481,36.696943",IS,245,641,178,146,1210,1,1,1,1,1,0.95,1. Fully covered,1. Fully covered,1. Fully covered,1. Fully covered,1. Fully covered,2. Mostly covered
CP000109,Idleb,Harim,Karama,Al Ataa,"36.292225,36.699633",IS,318,383,279,269,1249,0.85,1,1,1,1,1,2. Mostly covered,1. Fully covered,1. Fully covered,1. Fully covered,1. Fully covered,1. Fully covered
CP000379,Idleb,Harim,Karama,Al Ayade Al Baydaa,"36.296602,36.6997",IS,207,195,141,107,650,1,1,1,1,1,0.94,1. Fully covered,1. Fully covered,1. Fully covered,1. Fully covered,1. Fully covered,2. Mostly covered
CP000270,Idleb,Harim,Karama,Al Eman Billah,"36.294189,36.703259",IS,334,336,228,222,1120,1,1,1,1,1,1,1. Fully covered,1. Fully covered,1. Fully covered,1. Fully covered,1. Fully covered,1. Fully covered
CP000110,Idleb,Harim,Karama,Al Fadel (Karama),"36.294697,36.698204",IS,117,116,168,165,566,1,1,1,1,1,0.96,1. Fully covered,1. Fully covered,1. Fully covered,1. Fully covered,1. Fully covered,2. Mostly covered
CP000111,Idleb,Harim,Karama,Al Faraj,"36.294924,36.700434",IS,275,283,253,210,1021,1,1,1,1,1,1,1. Fully covered,1. Fully covered,1. Fully covered,1. Fully covered,1. Fully covered,1. Fully covered
CP000255,Idleb,Harim,Karama,Al Ghab Al Mankoub,"36.292021,36.703479",IS,202,209,221,205,837,0.89,1,1,1,1,1,2. Mostly covered,1. Fully covered,1. Fully covered,1. Fully covered,1. Fully covered,1. Fully covered
CP000380,Idleb,Harim,Karama,Al Haneen,"36.292732,36.695491",IS,227,171,177,104,680,1,1,1,1,1,1,1. Fully covered,1. Fully covered,1. Fully covered,1. Fully covered,1. Fully covered,1. Fully covered
CP000114,Idleb,Harim,Karama,Al Haq,"36.294881,36.702545",IS,254,219,165,112,750,0.85,1,1,1,1,0.96,2. Mostly covered,1. Fully covered,1. Fully covered,1. Fully covered,1. Fully covered,2. Mostly covered
CP000482,Idleb,Harim,Karama,Al Hidaya Al Namouthajia,"36.296075,36.7096361",IS,396,341,257,206,1200,0.9,0.9,0.9,0.9,0.9,1,2. Mostly covered,2. Mostly covered,2. Mostly covered,2. Mostly covered,2. Mostly covered,1. Fully covered
CP000115,Idleb,Harim,Karama,Al Hijaz,"36.291654,36.70132",IS,120,160,100,80,460,1,1,1,1,1,0.95,1. Fully covered,1. Fully covered,1. Fully covered,1. Fully covered,1. Fully covered,2. Mostly covered
CP000116,Idleb,Harim,Karama,Al Ikhaa,"36.292251,36.700043",IS,675,668,475,467,2285,0.85,1,1,1,1,0.98,2. Mostly covered,1. Fully covered,1. Fully covered,1. Fully covered,1. Fully covered,2. Mostly covered
CP000117,Idleb,Harim,Karama,Al Ikhlas,"36.292187,36.695133",IS,172,196,198,177,743,0.9,1,1,1,1,0.93,2. Mostly covered,1. Fully covered,1. Fully covered,1. Fully covered,1. Fully covered,2. Mostly covered
CP000381,Idleb,Harim,Karama,Al Jabal (Karama),"36.291006,36.702536",IS,250,214,151,130,745,1,1,1,1,1,0.94,1. Fully covered,1. Fully covered,1. Fully covered,1. Fully covered,1. Fully covered,2. Mostly covered
CP000118,Idleb,Harim,Karama,Al Karama,"36.293252,36.700929",IS,1055,994,815,631,3495,0.75,1,1,1,1,1,2. Mostly covered,1. Fully covered,1. Fully covered,1. Fully covered,1. Fully covered,1. Fully covered
CP000382,Idleb,Harim,Karama,Al Karim Al Awsat,"36.290741,36.700802",IS,368,302,251,206,1127,0.9,1,1,1,1,0.92,2. Mostly covered,1. Fully covered,1. Fully covered,1. Fully covered,1. Fully covered,2. Mostly covered
CP000120,Idleb,Harim,Karama,Al Mahabbah,"36.290635,36.698284",IS,448,348,271,234,1300,1,1,1,1,1,0.93,1. Fully covered,1. Fully covered,1. Fully covered,1. Fully covered,1. Fully covered,2. Mostly covered
CP000121,Idleb,Harim,Karama,Al Manara,"36.294705,36.697951",IS,186,236,217,215,854,0.96,1,1,1,1,1,2. Mostly covered,1. Fully covered,1. Fully covered,1. Fully covered,1. Fully covered,1. Fully covered
CP000122,Idleb,Harim,Karama,Al Mustakbal,"36.295789,36.698669",IS,216,273,265,202,956,1,1,1,1,1,1,1. Fully covered,1. Fully covered,1. Fully covered,1. Fully covered,1. Fully covered,1. Fully covered
CP000271,Idleb,Harim,Karama,Al Nahda Al Eslamia,"36.294128,36.703018",IS,387,360,207,200,1155,0.91,1,1,1,1,1,2. Mostly covered,1. Fully covered,1. Fully covered,1. Fully covered,1. Fully covered,1. Fully covered
CP000130,Idleb,Harim,Karama,"Al Resalah (extension of Doaa, Doaa & Saleh)","36.294701,36.698959",IS,161,130,104,77,472,1,1,1,1,1,0.97,1. Fully covered,1. Fully covered,1. Fully covered,1. Fully covered,1. Fully covered,2. Mostly covered
CP000124,Idleb,Harim,Karama,Al Safa wa Al Marwa,"36.29211,36.698244",IS,265,344,345,282,1236,0.75,1,1,1,1,0.9,2. Mostly covered,1. Fully covered,1. Fully covered,1. Fully covered,1. Fully covered,2. Mostly covered
CP000125,Idleb,Harim,Karama,Al Shuhada,"36.294703,36.698522",IS,129,155,159,102,545,1,1,1,1,1,0,1. Fully covered,1. Fully covered,1. Fully covered,1. Fully covered,1. Fully covered,Not covered - N/A
CP000483,Idleb,Harim,Karama,Al Zahra,"36.2944833,36.6962472",IS,221,203,154,118,695,1,1,1,1,1,0.9,1. Fully covered,1. Fully covered,1. Fully covered,1. Fully covered,1. Fully covered,2. Mostly covered
CP000502,Idleb,Harim,Karama,Algena,"36.30443408,36.65796552",IS,182,169,186,167,704,0.35,1,1,0,1,1,3. Partially covered,1. Fully covered,1. Fully covered,Not covered - N/A,1. Fully covered,1. Fully covered
CP000127,Idleb,Harim,Karama,Atfal Alghad,"36.292305,36.696509",IS,215,229,136,138,718,0.93,1,1,1,1,0.97,2. Mostly covered,1. Fully covered,1. Fully covered,1. Fully covered,1. Fully covered,2. Mostly covered
CP000129,Idleb,Harim,Karama,Doaa,"36.292143,36.69866",IS,416,357,365,336,1474,0.99,1,1,1,1,0.97,2. Mostly covered,1. Fully covered,1. Fully covered,1. Fully covered,1. Fully covered,2. Mostly covered
CP000131,Idleb,Harim,Karama,Doaat Al Kwait (Al Khayrat),"36.294352,36.697056",IS,250,237,251,192,930,0.95,1,1,1,1,0.98,2. Mostly covered,1. Fully covered,1. Fully covered,1. Fully covered,1. Fully covered,2. Mostly covered
CP000133,Idleb,Harim,Karama,Harameen,"36.291518,36.69765",IS,1607,1370,1291,1145,5413,1,1,1,1,1,1,1. Fully covered,1. Fully covered,1. Fully covered,1. Fully covered,1. Fully covered,1. Fully covered
CP000420,Idleb,Harim,Karama,Khan Sheikhon Al Kemawi,"36.2902361,36.696575",IS,388,341,281,244,1255,0.95,1,1,1,1,0.94,2. Mostly covered,1. Fully covered,1. Fully covered,1. Fully covered,1. Fully covered,2. Mostly covered
CP000383,Idleb,Harim,Karama,Moatakalen Sahl Al Gab,"36.3097705710001,36.689845776",IS,416,362,290,258,1326,0.89,1,1,1,1,0.98,2. Mostly covered,1. Fully covered,1. Fully covered,1. Fully covered,1. Fully covered,2. Mostly covered
CP000272,Idleb,Harim,Karama,Nasret Al Mazloum,"36.295173,36.693636",IS,317,365,318,304,1304,1,1,1,1,1,1,1. Fully covered,1. Fully covered,1. Fully covered,1. Fully covered,1. Fully covered,1. Fully covered
CP000135,Idleb,Harim,Karama,Nour Al Mustafa,"36.293135,36.69728",IS,515,475,352,273,1615,0.85,1,1,1,1,0.93,2. Mostly covered,1. Fully covered,1. Fully covered,1. Fully covered,1. Fully covered,2. Mostly covered
CP000136,Idleb,Harim,Karama,Nour Al Mustakbal,"36.295746,36.700252",IS,202,252,235,200,889,0.9,1,1,1,1,1,2. Mostly covered,1. Fully covered,1. Fully covered,1. Fully covered,1. Fully covered,1. Fully covered
CP000137,Idleb,Harim,Karama,Nour Al Sham,"36.294704,36.697609",IS,133,170,126,117,546,1,1,1,1,1,1,1. Fully covered,1. Fully covered,1. Fully covered,1. Fully covered,1. Fully covered,1. Fully covered
CP000384,Idleb,Harim,Karama,Nour Hama,"36.292975,36.704311",IS,97,98,68,48,310,1,1,1,1,1,1,1. Fully covered,1. Fully covered,1. Fully covered,1. Fully covered,1. Fully covered,1. Fully covered
CP000139,Idleb,Harim,Karama,Rajaa,"36.29523,36.695138",IS,302,355,250,222,1129,1,1,1,1,1,1,1. Fully covered,1. Fully covered,1. Fully covered,1. Fully covered,1. Fully covered,1. Fully covered
CP000140,Idleb,Harim,Karama,Rawdah,"36.293944,36.696269",IS,200,213,142,133,688,1,1,1,1,1,1,1. Fully covered,1. Fully covered,1. Fully covered,1. Fully covered,1. Fully covered,1. Fully covered
CP000142,Idleb,Harim,Karama,Salah Eldin (including Al Islah),"36.295503,36.696554",IS,845,882,481,398,2606,1,1,1,1,1,1,1. Fully covered,1. Fully covered,1. Fully covered,1. Fully covered,1. Fully covered,1. Fully covered
CP000282,Idleb,Harim,Karama,Sarkhat Tifl,"36.292038,36.70126",IS,294,313,249,238,1095,1,1,1,1,1,1,1. Fully covered,1. Fully covered,1. Fully covered,1. Fully covered,1. Fully covered,1. Fully covered
CP000143,Idleb,Harim,Karama,Sedik (Extension of Al Aqsa),"36.294692,36.699198",IS,61,76,62,58,257,1,1,1,1,1,1,1. Fully covered,1. Fully covered,1. Fully covered,1. Fully covered,1. Fully covered,1. Fully covered
CP000144,Idleb,Harim,Karama,Shaheid Saleh,"36.294358,36.695743",IS,425,432,266,207,1330,1,1,1,1,1,1,1. Fully covered,1. Fully covered,1. Fully covered,1. Fully covered,1. Fully covered,1. Fully covered
CP000145,Idleb,Harim,Karama,Shams Al Hurriya,"36.292194,36.699207",IS,343,365,385,330,1423,0.91,1,1,1,1,0.94,2. Mostly covered,1. Fully covered,1. Fully covered,1. Fully covered,1. Fully covered,2. Mostly covered
CP000385,Idleb,Harim,Karama,Shuhada Sahl Al Gab,"36.3097705710001,36.689845776",IS,479,444,312,270,1505,0.85,1,1,1,1,0.94,2. Mostly covered,1. Fully covered,1. Fully covered,1. Fully covered,1. Fully covered,2. Mostly covered
CP000148,Idleb,Harim,Karama,Tabarak Al Rahman,"36.292469,36.703028",IS,338,401,225,196,1160,1,1,1,1,1,1,1. Fully covered,1. Fully covered,1. Fully covered,1. Fully covered,1. Fully covered,1. Fully covered
CP000149,Idleb,Harim,Karama,Taibah,"36.294992,36.701277",IS,340,358,289,268,1255,0.8,1,1,1,1,0.94,2. Mostly covered,1. Fully covered,1. Fully covered,1. Fully covered,1. Fully covered,2. Mostly covered
CP000150,Idleb,Harim,Karama,Tajammu,"36.294698,36.699769",IS,910,932,800,588,3230,1,1,1,1,1,0,1. Fully covered,1. Fully covered,1. Fully covered,1. Fully covered,1. Fully covered,Not covered - N/A
CP000151,Idleb,Harim,Karama,Watasimu (including Tadamun and Sahl Al Ghab),"36.292456,36.702739",IS,865,1031,888,753,3537,0.9,1,1,1,1,0.95,2. Mostly covered,1. Fully covered,1. Fully covered,1. Fully covered,1. Fully covered,2. Mostly covered
CP000152,Idleb,Harim,Karama,Yasmeen Al Sham,"36.29441,36.693678",IS,540,514,431,424,1909,0.8,1,1,1,1,0.95,2. Mostly covered,1. Fully covered,1. Fully covered,1. Fully covered,1. Fully covered,2. Mostly covered
CP000153,Idleb,Harim,Karama,Zahrat Al Madaen,"36.296517,36.699853",IS,245,396,264,218,1123,1,1,1,1,1,0.88,1. Fully covered,1. Fully covered,1. Fully covered,1. Fully covered,1. Fully covered,2. Mostly covered
CP000369,Idleb,Harim,Karama,Act and Impact (Athar),"36.295646,36.705051",PC,184,236,260,263,943,0.9,1,1,1,1,0,2. Mostly covered,1. Fully covered,1. Fully covered,1. Fully covered,1. Fully covered,Not covered - N/A
CP000467,Idleb,Harim,Karama,Al Ber Wa Al Taqwaa (Qah),"36.2948583,36.700025",IS,70,45,53,0,168,1,1,1,1,1,1,1. Fully covered,1. Fully covered,1. Fully covered,1. Fully covered,1. Fully covered,1. Fully covered
CP000112,Idleb,Harim,Karama,Al Faroq (Qah),"36.294694,36.699452",IS,238,303,191,155,887,1,1,1,1,1,1,1. Fully covered,1. Fully covered,1. Fully covered,1. Fully covered,1. Fully covered,1. Fully covered
CP000301,Idleb,Harim,Liyajlikum,Ain Jaloot,"36.290756,36.710483",IS,311,313,297,260,1181,1,1,1,1,1,0.86,1. Fully covered,1. Fully covered,1. Fully covered,1. Fully covered,1. Fully covered,2. Mostly covered
CP000154,Idleb,Harim,Liyajlikum,Al Aasy,"36.28841,36.710579",IS,243,274,270,228,1015,1,1,1,1,1,0.95,1. Fully covered,1. Fully covered,1. Fully covered,1. Fully covered,1. Fully covered,2. Mostly covered
CP000166,Idleb,Harim,Liyajlikum,Al Bayan (Qah),"36.290897,36.7109",IS,322,324,220,214,1080,1,1,1,1,1,1,1. Fully covered,1. Fully covered,1. Fully covered,1. Fully covered,1. Fully covered,1. Fully covered
CP000302,Idleb,Harim,Liyajlikum,Al Fateh Al Araby,"36.28974,36.711121",IS,396,420,302,243,1361,1,1,1,1,1,1,1. Fully covered,1. Fully covered,1. Fully covered,1. Fully covered,1. Fully covered,1. Fully covered
CP000256,Idleb,Harim,Liyajlikum,Al Hurriya wa Adalah,"36.285425,36.710891",IS,539,543,369,359,1810,1,1,1,1,1,0.92,1. Fully covered,1. Fully covered,1. Fully covered,1. Fully covered,1. Fully covered,2. Mostly covered
CP000303,Idleb,Harim,Liyajlikum,Al Ikhlas wa Al Taqua,"36.286551,36.710572",IS,283,285,194,188,950,0.6,1,1,1,1,1,2. Mostly covered,1. Fully covered,1. Fully covered,1. Fully covered,1. Fully covered,1. Fully covered
CP000155,Idleb,Harim,Liyajlikum,Al Nawaeer,"36.288269,36.712372",IS,631,627,465,363,2086,1,1,1,1,1,1,1. Fully covered,1. Fully covered,1. Fully covered,1. Fully covered,1. Fully covered,1. Fully covered
CP000487,Idleb,Harim,Liyajlikum,Al Qalaa,"36.2812844,36.7228928",IS,30,39,17,15,101,0,1,1,1,1,0,Not covered - N/A,1. Fully covered,1. Fully covered,1. Fully covered,1. Fully covered,Not covered - N/A
CP000485,Idleb,Harim,Liyajlikum,Al Sharqia,"36.2906361,36.7133833",IS,373,260,263,199,1095,1,1,1,1,1,0.88,1. Fully covered,1. Fully covered,1. Fully covered,1. Fully covered,1. Fully covered,2. Mostly covered
CP000268,Idleb,Harim,Liyajlikum,Al Shrouk,"36.286922,36.711359",IS,249,236,152,113,750,0.8,1,1,1,1,0.98,2. Mostly covered,1. Fully covered,1. Fully covered,1. Fully covered,1. Fully covered,2. Mostly covered
CP000304,Idleb,Harim,Liyajlikum,Baraem Al Thawra,"36.2887,36.714342",IS,500,502,342,331,1675,1,1,1,1,1,0.88,1. Fully covered,1. Fully covered,1. Fully covered,1. Fully covered,1. Fully covered,2. Mostly covered
CP000156,Idleb,Harim,Liyajlikum,Children of Freedom Martyrs,"36.286815,36.7121042",IS,154,155,105,102,515,1,1,1,1,1,1,1. Fully covered,1. Fully covered,1. Fully covered,1. Fully covered,1. Fully covered,1. Fully covered
CP000305,Idleb,Harim,Liyajlikum,Farajak Yarab,"36.288737,36.715412",IS,598,602,408,397,2005,1,1,1,1,1,0.78,1. Fully covered,1. Fully covered,1. Fully covered,1. Fully covered,1. Fully covered,2. Mostly covered
CP000157,Idleb,Harim,Liyajlikum,Fardoose,"36.289563,36.712704",IS,410,413,280,272,1375,1,1,1,1,1,0.94,1. Fully covered,1. Fully covered,1. Fully covered,1. Fully covered,1. Fully covered,2. Mostly covered
CP000306,Idleb,Harim,Liyajlikum,Fateh Aleslam,"36.287649,36.713756",IS,284,256,192,168,900,0.95,1,1,1,1,1,2. Mostly covered,1. Fully covered,1. Fully covered,1. Fully covered,1. Fully covered,1. Fully covered
CP000158,Idleb,Harim,Liyajlikum,Korayish (Al Khair,"36.290423,36.711953",IS,323,326,221,215,1085,1,1,1,1,1,0.94,1. Fully covered,1. Fully covered,1. Fully covered,1. Fully covered,1. Fully covered,2. Mostly covered
CP000159,Idleb,Harim,Liyajlikum,Lan Narka`llla Lilah,"36.288426,36.711408",IS,511,515,349,340,1715,1,1,1,1,1,0.94,1. Fully covered,1. Fully covered,1. Fully covered,1. Fully covered,1. Fully covered,2. Mostly covered
CP000160,Idleb,Harim,Liyajlikum,Liyajlikum,"36.287634,36.712251",IS,251,231,247,187,916,1,1,1,1,1,0,1. Fully covered,1. Fully covered,1. Fully covered,1. Fully covered,1. Fully covered,Not covered - N/A
CP000161,Idleb,Harim,Liyajlikum,Qassioun,"36.290866,36.711833",IS,216,217,148,144,725,1,1,1,1,1,0.97,1. Fully covered,1. Fully covered,1. Fully covered,1. Fully covered,1. Fully covered,2. Mostly covered
CP000162,Idleb,Harim,Liyajlikum,Toyor Al Janna (Heaven Bird's),"36.288697,36.713499",IS,365,367,250,243,1225,0.85,1,1,1,1,0.93,2. Mostly covered,1. Fully covered,1. Fully covered,1. Fully covered,1. Fully covered,2. Mostly covered
CP000164,Idleb,Harim,Qah,Abu Bakker Al Sidiq,"36.2938694,36.706925",IS,152,141,163,140,596,1,1,1,1,1,0,1. Fully covered,1. Fully covered,1. Fully covered,1. Fully covered,1. Fully covered,Not covered - N/A
CP000307,Idleb,Harim,Qah,Afamia,"36.292494,36.711033",IS,152,202,243,217,814,1,1,1,1,1,0,1. Fully covered,1. Fully covered,1. Fully covered,1. Fully covered,1. Fully covered,Not covered - N/A
CP000308,Idleb,Harim,Qah,Ahbab Al Rasoul,"36.292609,36.706476",IS,143,145,195,157,640,1,1,1,1,1,0,1. Fully covered,1. Fully covered,1. Fully covered,1. Fully covered,1. Fully covered,Not covered - N/A
CP000165,Idleb,Harim,Qah,Al Arbaeen,"36.294214,36.7054389",IS,121,122,115,106,464,1,1,1,1,1,0,1. Fully covered,1. Fully covered,1. Fully covered,1. Fully covered,1. Fully covered,Not covered - N/A
CP000167,Idleb,Harim,Qah,Al Imam,"36.291923,36.711154",IS,186,238,238,225,887,1,1,1,1,1,0,1. Fully covered,1. Fully covered,1. Fully covered,1. Fully covered,1. Fully covered,Not covered - N/A
CP000178,Idleb,Harim,Qah,Al Intisar,"36.291915,36.708618",IS,119,147,146,136,548,1,1,1,1,1,0,1. Fully covered,1. Fully covered,1. Fully covered,1. Fully covered,1. Fully covered,Not covered - N/A
CP000169,Idleb,Harim,Qah,Al Motasem,"36.293121,36.708709",IS,78,99,131,111,419,1,1,1,1,1,0,1. Fully covered,1. Fully covered,1. Fully covered,1. Fully covered,1. Fully covered,Not covered - N/A
CP000170,Idleb,Harim,Qah,Al Muhajreen,"36.293013,36.705342",IS,282,258,205,150,895,0.9,0.9,1,1,1,1,2. Mostly covered,2. Mostly covered,1. Fully covered,1. Fully covered,1. Fully covered,1. Fully covered
CP000123,Idleb,Harim,Qah,Al Nour (Qah) ,"36.296533,36.705112",IS,208,319,305,180,1012,1,1,1,1,1,0,1. Fully covered,1. Fully covered,1. Fully covered,1. Fully covered,1. Fully covered,Not covered - N/A
CP000309,Idleb,Harim,Qah,Al Radwan,"36.293419,36.704468",IS,109,79,80,63,331,1,1,1,1,1,1,1. Fully covered,1. Fully covered,1. Fully covered,1. Fully covered,1. Fully covered,1. Fully covered
CP000171,Idleb,Harim,Qah,Al Rahmah (Qah),"36.292332,36.707648",IS,306,258,198,184,946,1,1,1,1,1,1,1. Fully covered,1. Fully covered,1. Fully covered,1. Fully covered,1. Fully covered,1. Fully covered
CP000421,Idleb,Harim,Qah,Al Rayan (Qah) ,"36.2931806,36.7058917",IS,199,188,147,126,660,1,1,1,1,1,1,1. Fully covered,1. Fully covered,1. Fully covered,1. Fully covered,1. Fully covered,1. Fully covered
CP000173,Idleb,Harim,Qah,Al Waleed ,"36.29224,36.706758",IS,316,301,242,214,1073,0.9,0.9,1,1,1,1,2. Mostly covered,2. Mostly covered,1. Fully covered,1. Fully covered,1. Fully covered,1. Fully covered
CP000310,Idleb,Harim,Qah,Alebaa,"36.293947,36.714017",IS,218,230,306,246,1000,0.8,1,1,1,1,0,2. Mostly covered,1. Fully covered,1. Fully covered,1. Fully covered,1. Fully covered,Not covered - N/A
CP000176,Idleb,Harim,Qah,Ataa 2 (Hamad Al Ammar 1/Dar Al Riaya - Orphans),"36.293744,36.707386",PC,284,245,187,139,855,1,0.9,1,1,1,1,1. Fully covered,2. Mostly covered,1. Fully covered,1. Fully covered,1. Fully covered,1. Fully covered
CP000126,Idleb,Harim,Qah,Ataa 3 (Al Ansar),"36.294072,36.712507",PC,332,282,224,197,1035,1,0.9,1,1,1,1,1. Fully covered,2. Mostly covered,1. Fully covered,1. Fully covered,1. Fully covered,1. Fully covered
CP000312,Idleb,Harim,Qah,Ataa 4 (Al Reaya Al Islamiya),"36.206072732,36.666284884",PC,376,350,211,173,1110,1,0.9,1,1,1,1,1. Fully covered,2. Mostly covered,1. Fully covered,1. Fully covered,1. Fully covered,1. Fully covered
CP000181,Idleb,Harim,Qah,Ataa 5 (Shabab Al Khayr),"36.291175,36.710045",PC,390,367,234,186,1177,1,0.9,1,1,1,1,1. Fully covered,2. Mostly covered,1. Fully covered,1. Fully covered,1. Fully covered,1. Fully covered
CP000182,Idleb,Harim,Qah,Ataa 6 (Shabab Al Khayr 3),"36.296272732,36.725164884",PC,0,0,0,0,0,0,0,0,0,0,0,Not covered - N/A,Not covered - N/A,Not covered - N/A,Not covered - N/A,Not covered - N/A,Not covered - N/A
CP000313,Idleb,Harim,Qah,Ataa 7a (Ataa Almara Alkwaityeh 1),"36.296272732,36.725164884",PC,496,458,340,265,1559,1,0.9,1,1,1,1,1. Fully covered,2. Mostly covered,1. Fully covered,1. Fully covered,1. Fully covered,1. Fully covered
CP000314,Idleb,Harim,Qah,Ataa 7b (Ataa Almara Alkwaityeh 2),"36.296272732,36.725164884",PC,451,437,294,248,1430,1,1,1,1,1,1,1. Fully covered,1. Fully covered,1. Fully covered,1. Fully covered,1. Fully covered,1. Fully covered
CP000315,Idleb,Harim,Qah,Ataa 8 (Shabab Al Khayr 2),"36.296272732,36.725164884",PC,790,836,589,590,2805,1,1,0.9,0.8,0.8,1,1. Fully covered,1. Fully covered,2. Mostly covered,2. Mostly covered,2. Mostly covered,1. Fully covered
CP000316,Idleb,Harim,Qah,Ataa 9a (Hamad Al Ammar 2),"36.296272732,36.725164884",PC,0,0,0,0,0,0,0,0,0,0,0,Not covered - N/A,Not covered - N/A,Not covered - N/A,Not covered - N/A,Not covered - N/A,Not covered - N/A
CP000317,Idleb,Harim,Qah,Ataa 9b (Nasaem Alkhair),"36.296272732,36.725164884",PC,0,0,0,0,0,0,0,0,0,0,0,Not covered - N/A,Not covered - N/A,Not covered - N/A,Not covered - N/A,Not covered - N/A,Not covered - N/A
CP000175,Idleb,Harim,Qah,Bani Omiyet,"36.2942722,36.708825",IS,125,128,134,129,516,1,1,1,1,1,0,1. Fully covered,1. Fully covered,1. Fully covered,1. Fully covered,1. Fully covered,Not covered - N/A
CP000177,Idleb,Harim,Qah,Hibat Allah,"36.293157,36.709057",IS,277,287,187,131,882,1,1,1,1,1,0,1. Fully covered,1. Fully covered,1. Fully covered,1. Fully covered,1. Fully covered,Not covered - N/A
CP000134,Idleb,Harim,Qah,Kura Mankouba,"36.294807,36.703766",IS,131,135,130,120,516,1,1,1,1,1,0,1. Fully covered,1. Fully covered,1. Fully covered,1. Fully covered,1. Fully covered,Not covered - N/A
CP000179,Idleb,Harim,Qah,Madenh Monarh (Hmamiat),"36.291705,36.709411",IS,162,203,166,135,666,1,1,1,1,1,0,1. Fully covered,1. Fully covered,1. Fully covered,1. Fully covered,1. Fully covered,Not covered - N/A
CP000311,Idleb,Harim,Qah,Nasret Al Rasoul,"36.296272732,36.725164884",IS,406,369,262,222,1259,1,1,1,1,1,1,1. Fully covered,1. Fully covered,1. Fully covered,1. Fully covered,1. Fully covered,1. Fully covered
CP000138,Idleb,Harim,Qah,Qadisiya,"36.302975367,36.719929742",IS,639,629,488,434,2190,0.75,1,1,1,1,0,2. Mostly covered,1. Fully covered,1. Fully covered,1. Fully covered,1. Fully covered,Not covered - N/A
CP000180,Idleb,Harim,Qah,Qah,"36.292701,36.727771",IS,1160,980,1020,840,4000,0.4,0.4,1,1,1,1,3. Partially covered,3. Partially covered,1. Fully covered,1. Fully covered,1. Fully covered,1. Fully covered
CP000132,Idleb,Harim,Qah,Reef Hama Mankouba,"36.297341,36.700444",IS,265,247,202,196,910,1,1,1,1,1,0,1. Fully covered,1. Fully covered,1. Fully covered,1. Fully covered,1. Fully covered,Not covered - N/A
CP000141,Idleb,Harim,Qah,Sahl Al Ghab Alawal,"36.292179,36.707179",IS,117,123,116,103,459,1,1,1,1,1,0,1. Fully covered,1. Fully covered,1. Fully covered,1. Fully covered,1. Fully covered,Not covered - N/A
CP000422,Idleb,Harim,Qah,Shuhada Khan Sheikhon,"36.2944889,36.711825",IS,396,341,247,203,1187,1,1,1,1,1,1,1. Fully covered,1. Fully covered,1. Fully covered,1. Fully covered,1. Fully covered,1. Fully covered
CP000184,Idleb,Harim,Qah,Shuhadaa Abdeen,"36.293603,36.708294",IS,202,209,195,187,793,1,1,1,1,1,0,1. Fully covered,1. Fully covered,1. Fully covered,1. Fully covered,1. Fully covered,Not covered - N/A
CP000146,Idleb,Harim,Qah,Sons of Homs (Abna Homs),"36.296907,36.702033",IS,274,306,175,133,888,1,1,1,1,1,0,1. Fully covered,1. Fully covered,1. Fully covered,1. Fully covered,1. Fully covered,Not covered - N/A
CP000186,Idleb,Harim,Salam,Al Forkan,"36.267586,36.721482",IS,387,485,1004,939,2815,1,1,1,1,1,0,1. Fully covered,1. Fully covered,1. Fully covered,1. Fully covered,1. Fully covered,Not covered - N/A
CP000388,Idleb,Harim,Salam,Al Madiq 1,"36.302975367,36.719929742",IS,295,377,421,362,1455,0,1,1,1,1,0,Not covered - N/A,1. Fully covered,1. Fully covered,1. Fully covered,1. Fully covered,Not covered - N/A
CP000389,Idleb,Harim,Salam,Al Madiq 2,"36.308975367,36.769929742",IS,456,423,371,312,1562,0,1,0,0,0,0,Not covered - N/A,1. Fully covered,Not covered - N/A,Not covered - N/A,Not covered - N/A,Not covered - N/A
CP000189,Idleb,Harim,Salam,Al Midan,"36.263449,36.728872",IS,427,382,287,265,1361,0,1,0,0,0,0,Not covered - N/A,1. Fully covered,Not covered - N/A,Not covered - N/A,Not covered - N/A,Not covered - N/A
CP000493,Idleb,Harim,Salam,Al Sabah,"36.2649028,36.7019694",IS,226,251,319,258,1054,0,1,1,1,1,0,Not covered - N/A,1. Fully covered,1. Fully covered,1. Fully covered,1. Fully covered,Not covered - N/A
CP000191,Idleb,Harim,Salam,Al Salam (Aqrabat) ,"36.277047,36.723946",IS,524,701,659,601,2485,0,1,1,1,1,0,Not covered - N/A,1. Fully covered,1. Fully covered,1. Fully covered,1. Fully covered,Not covered - N/A
CP000044,Idleb,Harim,Salam,Aqrabat (Ahl Al-Athar),"36.266302,36.701992",IS,225,197,218,182,822,0.35,0.35,1,1,1,1,3. Partially covered,3. Partially covered,1. Fully covered,1. Fully covered,1. Fully covered,1. Fully covered
CP000318,Idleb,Harim,Salam,Abl Baydar,"36.296272732,36.725164884",IS,81,64,95,65,305,0.3,0.3,1,1,1,1,3. Partially covered,3. Partially covered,1. Fully covered,1. Fully covered,1. Fully covered,1. Fully covered
CP000265,Idleb,Harim,Salam,Al Ahd Billah,"36.284682,36.728616",IS,289,296,384,351,1320,1,1,1,1,1,0,1. Fully covered,1. Fully covered,1. Fully covered,1. Fully covered,1. Fully covered,Not covered - N/A
CP000387,Idleb,Harim,Salam,Al Awdah,"36.289666,36.731603",IS,97,66,102,85,350,0.3,0.3,1,1,1,1,3. Partially covered,3. Partially covered,1. Fully covered,1. Fully covered,1. Fully covered,1. Fully covered
CP000486,Idleb,Harim,Salam,Al Badiah (Al Midan Extension) ,"36.2640972,36.7280417",IS,168,157,141,76,542,0,1,1,1,1,0,Not covered - N/A,1. Fully covered,1. Fully covered,1. Fully covered,1. Fully covered,Not covered - N/A
CP000319,Idleb,Harim,Salam,Al Goroub (and extension),"36.281667,36.712524",IS,386,340,453,392,1571,0.4,0.4,1,1,1,1,3. Partially covered,3. Partially covered,1. Fully covered,1. Fully covered,1. Fully covered,1. Fully covered
CP000187,Idleb,Harim,Salam,Al Jolan,"36.282224,36.716307",IS,550,632,620,574,2376,0.85,1,1,1,1,0,2. Mostly covered,1. Fully covered,1. Fully covered,1. Fully covered,1. Fully covered,Not covered - N/A
CP000188,Idleb,Harim,Salam,Al Khalij Al Arabi,"36.281263,36.7163",IS,120,147,154,119,540,1,1,1,1,1,0,1. Fully covered,1. Fully covered,1. Fully covered,1. Fully covered,1. Fully covered,Not covered - N/A
CP000168,Idleb,Harim,Salam,Al Majd,"36.2837222,36.7201944",IS,212,254,250,199,915,1,1,1,1,1,0,1. Fully covered,1. Fully covered,1. Fully covered,1. Fully covered,1. Fully covered,Not covered - N/A
CP000386,Idleb,Harim,Salam,Al Mutahaboun Bellah (and extension),"36.289368,36.729199",IS,835,792,705,678,3010,0.4,0.4,1,1,1,1,3. Partially covered,3. Partially covered,1. Fully covered,1. Fully covered,1. Fully covered,1. Fully covered
CP000190,Idleb,Harim,Salam,Al Nasser (and extension) ,"36.28331,36.71946",IS,782,720,805,690,2997,0.35,0.35,1,1,1,1,3. Partially covered,3. Partially covered,1. Fully covered,1. Fully covered,1. Fully covered,1. Fully covered
CP000488,Idleb,Harim,Salam,Al Shomoukh,"36.286525,36.7317278",IS,372,322,415,278,1387,0.4,0.4,1,1,1,1,3. Partially covered,3. Partially covered,1. Fully covered,1. Fully covered,1. Fully covered,1. Fully covered
CP000172,Idleb,Harim,Salam,Al Tawheed,"36.269712,36.725429",IS,123,138,190,171,622,1,1,1,1,1,0,1. Fully covered,1. Fully covered,1. Fully covered,1. Fully covered,1. Fully covered,Not covered - N/A
CP000174,Idleb,Harim,Salam,Bab Al Hawa,"36.288925,36.728395",IS,220,189,208,183,800,0.35,0.35,1,1,1,0.95,3. Partially covered,3. Partially covered,1. Fully covered,1. Fully covered,1. Fully covered,2. Mostly covered
CP000193,Idleb,Harim,Salam,Dar Al Riaya - Disabled,"36.282335,36.713339",IS,381,299,294,239,1213,0.9,1,1,1,1,0,2. Mostly covered,1. Fully covered,1. Fully covered,1. Fully covered,1. Fully covered,Not covered - N/A
CP000484,Idleb,Harim,Salam,Fatih Halab,"36.2759333,36.7304333",IS,76,66,51,41,234,1,1,1,1,1,0,1. Fully covered,1. Fully covered,1. Fully covered,1. Fully covered,1. Fully covered,Not covered - N/A
CP000320,Idleb,Harim,Salam,Kafr Nabutha Alamal,"36.281679,36.713263",IS,96,113,134,135,478,1,1,1,1,1,0,1. Fully covered,1. Fully covered,1. Fully covered,1. Fully covered,1. Fully covered,Not covered - N/A
CP000321,Idleb,Harim,Salam,Kafr Nabutha Alhora,"36.283845,36.727938",IS,339,339,360,244,1282,0.75,0.7,0.7,0.7,0.5,0.5,2. Mostly covered,2. Mostly covered,2. Mostly covered,2. Mostly covered,2. Mostly covered,2. Mostly covered
CP000266,Idleb,Harim,Salam,Kafr Nabutha Alsmoud,"36.267063,36.717228",IS,105,128,140,123,496,1,1,1,1,1,0,1. Fully covered,1. Fully covered,1. Fully covered,1. Fully covered,1. Fully covered,Not covered - N/A
CP000423,Idleb,Harim,Salam,Mareiwdah,"36.2955667,36.7353722",IS,98,81,88,59,326,0.45,0.45,1,1,1,1,3. Partially covered,3. Partially covered,1. Fully covered,1. Fully covered,1. Fully covered,1. Fully covered
CP000322,Idleb,Harim,Salam,Muhajreen Al Gab,"36.281743,36.713803",IS,245,195,312,273,1025,0.3,1,1,1,1,1,3. Partially covered,1. Fully covered,1. Fully covered,1. Fully covered,1. Fully covered,1. Fully covered
CP000195,Idleb,Harim,Salam,Shams Al Izza (and extension),"36.270788,36.725365",IS,49,57,46,34,186,1,1,1,1,1,0,1. Fully covered,1. Fully covered,1. Fully covered,1. Fully covered,1. Fully covered,Not covered - N/A
CP000323,Idleb,Harim,Salam,Shuhada Kafr Nabutha,"36.281405,36.716768",IS,350,281,169,180,980,0.4,1,1,1,1,1,3. Partially covered,1. Fully covered,1. Fully covered,1. Fully covered,1. Fully covered,1. Fully covered
CP000324,Idleb,Harim,Salam,Zahrat Al Jolan,"36.281355,36.718389",IS,219,243,342,283,1087,1,1,1,1,1,0,1. Fully covered,1. Fully covered,1. Fully covered,1. Fully covered,1. Fully covered,Not covered - N/A
CP000412,Idleb,Harim,Salam,Zahrat Al Khalij Al Arabi,"36.281632,36.715487",IS,151,215,199,180,745,1,1,1,1,1,0,1. Fully covered,1. Fully covered,1. Fully covered,1. Fully covered,1. Fully covered,Not covered - N/A
CP000045,Idleb,Harim,Sarmada,Al Dana,"36.2044,36.757281",IS,138,119,92,75,424,0.3,0.3,1,1,1,1,3. Partially covered,3. Partially covered,1. Fully covered,1. Fully covered,1. Fully covered,1. Fully covered
CP000519,Idleb,Harim,Sarmada,Al Nashmi,"36.2107139,36.7571806",IS,90,75,140,96,401,0.2,0.2,1,1,1,1,3. Partially covered,3. Partially covered,1. Fully covered,1. Fully covered,1. Fully covered,1. Fully covered
CP000403,Idleb,Harim,Sarmada,Al Faraj (Al Ghab),"36.200395,36.711829",IS,369,396,455,265,1485,0.5,1,0,0,0,0.88,2. Mostly covered,1. Fully covered,Not covered - N/A,Not covered - N/A,Not covered - N/A,2. Mostly covered
CP000404,Idleb,Harim,Sarmada,Al Faroq Omar,"36.202503,36.711552",IS,128,125,105,0,358,1,0.4,1,0,0,1,1. Fully covered,3. Partially covered,1. Fully covered,Not covered - N/A,Not covered - N/A,1. Fully covered
CP000405,Idleb,Harim,Sarmada,Al Fateh,"36.201939,36.71076",IS,128,106,117,104,455,0.5,1,0,0,0,0.94,2. Mostly covered,1. Fully covered,Not covered - N/A,Not covered - N/A,Not covered - N/A,2. Mostly covered
CP000197,Idleb,Harim,Sarmada,Al Imdad,"36.202524,36.712852",IS,498,509,509,475,1990,0.9,1,0,0,0,0.92,2. Mostly covered,1. Fully covered,Not covered - N/A,Not covered - N/A,Not covered - N/A,2. Mostly covered
CP000514,Idleb,Harim,Sarmada,Al Jabal (Sarmada),"36.183765,36.691325",IS,357,292,227,209,1085,0.82,1,0,0,0,0.92,2. Mostly covered,1. Fully covered,Not covered - N/A,Not covered - N/A,Not covered - N/A,2. Mostly covered
CP000279,Idleb,Harim,Sarmada,Al Khirba Al Muhasara (and extension) ,"36.202389,36.712242",IS,286,262,571,481,1600,0.9,1,0,0,0,0.94,2. Mostly covered,1. Fully covered,Not covered - N/A,Not covered - N/A,Not covered - N/A,2. Mostly covered
CP000512,Idleb,Harim,Sarmada,Al Mahaba,"36.249852,36.70625",IS,67,119,85,74,345,1,1,0,0,0,1,1. Fully covered,1. Fully covered,Not covered - N/A,Not covered - N/A,Not covered - N/A,1. Fully covered
CP000529,Idleb,Harim,Sarmada,Al Mawada,"36.170138,36.73566",IS,452,369,314,375,1510,1,1,0,0,0,0.55,1. Fully covered,1. Fully covered,Not covered - N/A,Not covered - N/A,Not covered - N/A,2. Mostly covered
CP000511,Idleb,Harim,Sarmada,Al Nasr,"36.248743,36.707045",IS,1200,1110,860,657,3827,0.5,0.5,1,1,1,1,2. Mostly covered,2. Mostly covered,1. Fully covered,1. Fully covered,1. Fully covered,1. Fully covered
CP000196,Idleb,Harim,Sarmada,Al Nouri,"36.183617,36.690425",IS,237,298,132,148,815,0.95,1,0,0,0,1,2. Mostly covered,1. Fully covered,Not covered - N/A,Not covered - N/A,Not covered - N/A,1. Fully covered
CP000418,Idleb,Harim,Sarmada,Al Rahman,"36.199207,36.679827",IS,70,68,33,33,204,1,1,1,0,0,0,1. Fully covered,1. Fully covered,1. Fully covered,Not covered - N/A,Not covered - N/A,Not covered - N/A
CP000062,Idleb,Harim,Sarmada,Al Sadaka,"36.201069,36.712421",IS,271,273,186,180,910,1,1,0,0,0,0.97,1. Fully covered,1. Fully covered,Not covered - N/A,Not covered - N/A,Not covered - N/A,2. Mostly covered
CP000518,Idleb,Harim,Sarmada,Al Salam (Sarmada) ,"36.17390056,36.77716444",IS,139,140,95,92,465,0.9,1,0,0,0,1,2. Mostly covered,1. Fully covered,Not covered - N/A,Not covered - N/A,Not covered - N/A,1. Fully covered
CP000516,Idleb,Harim,Sarmada,Al Shaykh Bry,"36.177125,36.73920278",IS,185,186,127,123,620,0.85,1,0,0,0,0.93,2. Mostly covered,1. Fully covered,Not covered - N/A,Not covered - N/A,Not covered - N/A,2. Mostly covered
CP000456,Idleb,Harim,Sarmada,Al Sufara'a,"36.163824,36.749586",IS,106,75,45,19,245,0.95,1,1,1,1,1,2. Mostly covered,1. Fully covered,1. Fully covered,1. Fully covered,1. Fully covered,1. Fully covered
CP000063,Idleb,Harim,Sarmada,Al Ummah,"36.201145,36.711018",IS,279,280,191,185,935,0.5,1,0,0,0,0.96,2. Mostly covered,1. Fully covered,Not covered - N/A,Not covered - N/A,Not covered - N/A,2. Mostly covered
CP000490,Idleb,Harim,Sarmada,Al Wafa (Sarmada) ,"36.1640278,36.7528556",IS,240,226,258,220,945,0.95,1,0,0,0,0.8,2. Mostly covered,1. Fully covered,Not covered - N/A,Not covered - N/A,Not covered - N/A,2. Mostly covered
CP000509,Idleb,Harim,Sarmada,Alghafran,"36.25011667,36.70907778",IS,158,141,117,96,512,0.2,0.2,1,1,1,1,3. Partially covered,3. Partially covered,1. Fully covered,1. Fully covered,1. Fully covered,1. Fully covered
CP000531,Idleb,Harim,Sarmada,Ali Bin Abi Taleb (Sarmada),"36.190901,36.698305",IS,625,674,620,416,2335,1,1,0,0,0,0.83,1. Fully covered,1. Fully covered,Not covered - N/A,Not covered - N/A,Not covered - N/A,2. Mostly covered
CP000065,Idleb,Harim,Sarmada,Ariha,"36.2094,36.7226",IS,137,121,108,99,465,0.9,1,0,0,0,0.83,2. Mostly covered,1. Fully covered,Not covered - N/A,Not covered - N/A,Not covered - N/A,2. Mostly covered
CP000445,Idleb,Harim,Sarmada,Ghetaa Al Rahma2 (Al Kamouneh),"36.1615556,36.7487528",IS,579,648,371,318,1915,0.75,1,0,0,0,0.9,2. Mostly covered,1. Fully covered,Not covered - N/A,Not covered - N/A,Not covered - N/A,2. Mostly covered
CP000453,Idleb,Harim,Sarmada,Islamuna 2,"36.2021333,36.7278111",IS,486,446,486,527,1945,1,1,0,0,0,1,1. Fully covered,1. Fully covered,Not covered - N/A,Not covered - N/A,Not covered - N/A,1. Fully covered
CP000517,Idleb,Harim,Sarmada,Kafr Karmin,"36.16123611,36.78139444",IS,227,215,193,165,800,0.4,0.4,1,0.77,1,0,3. Partially covered,3. Partially covered,1. Fully covered,2. Mostly covered,1. Fully covered,Not covered - N/A
CP000510,Idleb,Harim,Sarmada,Kelbit,"36.22598333,36.70958056",IS,3881,4087,2496,2036,12500,0.3,0.3,1,1,1,1,3. Partially covered,3. Partially covered,1. Fully covered,1. Fully covered,1. Fully covered,1. Fully covered
CP000198,Idleb,Harim,Sarmada,Khaled Bin Al Waleed,"36.203008,36.710371",IS,495,523,688,440,2145,1,1,0,0,0,0.88,1. Fully covered,1. Fully covered,Not covered - N/A,Not covered - N/A,Not covered - N/A,2. Mostly covered
CP000530,Idleb,Harim,Sarmada,Matahen Al Khair,"36.170628,36.728202",IS,180,178,193,159,710,0.25,1,0,0,0,0.88,3. Partially covered,1. Fully covered,Not covered - N/A,Not covered - N/A,Not covered - N/A,2. Mostly covered
CP000071,Idleb,Harim,Sarmada,Taiba City,"36.182432,36.690769",IS,388,514,637,452,1990,1,1,0,0,0,1,1. Fully covered,1. Fully covered,Not covered - N/A,Not covered - N/A,Not covered - N/A,1. Fully covered
CP000515,Idleb,Harim,Sarmada,Terminine (Sarmada),"36.22790278,36.81073056",IS,1102,1089,892,905,3988,0,1,0,0,0,0,Not covered - N/A,1. Fully covered,Not covered - N/A,Not covered - N/A,Not covered - N/A,Not covered - N/A
CP000554,Idleb,Harim,Sarmada,Baraem Abi Alfedaa,"36.18358,36.69534",IS,649,600,450,410,2109,0.95,0.95,1,1,1,1,2. Mostly covered,2. Mostly covered,1. Fully covered,1. Fully covered,1. Fully covered,1. Fully covered
CP000563,Idleb,Harim,Sarmada,Al Saiyalah,"36.13594,36.72515",IS,97,86,56,66,305,1,1,0,0,0,1,1. Fully covered,1. Fully covered,Not covered - N/A,Not covered - N/A,Not covered - N/A,1. Fully covered
CP000562,Idleb,Harim,Sarmada,AlAtshana Algharbiyah,"36.14855,36.73657",IS,403,439,233,206,1281,0.7,0.7,1,1,1,1,2. Mostly covered,2. Mostly covered,1. Fully covered,1. Fully covered,1. Fully covered,1. Fully covered
CP000565,Idleb,Harim,Sarmada,Al Wdahee- Sarmada,"36.20321,36.73413",IS,399,279,138,118,935,0.15,1,0,0,0,1,3. Partially covered,1. Fully covered,Not covered - N/A,Not covered - N/A,Not covered - N/A,1. Fully covered
CP000576,Idleb,Harim,Sarmada,Al-Furkan(Alkamouna),"36.16281534,36.75287238",IS,84,88,90,85,347,1,1,1,1,1,1,1. Fully covered,1. Fully covered,1. Fully covered,1. Fully covered,1. Fully covered,1. Fully covered
CP000408,Idleb,Harim,Sarmada,Al Ezza,"36.1913389,36.78665",IS,1385,1218,1050,990,4643,0.5,0.5,1,1,1,1,2. Mostly covered,2. Mostly covered,1. Fully covered,1. Fully covered,1. Fully covered,1. Fully covered
CP000462,Idleb,Harim,Sarmada,Al Gharbal,"36.19692,36.760631",IS,69,57,36,29,190,0.3,1,0,0,0,1,3. Partially covered,1. Fully covered,Not covered - N/A,Not covered - N/A,Not covered - N/A,1. Fully covered
CP000468,Idleb,Harim,Sarmada,Defaf Al Furat,"36.197704,36.782608",IS,100,102,66,61,330,0.25,1,0,0,0,1,3. Partially covered,1. Fully covered,Not covered - N/A,Not covered - N/A,Not covered - N/A,1. Fully covered
CP000461,Idleb,Harim,Sarmada,Sons of Al Jazeera wa Al Furat,"36.196959,36.78481",IS,189,179,161,131,660,0.15,1,0,0,0,1,3. Partially covered,1. Fully covered,Not covered - N/A,Not covered - N/A,Not covered - N/A,1. Fully covered
CP000537,Idleb,Harim,Sarmada,Al Abiad-Tal Elkaramej,"36.16762,36.77504",IS,372,350,288,235,1245,0.25,1,0,0,0,1,3. Partially covered,1. Fully covered,Not covered - N/A,Not covered - N/A,Not covered - N/A,1. Fully covered
CP000538,Idleb,Harim,Sarmada,Al-Manzila,"36.158251,36.786398",IS,478,456,380,298,1612,0.3,0.3,1,1,1,1,3. Partially covered,3. Partially covered,1. Fully covered,1. Fully covered,1. Fully covered,1. Fully covered
CP000546,Idleb,Harim,Deir Hassan,Rabeaa,"36.180343,36.754617",IS,78,72,63,53,265,0.25,1,0,0,0,1,3. Partially covered,1. Fully covered,Not covered - N/A,Not covered - N/A,Not covered - N/A,1. Fully covered
CP000552,Idleb,Harim,Deir Hassan,Wadi Al-Teen,"36.241225,36.789578",IS,218,192,177,153,740,0.6,1,0,0,0,1,2. Mostly covered,1. Fully covered,Not covered - N/A,Not covered - N/A,Not covered - N/A,1. Fully covered
CP000540,Idleb,Harim,Sarmada,Al-Dwerat,"36.163575,36.768359",IS,184,160,134,122,600,0.4,1,0,0,0,1,3. Partially covered,1. Fully covered,Not covered - N/A,Not covered - N/A,Not covered - N/A,1. Fully covered
CP000496,Idleb,Harim,Deir Hassan,Al Rahma Transit/Reception Centre,"36.2220639,36.8034222",CC,23,29,13,10,75,0,1,0,0,0,0,Not covered - N/A,1. Fully covered,Not covered - N/A,Not covered - N/A,Not covered - N/A,Not covered - N/A
CP000539,Idleb,Harim,Deir Hassan,Tl Aldaman,"36.220631,36.79852",IS,130,112,108,81,430,0.25,1,0,0,0,1,3. Partially covered,1. Fully covered,Not covered - N/A,Not covered - N/A,Not covered - N/A,1. Fully covered
CP000564,Idleb,Harim,Sarmada,Alwasitah,"36.17048,36.74142",IS,388,344,457,406,1595,1,1,0,0,0,0.8,1. Fully covered,1. Fully covered,Not covered - N/A,Not covered - N/A,Not covered - N/A,2. Mostly covered
CP000446,Idleb,Harim,Harim,Al Aman (Harim),"36.2242167,36.5441722",IS,109,109,60,52,330,1,1,1,1,1,0,1. Fully covered,1. Fully covered,1. Fully covered,1. Fully covered,1. Fully covered,Not covered - N/A
CP000413,Idleb,Harim,Harim,Al Azraq,"36.224392,36.551418",IS,140,121,149,136,546,0.87,1,0,0,0,0,2. Mostly covered,1. Fully covered,Not covered - N/A,Not covered - N/A,Not covered - N/A,Not covered - N/A
CP000202,Idleb,Harim,Harim,Al Kaws school,"36.2093611,36.5238333",CC,218,179,157,111,665,0,1,0,0,0,0,Not covered - N/A,1. Fully covered,Not covered - N/A,Not covered - N/A,Not covered - N/A,Not covered - N/A
CP000390,Idleb,Harim,Harim,Al Madenh Monarh (Harim),"36.22581,36.547423",IS,219,180,157,111,667,0.8,1,0,0,0,0,2. Mostly covered,1. Fully covered,Not covered - N/A,Not covered - N/A,Not covered - N/A,Not covered - N/A
CP000200,Idleb,Harim,Harim,Alhai Aljanouby school,"36.2093611,36.5238333",CC,76,77,43,38,234,1,1,1,0,1,0,1. Fully covered,1. Fully covered,1. Fully covered,Not covered - N/A,1. Fully covered,Not covered - N/A
CP000207,Idleb,Harim,Harim,Alsiasieh,"36.2058056,36.5155278",CC,71,66,28,25,190,0,1,0,0,0,0,Not covered - N/A,1. Fully covered,Not covered - N/A,Not covered - N/A,Not covered - N/A,Not covered - N/A
CP000208,Idleb,Harim,Harim,Alzeraah,"36.2042778,36.5137778",CC,95,82,85,72,334,0.93,1,0,0,0,0,2. Mostly covered,1. Fully covered,Not covered - N/A,Not covered - N/A,Not covered - N/A,Not covered - N/A
CP000414,Idleb,Harim,Harim,Dalama,"36.226486,36.548181",IS,101,100,70,55,326,0.8,1,0,0,0,0,2. Mostly covered,1. Fully covered,Not covered - N/A,Not covered - N/A,Not covered - N/A,Not covered - N/A
CP000258,Idleb,Harim,Harim,Jabal Harim (Sabiroon),"36.226395,36.539417",IS,386,369,245,200,1200,0.75,1,0,0,0,0,2. Mostly covered,1. Fully covered,Not covered - N/A,Not covered - N/A,Not covered - N/A,Not covered - N/A
CP000506,Idleb,Harim,Harim,Kafr Aruq,"36.1172333,36.6578",IS,535,440,700,500,2175,0.7,0.7,0.7,0.7,0.7,0.7,2. Mostly covered,2. Mostly covered,2. Mostly covered,2. Mostly covered,2. Mostly covered,2. Mostly covered
CP000210,Idleb,Harim,Harim,Omahat Al Moumenien,"36.214643731,36.498825569",IS,136,132,105,28,401,1,1,1,1,1,1,1. Fully covered,1. Fully covered,1. Fully covered,1. Fully covered,1. Fully covered,1. Fully covered
CP000284,Idleb,Harim,Harim,Abna`a Al Ghab,"36.198044,36.476721",IS,351,280,289,245,1165,0.91,1,0,0,0,0,2. Mostly covered,1. Fully covered,Not covered - N/A,Not covered - N/A,Not covered - N/A,Not covered - N/A
CP000450,Idleb,Harim,Harim,Abna'a Al Ezza,"36.1979389,36.4776722",IS,317,125,661,240,1343,1,1,1,1,1,1,1. Fully covered,1. Fully covered,1. Fully covered,1. Fully covered,1. Fully covered,1. Fully covered
CP000257,Idleb,Harim,Harim,Kafr Hum,"36.1974,36.4765583",IS,301,302,188,165,956,0,1,0,0,0,0,Not covered - N/A,1. Fully covered,Not covered - N/A,Not covered - N/A,Not covered - N/A,Not covered - N/A
CP000507,Idleb,Harim,Harim,Tajmae Aleiza,"36.19744167,36.47781944",IS,255,287,531,551,1624,0,1,0,0,0,0,Not covered - N/A,1. Fully covered,Not covered - N/A,Not covered - N/A,Not covered - N/A,Not covered - N/A
CP000073,Idleb,Harim,Big Hir Jamus,Ayidoun,"36.182334,36.430266",PC,1477,1402,633,489,4001,0.75,1,1,0.8,1,0.36,2. Mostly covered,1. Fully covered,1. Fully covered,2. Mostly covered,1. Fully covered,3. Partially covered
CP000074,Idleb,Harim,Big Hir Jamus,Kadimoon,"36.17,36.4",PC,1014,892,471,438,2815,0.75,1,1,0.8,1,0.37,2. Mostly covered,1. Fully covered,1. Fully covered,2. Mostly covered,1. Fully covered,3. Partially covered
CP000075,Idleb,Harim,Big Hir Jamus,Samidoon,"36.18,36.41",PC,1181,1002,561,471,3215,0.3,1,1,1,0.38,0,3. Partially covered,1. Fully covered,1. Fully covered,1. Fully covered,3. Partially covered,Not covered - N/A
CP000281,Idleb,Harim,Big Hir Jamus,Al Taakhi,"36.132144,36.400164",IS,968,901,447,401,2717,0.7,1,1,0,1,0.33,2. Mostly covered,1. Fully covered,1. Fully covered,Not covered - N/A,1. Fully covered,3. Partially covered
CP000280,Idleb,Harim,Big Hir Jamus,Al Safsafa,"36.132801,36.423798",IS,1060,964,410,354,2788,0.5,1,1,0,1,0.33,2. Mostly covered,1. Fully covered,1. Fully covered,Not covered - N/A,1. Fully covered,3. Partially covered
CP000558,Idleb,Harim,Big Hir Jamus,Alwadi Camp,"36.18879,36.42744",IS,378,270,720,555,1923,0.8,0.8,0.75,0.75,0.75,0.75,2. Mostly covered,2. Mostly covered,2. Mostly covered,2. Mostly covered,2. Mostly covered,2. Mostly covered
Cp000559,Idleb,Harim,Big Hir Jamus,Alrahman(Hir Jamus),"36.18970,36.42208",IS,95,84,209,149,537,0.8,1,0.8,0,1,0,2. Mostly covered,1. Fully covered,2. Mostly covered,Not covered - N/A,1. Fully covered,Not covered - N/A
CP000560,Idleb,Harim,Salqin,Alhamziyeh School,"36.11149,36.39279",IS,39,23,67,57,186,0.5,1,1,0.2,1,0,2. Mostly covered,1. Fully covered,1. Fully covered,3. Partially covered,1. Fully covered,Not covered - N/A
CP000378,Idleb,Harim,Salqin,Al Fath,"36.1441667,36.4515278",CC,47,46,23,21,137,0,1,0,0,0,0,Not covered - N/A,1. Fully covered,Not covered - N/A,Not covered - N/A,Not covered - N/A,Not covered - N/A
CP000508,Idleb,Harim,Salqin,Darbella,"36.1117306,36.39215",IS,112,98,192,162,564,0.5,1,0.4,0,0.8,0,2. Mostly covered,1. Fully covered,3. Partially covered,Not covered - N/A,2. Mostly covered,Not covered - N/A
CP000513,Idleb,Idleb,Maaret Tamsrin,Sham,"36.0990833,36.67670566",IS,370,380,190,180,1120,0.75,1,1,1,1,0.7,2. Mostly covered,1. Fully covered,1. Fully covered,1. Fully covered,1. Fully covered,2. Mostly covered
CP000570,Idleb,Idleb,Kelly,Al-Rahma 1,36.09908333 36.67670556 0 0,IS,407,455,246,210,1318,0.95,0.95,0.9,0.25,0,0.25,2. Mostly covered,2. Mostly covered,2. Mostly covered,3. Partially covered,Not covered - N/A,3. Partially covered
CP000571,Idleb,Idleb,Kelly,Al-Rahma 2,36.09908333 36.67670556 0 0,IS,537,599,325,277,1738,0.95,0.95,0.9,0.25,0,0.25,2. Mostly covered,2. Mostly covered,2. Mostly covered,3. Partially covered,Not covered - N/A,3. Partially covered
CP000572,Idleb,Idleb,Kelly,Al-Rahma 3,36.09908333 36.67670556 0 0,IS,463,516,280,240,1499,0.95,0.95,0.05,0.25,0,0.25,2. Mostly covered,2. Mostly covered,3. Partially covered,3. Partially covered,Not covered - N/A,3. Partially covered
CP000573,Idleb,Idleb,Kelly,Al-Karkat,36.09908333 36.67670556 0 0,IS,157,175,95,82,509,0.8,0.8,0.8,0.35,0,0.25,2. Mostly covered,2. Mostly covered,2. Mostly covered,3. Partially covered,Not covered - N/A,3. Partially covered
CP000574,Idleb,Idleb,Kelly,Alfarhan,36.09908333 36.67670556 0 0,IS,102,113,62,53,330,0.95,0.95,0.9,0.8,0,0,2. Mostly covered,2. Mostly covered,2. Mostly covered,2. Mostly covered,Not covered - N/A,Not covered - N/A
CP000577,Idleb,Idleb,Kelly,Atta alkhair,36.09908333 36.67670556 0 0,IS,531,593,321,274,1719,0.8,0.8,0.9,0.25,0,0.25,2. Mostly covered,2. Mostly covered,2. Mostly covered,3. Partially covered,Not covered - N/A,3. Partially covered
CP000578,Idleb,Idleb,Kelly,Ayadi,36.09908333 36.67670556 0 0,IS,217,242,131,112,702,0.5,0.05,0.8,0.2,0,0.25,2. Mostly covered,3. Partially covered,2. Mostly covered,3. Partially covered,Not covered - N/A,3. Partially covered
CP000579,Idleb,Idleb,Kelly,Barri 2,36.09908333 36.67670556 0 0,IS,497,554,300,257,1608,0.85,0.35,0.8,0.2,0.5,0.75,2. Mostly covered,3. Partially covered,2. Mostly covered,3. Partially covered,2. Mostly covered,2. Mostly covered
CP000580,Idleb,Idleb,Kelly,Barri Camp,36.09908333 36.67670556 0 0,IS,222,248,134,115,719,0.75,0.75,0.8,0.7,0.5,0,2. Mostly covered,2. Mostly covered,2. Mostly covered,2. Mostly covered,2. Mostly covered,Not covered - N/A
CP000581,Idleb,Idleb,Kelly,Bilal Camp,36.09908333 36.67670556 0 0,IS,134,121,112,101,468,0.65,0.95,0.7,0.25,0.5,0.75,2. Mostly covered,2. Mostly covered,2. Mostly covered,3. Partially covered,2. Mostly covered,2. Mostly covered
CP000582,Idleb,Idleb,Kelly,Ehsan,36.09908333 36.67670556 0 0,IS,408,455,246,210,1319,0.5,0.9,0.7,0.7,0.5,0.8,2. Mostly covered,2. Mostly covered,2. Mostly covered,2. Mostly covered,2. Mostly covered,2. Mostly covered
CP000583,Idleb,Idleb,Kelly,Faraj Allah,36.09908333 36.67670556 0 0,IS,463,517,280,239,1499,0.75,0.6,0.8,0.3,0,0,2. Mostly covered,2. Mostly covered,2. Mostly covered,3. Partially covered,Not covered - N/A,Not covered - N/A
CP000584,Idleb,Idleb,Kelly,Hamra Camp,36.09908333 36.67670556 0 0,IS,120,130,200,190,640,0.5,0.85,0.75,0.35,0,0.85,2. Mostly covered,2. Mostly covered,2. Mostly covered,3. Partially covered,Not covered - N/A,2. Mostly covered
CP000585,Idleb,Idleb,Kelly,Kafruma,36.09908333 36.67670556 0 0,IS,1946,2169,1175,1004,6294,0.9,0.95,0.7,0.25,0.25,0.25,2. Mostly covered,2. Mostly covered,2. Mostly covered,3. Partially covered,3. Partially covered,3. Partially covered
CP000586,Idleb,Idleb,Kelly,Karnaz,36.09908333 36.67670556 0 0,IS,176,196,106,91,569,0.75,0.75,0.05,0.7,0,0,2. Mostly covered,2. Mostly covered,3. Partially covered,2. Mostly covered,Not covered - N/A,Not covered - N/A
CP000587,Idleb,Idleb,Kelly,Kawkab,36.09908333 36.67670556 0 0,IS,398,445,241,206,1290,0.9,0.8,0.05,0.25,0,0.25,2. Mostly covered,2. Mostly covered,3. Partially covered,3. Partially covered,Not covered - N/A,3. Partially covered
CP000588,Idleb,Idleb,Kelly,Khair,36.09908333 36.67670556 0 0,IS,369,411,223,191,1194,0.8,0.05,0.8,0.05,0,0,2. Mostly covered,3. Partially covered,2. Mostly covered,3. Partially covered,Not covered - N/A,Not covered - N/A
CP000589,Idleb,Idleb,Kelly,Maghara,36.09908333 36.67670556 0 0,IS,55,62,34,29,180,0.8,0.07,0.05,0.05,0,0,2. Mostly covered,3. Partially covered,3. Partially covered,3. Partially covered,Not covered - N/A,Not covered - N/A
CP000590,Idleb,Idleb,Kelly,Mokhtar,36.09908333 36.67670556 0 0,IS,315,352,190,163,1020,0.8,0.05,0.8,0.05,0,0,2. Mostly covered,3. Partially covered,2. Mostly covered,3. Partially covered,Not covered - N/A,Not covered - N/A
CP000591,Idleb,Idleb,Kelly,Muzun Camp,36.09908333 36.67670556 0 0,IS,1074,1199,648,554,3475,0.8,0.8,0.7,0.3,0,0.25,2. Mostly covered,2. Mostly covered,2. Mostly covered,3. Partially covered,Not covered - N/A,3. Partially covered
CP000592,Idleb,Idleb,Kelly,Noor,36.09908333 36.67670556 0 0,IS,315,352,190,163,1020,0.8,0.3,0.9,0.3,0,0,2. Mostly covered,3. Partially covered,2. Mostly covered,3. Partially covered,Not covered - N/A,Not covered - N/A
CP000593,Idleb,Idleb,Kelly,Omneer,36.09908333 36.67670556 0 0,IS,161,180,97,83,521,0.8,0.05,0.7,0.25,0,0,2. Mostly covered,3. Partially covered,2. Mostly covered,3. Partially covered,Not covered - N/A,Not covered - N/A
CP000594,Idleb,Idleb,Kelly,Qurtoba,36.09908333 36.67670556 0 0,IS,371,413,223,191,1198,0.65,0.5,0.05,0.25,0.5,0.7,2. Mostly covered,2. Mostly covered,3. Partially covered,3. Partially covered,2. Mostly covered,2. Mostly covered
CP000595,Idleb,Idleb,Kelly,Rafe'en,36.09908333 36.67670556 0 0,IS,213,238,129,110,690,0.75,0.05,0.05,0.05,0,0,2. Mostly covered,3. Partially covered,3. Partially covered,3. Partially covered,Not covered - N/A,Not covered - N/A
CP000596,Idleb,Idleb,Kelly,Sokari,36.09908333 36.67670556 0 0,IS,380,424,230,196,1230,0.75,0.2,0.7,0.5,0.25,0.75,2. Mostly covered,3. Partially covered,2. Mostly covered,2. Mostly covered,3. Partially covered,2. Mostly covered
CP000597,Idleb,Idleb,Kelly,Taiba (Kelly),36.09908333 36.67670556 0 0,IS,280,312,169,145,906,0.95,0.75,0.8,0.05,0.5,0.8,2. Mostly covered,2. Mostly covered,2. Mostly covered,3. Partially covered,2. Mostly covered,2. Mostly covered
CP000598,Idleb,Idleb,Kelly,Tawhid Camp,36.09908333 36.67670556 0 0,IS,366,409,221,190,1186,0.65,0.5,0.7,0.35,0.5,0.5,2. Mostly covered,2. Mostly covered,2. Mostly covered,3. Partially covered,2. Mostly covered,2. Mostly covered
CP000599,Idleb,Idleb,Kelly,Tuqan Camp,36.09908333 36.67670556 0 0,IS,440,491,266,228,1425,0.65,0.5,0.7,0.75,0.5,0.6,2. Mostly covered,2. Mostly covered,2. Mostly covered,2. Mostly covered,2. Mostly covered,2. Mostly covered
CP000528,Idleb,Idleb,Maaret Tamsrin,Maaret Elekhwan Camp,"36.0668624970001,36.6727532090001",PC,1163,1218,879,721,3981,1,1,1,1,1,1,1. Fully covered,1. Fully covered,1. Fully covered,1. Fully covered,1. Fully covered,1. Fully covered
CP000402,Idleb,Idleb,Maaret Tamsrin,Maaret Elekhwan Transit/Reception Centre,"36.0672944,36.684575",T/RC,632,804,747,690,2873,1,1,0,0,0,0,1. Fully covered,1. Fully covered,Not covered - N/A,Not covered - N/A,Not covered - N/A,Not covered - N/A
CP000332,Idleb,Jisr-Ash-Shugur,Kherbet Eljoz,Al Fateha,"35.9031040420001,36.1909764500001",IS,258,203,155,142,758,0.65,1,0,0,0,0,2. Mostly covered,1. Fully covered,Not covered - N/A,Not covered - N/A,Not covered - N/A,Not covered - N/A
CP000325,Idleb,Jisr-Ash-Shugur,Kherbet Eljoz,Ataa Al Kheir,"35.9031040420001,36.1909764500001",IS,806,927,877,788,3398,0.5,1,1,1,1,0,2. Mostly covered,1. Fully covered,1. Fully covered,1. Fully covered,1. Fully covered,Not covered - N/A
CP000326,Idleb,Jisr-Ash-Shugur,Kherbet Eljoz,Ein Al Bayda,"35.9031040420001,36.1909764500001",IS,47,56,35,33,171,0.7,0.7,1,1,1,0.6,2. Mostly covered,2. Mostly covered,1. Fully covered,1. Fully covered,1. Fully covered,2. Mostly covered
CP000327,Idleb,Jisr-Ash-Shugur,Kherbet Eljoz,Omar,"35.9031040420001,36.1909764500001",IS,194,219,216,209,838,0.5,0.5,1,1,1,0.9,2. Mostly covered,2. Mostly covered,1. Fully covered,1. Fully covered,1. Fully covered,2. Mostly covered
CP000113,Idleb,Jisr-Ash-Shugur,Kherbet Eljoz,Salah Alden (Kherbet Eljoz),"35.9031040420001,36.1909764500001",IS,570,620,585,566,2341,0.75,0.75,1,1,1,0.9,2. Mostly covered,2. Mostly covered,1. Fully covered,1. Fully covered,1. Fully covered,2. Mostly covered
CP000259,Idleb,Jisr-Ash-Shugur,Obein,Al Hanbushiyeh,"35.835141,36.188659",IS,508,503,642,563,2216,1,1,1,1,1,0,1. Fully covered,1. Fully covered,1. Fully covered,1. Fully covered,1. Fully covered,Not covered - N/A
CP000505,Idleb,Jisr-Ash-Shugur,Obein,Al Ziyara,"35.869435,36.180009",PC,120,135,140,170,565,0.5,0.5,0.9,0.9,0.9,0.9,2. Mostly covered,2. Mostly covered,2. Mostly covered,2. Mostly covered,2. Mostly covered,2. Mostly covered
CP000523,Idleb,Jisr-Ash-Shugur,Obein,Badama 2,"35.867234,36.177997",IS,86,98,93,88,365,0.75,0.75,0.9,0.9,0.9,0.9,2. Mostly covered,2. Mostly covered,2. Mostly covered,2. Mostly covered,2. Mostly covered,2. Mostly covered
CP000424,Idleb,Jisr-Ash-Shugur,Darkosh,Al Bonyan,"35.9926528,36.3115389",IS,121,127,115,95,458,0.8,1,1,1,1,0,2. Mostly covered,1. Fully covered,1. Fully covered,1. Fully covered,1. Fully covered,Not covered - N/A
CP000481,Idleb,Jisr-Ash-Shugur,Darkosh,Al Faroq (Darkosh) ,"35.9861167,36.3560722",IS,102,111,161,146,520,0.75,1,1,1,1,0.5,2. Mostly covered,1. Fully covered,1. Fully covered,1. Fully covered,1. Fully covered,2. Mostly covered
CP000341,Idleb,Jisr-Ash-Shugur,Darkosh,Ali Bin Abi Taleb (Dorriyeh) ,"35.993814,36.304855",IS,238,299,275,239,1051,0.7,1,1,1,1,0,2. Mostly covered,1. Fully covered,1. Fully covered,1. Fully covered,1. Fully covered,Not covered - N/A
CP000329,Idleb,Jisr-Ash-Shugur,Darkosh,Othman Bin Affan (Darkosh),"35.9031040420001,36.1909764500001",IS,106,128,109,95,438,0.75,1,1,1,1,0,2. Mostly covered,1. Fully covered,1. Fully covered,1. Fully covered,1. Fully covered,Not covered - N/A
CP000238,Idleb,Jisr-Ash-Shugur,Darkosh,Meriamen,"35.9031040420001,36.1909764500001",IS,17,15,10,9,51,0.5,1,0.9,0,0.9,0.25,2. Mostly covered,1. Fully covered,2. Mostly covered,Not covered - N/A,2. Mostly covered,3. Partially covered
CP000480,Idleb,Jisr-Ash-Shugur,Darkosh,Sheikh Essa,"35.9134611,36.378475",IS,131,144,90,84,449,0.75,0.2,1,1,1,0.75,2. Mostly covered,3. Partially covered,1. Fully covered,1. Fully covered,1. Fully covered,2. Mostly covered
CP000459,Idleb,Jisr-Ash-Shugur,Darkosh,Aleppo 1,"36.002122,36.372635",IS,136,137,133,120,526,0.75,1,1,1,1,0,2. Mostly covered,1. Fully covered,1. Fully covered,1. Fully covered,1. Fully covered,Not covered - N/A
CP000460,Idleb,Jisr-Ash-Shugur,Darkosh,Aleppo 2,"36.002633,36.373093",IS,180,177,139,121,617,0.75,1,1,1,1,0,2. Mostly covered,1. Fully covered,1. Fully covered,1. Fully covered,1. Fully covered,Not covered - N/A
CP000447,Idleb,Jisr-Ash-Shugur,Darkosh,Aleppo 3,"36.0055972,36.3731389",IS,168,196,141,124,629,0.5,1,1,1,1,0,2. Mostly covered,1. Fully covered,1. Fully covered,1. Fully covered,1. Fully covered,Not covered - N/A
CP000448,Idleb,Jisr-Ash-Shugur,Darkosh,Al Aman (Darkosh),"35.9793917,36.3418278",IS,150,168,165,155,638,0,1,1,1,1,0,Not covered - N/A,1. Fully covered,1. Fully covered,1. Fully covered,1. Fully covered,Not covered - N/A
CP000432,Idleb,Jisr-Ash-Shugur,Darkosh,Al Wafa (Darkosh),"35.9629347,36.3367628",IS,67,49,71,73,260,0.8,0.26,0.9,0.8,0.9,0.6,2. Mostly covered,3. Partially covered,2. Mostly covered,2. Mostly covered,2. Mostly covered,2. Mostly covered
CP000330,Idleb,Jisr-Ash-Shugur,Jisr-Ash-Shugur,Az-Zawf 1 (Sham),"35.9031040420001,36.1909764500001",IS,324,266,183,212,985,0.5,0.5,1,1,1,0.91,2. Mostly covered,2. Mostly covered,1. Fully covered,1. Fully covered,1. Fully covered,2. Mostly covered
CP000300,Idleb,Jisr-Ash-Shugur,Jisr-Ash-Shugur,Az-Zawf 2 (Sadaka Tashi),"35.941644,36.198236",PC,465,546,468,358,1837,0.5,1,1,1,1,0,2. Mostly covered,1. Fully covered,1. Fully covered,1. Fully covered,1. Fully covered,Not covered - N/A
CP000289,Idleb,Jisr-Ash-Shugur,Jisr-Ash-Shugur,Az-Zawf 3 (Al Ikhaa),"35.95015,36.211705",IS,795,906,793,697,3191,0.5,1,1,1,1,0,2. Mostly covered,1. Fully covered,1. Fully covered,1. Fully covered,1. Fully covered,Not covered - N/A
CP000331,Idleb,Jisr-Ash-Shugur,Jisr-Ash-Shugur,Al Kaderiyeh,"35.915600696,36.301948886",IS,27,37,30,28,122,0.8,0.25,0.9,0.8,0.9,0.5,2. Mostly covered,3. Partially covered,2. Mostly covered,2. Mostly covered,2. Mostly covered,2. Mostly covered
