governorate,district,Sub District,Community,cluster,Location Name,longitude,latitude,geo,environment,girls,boys,women,men,individual,Shelter,Water,Sanitation,Waste Removal,NFI,Food,shelter_cat,water_cat,sanitation_cat,waste_cat,NFI_cat,Food_cat,class
Deir-ez-Zor,Al Mayadin,Al Mayadin,Saalu,Saalu,Sa'lo 1 - Agricultural Research,40.3826,35.1543,"35.154,40.382",CC,0,0,0,0,570,,,,,,,4. Not covered,4. Not covered,4. Not covered,4. Not covered,4. Not covered,4. Not covered,a. 0 - 999
Deir-ez-Zor,Al Mayadin,Al Mayadin,Saalu,Saalu,Sa'lo 2 - Water Reservoir,40.3846,35.1563,"35.156,40.384",CC,0,0,0,0,270,,,,,,,4. Not covered,4. Not covered,4. Not covered,4. Not covered,4. Not covered,4. Not covered,a. 0 - 999
Deir-ez-Zor,Al Mayadin,Al Mayadin,Saalu,Saalu,Sa'lo 3 - Farm near Zibari,40.3856,35.1573,"35.157,40.385",CC,0,0,0,0,210,,,,,,,4. Not covered,4. Not covered,4. Not covered,4. Not covered,4. Not covered,4. Not covered,a. 0 - 999
Idleb,Al Ma'ra,Sanjar,Bashkum,Sanjar,Khaldyiah,37.1058,35.4453,"35.445,37.105",IS,0,0,0,0,320,,,,,,,4. Not covered,4. Not covered,4. Not covered,4. Not covered,4. Not covered,4. Not covered,a. 0 - 999
Idleb,Al Ma'ra,Sanjar,Hawa,Sanjar,Fakkah,37.0455,35.4463,"35.446,37.045",IS,0,0,0,0,150,,,,,,,4. Not covered,4. Not covered,4. Not covered,4. Not covered,4. Not covered,4. Not covered,a. 0 - 999
Idleb,Al Ma'ra,Sanjar,Bashkum,Sanjar,Bashkum,37.0909,35.4514,"35.451,37.090",IS,0,0,0,0,300,,,,,,,4. Not covered,4. Not covered,4. Not covered,4. Not covered,4. Not covered,4. Not covered,a. 0 - 999
Idleb,Al Ma'ra,Sanjar,Mreijeb Elmashad,Sanjar,Mreijeb Elmashad,37.0418,35.478,"35.478,37.041",IS,0,0,0,0,520,,,,,,,4. Not covered,4. Not covered,4. Not covered,4. Not covered,4. Not covered,4. Not covered,a. 0 - 999
Idleb,Al Ma'ra,Sanjar,Tal Halawa,Sanjar,Tal Halawa,37.1418,35.4828,"35.482,37.141",IS,0,0,0,0,900,,,,,,,4. Not covered,4. Not covered,4. Not covered,4. Not covered,4. Not covered,4. Not covered,a. 0 - 999
Idleb,Al Ma'ra,Sanjar,Maksar,Sanjar,Lower Maksar,37.0936,35.4957,"35.495,37.093",IS,0,0,0,0,150,,,,,,,4. Not covered,4. Not covered,4. Not covered,4. Not covered,4. Not covered,4. Not covered,a. 0 - 999
Idleb,Al Ma'ra,Sanjar,Tellemara,Sanjar,Tellemara,37.0816,35.507,"35.507,37.081",IS,0,0,0,0,300,,,,,,,4. Not covered,4. Not covered,4. Not covered,4. Not covered,4. Not covered,4. Not covered,a. 0 - 999
Idleb,Al Ma'ra,Sanjar,Jeb Elqasab,Sanjar,Jeb Elqasab,37.0993,35.5169,"35.516,37.099",IS,0,0,0,0,400,,,,,,,4. Not covered,4. Not covered,4. Not covered,4. Not covered,4. Not covered,4. Not covered,a. 0 - 999
Idleb,Al Ma'ra,Sanjar,Abul Eleij,Sanjar,Abul Eleij,37.1197,35.5247,"35.524,37.119",IS,0,0,0,0,400,,,,,,,4. Not covered,4. Not covered,4. Not covered,4. Not covered,4. Not covered,4. Not covered,a. 0 - 999
Idleb,Al Ma'ra,Sanjar,Rasm Elabed,Sanjar,Rasm Elabed,37.0181,35.5298,"35.529,37.018",IS,0,0,0,0,780,,,,,,,4. Not covered,4. Not covered,4. Not covered,4. Not covered,4. Not covered,4. Not covered,a. 0 - 999
Idleb,Al Ma'ra,Sanjar,Northern Lweibdeh,Sanjar,Lweibdeh,36.9305,35.5317,"35.531,36.930",IS,0,0,0,0,400,,,,,,,4. Not covered,4. Not covered,4. Not covered,4. Not covered,4. Not covered,4. Not covered,a. 0 - 999
Idleb,Al Ma'ra,Sanjar,Fahil Jallas,Sanjar,Fahil Jallas,36.9587,35.5394,"35.539,36.958",IS,0,0,0,0,350,,,,,,,4. Not covered,4. Not covered,4. Not covered,4. Not covered,4. Not covered,4. Not covered,a. 0 - 999
Idleb,Al Ma'ra,Sanjar,Seraa,Sanjar,Re'a Alhawa,37.1089,35.5402,"35.540,37.108",IS,0,0,0,0,500,,,,,,,4. Not covered,4. Not covered,4. Not covered,4. Not covered,4. Not covered,4. Not covered,a. 0 - 999
Idleb,Al Ma'ra,Sanjar,Mreiheb,Sanjar,Mreijeb Slejah,37.1514,35.5414,"35.541,37.151",IS,0,0,0,0,900,,,,,,,4. Not covered,4. Not covered,4. Not covered,4. Not covered,4. Not covered,4. Not covered,a. 0 - 999
Idleb,Al Ma'ra,Sanjar,Sanjar,Sanjar,Ramleh,37.0726,35.5613,"35.561,37.072",IS,0,0,0,0,340,,,,,,,4. Not covered,4. Not covered,4. Not covered,4. Not covered,4. Not covered,4. Not covered,a. 0 - 999
Idleb,Al Ma'ra,Sanjar,Mardagana Burtuqala,Sanjar,Mardagana Burtuqala,37.0275,35.5867,"35.586,37.027",IS,0,0,0,0,200,,,,,,,4. Not covered,4. Not covered,4. Not covered,4. Not covered,4. Not covered,4. Not covered,a. 0 - 999
Idleb,Al Ma'ra,Sanjar,Ejaz,Sanjar,Eatern Ejaz,36.9343,35.6208,"35.620,36.934",IS,0,0,0,0,600,,,,,,,4. Not covered,4. Not covered,4. Not covered,4. Not covered,4. Not covered,4. Not covered,a. 0 - 999
Idleb,Al Ma'ra,Sanjar,Ejaz,Sanjar,Western Ejaz,36.9315,35.6228,"35.622,36.931",IS,0,0,0,0,600,,,,,,,4. Not covered,4. Not covered,4. Not covered,4. Not covered,4. Not covered,4. Not covered,a. 0 - 999
Idleb,Al Ma'ra,Sanjar,Ojeh,Sanjar,Ojeh,37.0214,35.6347,"35.634,37.021",IS,0,0,0,0,400,,,,,,,4. Not covered,4. Not covered,4. Not covered,4. Not covered,4. Not covered,4. Not covered,a. 0 - 999
Idleb,Al Ma'ra,Sanjar,Qatra,Sanjar,Qatra,36.8758,35.6534,"35.653,36.875",IS,0,0,0,0,350,,,,,,,4. Not covered,4. Not covered,4. Not covered,4. Not covered,4. Not covered,4. Not covered,a. 0 - 999
Lattakia,Lattakia,Rabee'a,Qasab ,Yamadia,Yamadia (Kasab),36.0681,35.7122,"35.712,36.068",IS,0,0,0,0,0,,,,,,,4. Not covered,4. Not covered,4. Not covered,4. Not covered,4. Not covered,4. Not covered,a. 0 - 999
Idleb,Jisr-Ash-Shugur,Badama,Badama,Oben,Al Jabal,36.1973,35.8119,"35.811,36.197",IS,0,0,0,0,0,,,,,,,4. Not covered,4. Not covered,4. Not covered,4. Not covered,4. Not covered,4. Not covered,a. 0 - 999
Idleb,Jisr-Ash-Shugur,Badama,Badama,Oben,Al Jenan,36.1993,35.8139,"35.813,36.199",IS,0,0,0,0,0,,,,,,,4. Not covered,4. Not covered,4. Not covered,4. Not covered,4. Not covered,4. Not covered,a. 0 - 999
Idleb,Jisr-Ash-Shugur,Badama,Badama,Oben,Al Mashta,36.2003,35.8149,"35.814,36.200",IS,0,0,0,0,0,,,,,,,4. Not covered,4. Not covered,4. Not covered,4. Not covered,4. Not covered,4. Not covered,a. 0 - 999
Idleb,Jisr-Ash-Shugur,Badama,Badama,Oben,Al Sahel,36.2013,35.8159,"35.815,36.201",IS,0,0,0,0,0,,,,,,,4. Not covered,4. Not covered,4. Not covered,4. Not covered,4. Not covered,4. Not covered,a. 0 - 999
Idleb,Jisr-Ash-Shugur,Badama,Badama,Oben,Aysha 1,36.2023,35.8169,"35.816,36.202",IS,0,0,0,0,0,,,,,,,4. Not covered,4. Not covered,4. Not covered,4. Not covered,4. Not covered,4. Not covered,a. 0 - 999
Idleb,Jisr-Ash-Shugur,Badama,Badama,Oben,Aysha 2,36.2033,35.8179,"35.817,36.203",IS,0,0,0,0,0,,,,,,,4. Not covered,4. Not covered,4. Not covered,4. Not covered,4. Not covered,4. Not covered,a. 0 - 999
Idleb,Jisr-Ash-Shugur,Badama,Badama,Oben,Oben ,36.2043,35.8189,"35.818,36.204",IS,0,0,0,0,0,,,,,,,4. Not covered,4. Not covered,4. Not covered,4. Not covered,4. Not covered,4. Not covered,a. 0 - 999
Idleb,Jisr-Ash-Shugur,Jisr-Ash-Shugur,Jisr-Ash-Shugur,Jisr-Ash-Shugur,Alkaissiyeh,36.315,35.8142,"35.814,36.315",CC,0,0,0,0,0,,,,,,,4. Not covered,4. Not covered,4. Not covered,4. Not covered,4. Not covered,4. Not covered,a. 0 - 999
Idleb,Jisr-Ash-Shugur,Jisr-Ash-Shugur,Jisr-Ash-Shugur,Jisr-Ash-Shugur,Ala'arin,36.317,35.8162,"35.816,36.317",CC,0,0,0,0,0,,,,,,,4. Not covered,4. Not covered,4. Not covered,4. Not covered,4. Not covered,4. Not covered,a. 0 - 999
Idleb,Jisr-Ash-Shugur,Jisr-Ash-Shugur,Jisr-Ash-Shugur,Jisr-Ash-Shugur,Almuteleh,36.318,35.8172,"35.817,36.318",CC,0,0,0,0,0,,,,,,,4. Not covered,4. Not covered,4. Not covered,4. Not covered,4. Not covered,4. Not covered,a. 0 - 999
Idleb,Jisr-Ash-Shugur,Jisr-Ash-Shugur,Jisr-Ash-Shugur,Jisr-Ash-Shugur,Om Elriysh,36.319,35.8182,"35.818,36.319",CC,23,20,6,7,56,,,,,1,1,4. Not covered,4. Not covered,4. Not covered,4. Not covered,1. Fully covered,1. Fully covered,a. 0 - 999
Idleb,Jisr-Ash-Shugur,Jisr-Ash-Shugur,Jisr-Ash-Shugur,Jisr-Ash-Shugur,Sabileh,36.32,35.8192,"35.819,36.32",CC,0,0,0,0,0,,,,,,,4. Not covered,4. Not covered,4. Not covered,4. Not covered,4. Not covered,4. Not covered,a. 0 - 999
Lattakia,Lattakia,Rabee'a,Samira - Sallur,Yamadia,Al Nahel Camp,36.134,35.8194,"35.819,36.134",IS,0,0,0,0,0,,,,,,,4. Not covered,4. Not covered,4. Not covered,4. Not covered,4. Not covered,4. Not covered,a. 0 - 999
Lattakia,Lattakia,Rabee'a,Samira - Sallur,Yamadia,Al Zeytoun,36.1339,35.8249,"35.824,36.133",IS,0,0,0,0,0,,,,,,,4. Not covered,4. Not covered,4. Not covered,4. Not covered,4. Not covered,4. Not covered,a. 0 - 999
Ar Raqqa,Ath-Thawrah,Mansura,Sefsafa (Mansura),Sasafa,Baoda,38.6111,35.8345,"35.834,38.611",IS,0,0,0,0,8,1,,,,,,1. Fully covered,4. Not covered,4. Not covered,4. Not covered,4. Not covered,4. Not covered,a. 0 - 999
Ar Raqqa,Ath-Thawrah,Mansura,Sefsafa (Mansura),Sasafa,Hamam,38.6131,35.8365,"35.836,38.613",IS,0,0,0,0,5,1,,,,,,1. Fully covered,4. Not covered,4. Not covered,4. Not covered,4. Not covered,4. Not covered,a. 0 - 999
Ar Raqqa,Ath-Thawrah,Mansura,Sefsafa (Mansura),Sasafa,Khadour,38.6141,35.8375,"35.837,38.614",CC,0,0,0,0,156,1,,,,,,1. Fully covered,4. Not covered,4. Not covered,4. Not covered,4. Not covered,4. Not covered,a. 0 - 999
Ar Raqqa,Ath-Thawrah,Mansura,Sefsafa (Mansura),Sasafa,Kharameza,38.6151,35.8385,"35.838,38.615",CC,0,0,0,0,96,1,,,,,,1. Fully covered,4. Not covered,4. Not covered,4. Not covered,4. Not covered,4. Not covered,a. 0 - 999
Ar Raqqa,Ath-Thawrah,Mansura,Sefsafa (Mansura),Sasafa,Saqeah,38.6161,35.8395,"35.839,38.616",CC,0,0,0,0,174,1,,,,,,1. Fully covered,4. Not covered,4. Not covered,4. Not covered,4. Not covered,4. Not covered,a. 0 - 999
Ar Raqqa,Ath-Thawrah,Mansura,Sefsafa (Mansura),Sasafa,Sasafa,38.6171,35.8405,"35.840,38.617",IS,0,0,0,0,18,1,,,,,,1. Fully covered,4. Not covered,4. Not covered,4. Not covered,4. Not covered,4. Not covered,a. 0 - 999
Lattakia,Lattakia,Rabee'a,Samira - Sallur,Yamadia,Yamadia Major Camp,36.1342,35.8383,"35.838,36.134",IS,0,0,0,0,0,,,,,,,4. Not covered,4. Not covered,4. Not covered,4. Not covered,4. Not covered,4. Not covered,a. 0 - 999
Lattakia,Lattakia,Rabee'a,Samira - Sallur,Yamadia,Jib Torous,36.1304,35.8418,"35.841,36.130",IS,0,0,0,0,200,1,1,1,1,1,,1. Fully covered,1. Fully covered,1. Fully covered,1. Fully covered,1. Fully covered,4. Not covered,a. 0 - 999
Idleb,Jisr-Ash-Shugur,Badama,Ein El-Bayda,Oben,Al Hanbushiyeh,36.181,35.8652,"35.865,36.181",IS,72,60,44,38,214,1,1,1,1,1,,1. Fully covered,1. Fully covered,1. Fully covered,1. Fully covered,1. Fully covered,4. Not covered,a. 0 - 999
Idleb,Jisr-Ash-Shugur,Badama,Kherbet Eljoz,Kherbet Eljoz,Salah Alden (Kherbet Eljoz),36.1766,35.8951,"35.895,36.176",IS,848,834,880,870,3432,1,1,1,1,1,0.7,1. Fully covered,1. Fully covered,1. Fully covered,1. Fully covered,1. Fully covered,2. Mostly covered,"b. 1,000 - 4,999"
Idleb,Jisr-Ash-Shugur,Janudiyeh,Qaderiyeh - Qayqun,Jisr-Ash-Shugur,Al Kaderiyeh,36.3099,35.899,"35.899,36.309",IS,30,30,27,20,107,1,1,1,1,,,1. Fully covered,1. Fully covered,1. Fully covered,1. Fully covered,4. Not covered,4. Not covered,a. 0 - 999
Idleb,Jisr-Ash-Shugur,Badama,Kherbet Eljoz,Kherbet Eljoz,Kherbet  Eljoz (Al Masamet) Same as Salah Alden,36.191,35.9031,"35.903,36.191",IS,0,0,0,0,0,,,,,,,4. Not covered,4. Not covered,4. Not covered,4. Not covered,4. Not covered,4. Not covered,a. 0 - 999
Idleb,Jisr-Ash-Shugur,Badama,Kherbet Eljoz,Kherbet Eljoz,Al Fateha,36.193,35.9051,"35.905,36.193",IS,0,0,0,0,77,,,,,,,4. Not covered,4. Not covered,4. Not covered,4. Not covered,4. Not covered,4. Not covered,a. 0 - 999
Idleb,Jisr-Ash-Shugur,Badama,Kherbet Eljoz,Kherbet Eljoz,Ataa Al Kheir,36.194,35.9061,"35.906,36.194",IS,0,0,0,0,3005,1,1,1,1,,,1. Fully covered,1. Fully covered,1. Fully covered,1. Fully covered,4. Not covered,4. Not covered,"b. 1,000 - 4,999"
Idleb,Jisr-Ash-Shugur,Badama,Kherbet Eljoz,Kherbet Eljoz,Ein Al Bayda,36.195,35.9071,"35.907,36.195",IS,0,0,0,0,3034,,1,1,1,,,4. Not covered,1. Fully covered,1. Fully covered,1. Fully covered,4. Not covered,4. Not covered,"b. 1,000 - 4,999"
Idleb,Jisr-Ash-Shugur,Badama,Kherbet Eljoz,Kherbet Eljoz,Omar,36.196,35.9081,"35.908,36.196",IS,0,0,0,0,2918,,1,1,1,,,4. Not covered,1. Fully covered,1. Fully covered,1. Fully covered,4. Not covered,4. Not covered,"b. 1,000 - 4,999"
Idleb,Jisr-Ash-Shugur,Darkosh,Mreimin (Darkosh),Darkosh,Maryamin school,36.4157,35.9205,"35.920,36.415",CC,0,0,0,0,0,,,,,,,4. Not covered,4. Not covered,4. Not covered,4. Not covered,4. Not covered,4. Not covered,a. 0 - 999
Idleb,Jisr-Ash-Shugur,Darkosh,Mreimin (Darkosh),Darkosh,Meriamen,36.4177,35.9225,"35.922,36.417",IS,32,34,22,20,108,,1,1,1,,,4. Not covered,1. Fully covered,1. Fully covered,1. Fully covered,4. Not covered,4. Not covered,a. 0 - 999
Idleb,Jisr-Ash-Shugur,Janudiyeh,Maland,Jisr-Ash-Shugur,Al Maland,36.2749,35.9235,"35.923,36.274",CC,0,0,0,0,0,,,,,,,4. Not covered,4. Not covered,4. Not covered,4. Not covered,4. Not covered,4. Not covered,a. 0 - 999
Idleb,Jisr-Ash-Shugur,Janudiyeh,Hamama - Kafr Debbin,Jisr-Ash-Shugur,Al Hamama,36.3572,35.9233,"35.923,36.357",CC,58,52,28,24,162,1,,0.5,0.5,0.5,0.5,1. Fully covered,4. Not covered,3. Partially covered,3. Partially covered,3. Partially covered,3. Partially covered,a. 0 - 999
Idleb,Jisr-Ash-Shugur,Janudiyeh,Foz - Zuf,Jisr-Ash-Shugur,Az-Zawf 2 (Sadaka Tashi),36.1982,35.9416,"35.941,36.198",IS,624,615,709,703,2651,1,1,1,1,,0.5,1. Fully covered,1. Fully covered,1. Fully covered,1. Fully covered,4. Not covered,3. Partially covered,"b. 1,000 - 4,999"
Idleb,Jisr-Ash-Shugur,Janudiyeh,Foz - Zuf,Jisr-Ash-Shugur,Az-Zawf 1 (Sham),36.2343,35.9436,"35.943,36.234",IS,827,797,708,620,2952,,1,1,1,,,4. Not covered,1. Fully covered,1. Fully covered,1. Fully covered,4. Not covered,4. Not covered,"b. 1,000 - 4,999"
Idleb,Jisr-Ash-Shugur,Janudiyeh,Hassaniyeh - Hatya,Jisr-Ash-Shugur,Al Hassania,36.2806,35.9467,"35.946,36.280",CC,0,0,0,0,0,,,,,,,4. Not covered,4. Not covered,4. Not covered,4. Not covered,4. Not covered,4. Not covered,a. 0 - 999
Idleb,Jisr-Ash-Shugur,Janudiyeh,Foz - Zuf,Jisr-Ash-Shugur,Az-Zawf 3 (Al Ikhaa),36.2117,35.9502,"35.950,36.211",IS,252,230,286,284,1052,1,1,1,1,,0.75,1. Fully covered,1. Fully covered,1. Fully covered,1. Fully covered,4. Not covered,2. Mostly covered,"b. 1,000 - 4,999"
Idleb,Al Ma'ra,Sanjar,Mlolah,Sanjar,Aziziyeh,36.6941,35.9759,"35.975,36.694",IS,0,0,0,0,250,,,,,,,4. Not covered,4. Not covered,4. Not covered,4. Not covered,4. Not covered,4. Not covered,a. 0 - 999
Idleb,Jisr-Ash-Shugur,Darkosh,Darkosh,Darkosh,Ain Alkassab,36.3934,35.9924,"35.992,36.393",CC,15,10,4,4,33,,,,,,,4. Not covered,4. Not covered,4. Not covered,4. Not covered,4. Not covered,4. Not covered,a. 0 - 999
Idleb,Jisr-Ash-Shugur,Darkosh,Darkosh,Darkosh,Ain Alzarqa,36.3954,35.9944,"35.994,36.395",CC,14,12,11,8,45,1,1,1,,,,1. Fully covered,1. Fully covered,1. Fully covered,4. Not covered,4. Not covered,4. Not covered,a. 0 - 999
Idleb,Jisr-Ash-Shugur,Darkosh,Darkosh,Darkosh,Al Daher school,36.3964,35.9954,"35.995,36.396",CC,0,0,0,0,0,,,,,,,4. Not covered,4. Not covered,4. Not covered,4. Not covered,4. Not covered,4. Not covered,a. 0 - 999
Idleb,Jisr-Ash-Shugur,Darkosh,Darkosh,Darkosh,Al Kassab factory,36.3974,35.9964,"35.996,36.397",CC,2,1,1,0,6,,,,,,,4. Not covered,4. Not covered,4. Not covered,4. Not covered,4. Not covered,4. Not covered,a. 0 - 999
Idleb,Jisr-Ash-Shugur,Darkosh,Darkosh,Darkosh,Almoshiyrfeh Alshamalieh,36.3984,35.9974,"35.997,36.398",CC,5,4,3,3,15,1,,,,1,1,1. Fully covered,4. Not covered,4. Not covered,4. Not covered,1. Fully covered,1. Fully covered,a. 0 - 999
Idleb,Jisr-Ash-Shugur,Darkosh,Darkosh,Darkosh,Halab Alkassab,36.3994,35.9984,"35.998,36.399",CC,2,1,1,0,6,,,,,,,4. Not covered,4. Not covered,4. Not covered,4. Not covered,4. Not covered,4. Not covered,a. 0 - 999
Idleb,Jisr-Ash-Shugur,Darkosh,Darkosh,Darkosh,Jabal Alkassab,36.4004,35.9994,"35.999,36.400",CC,2,1,1,0,6,,,,,,,4. Not covered,4. Not covered,4. Not covered,4. Not covered,4. Not covered,4. Not covered,a. 0 - 999
Idleb,Jisr-Ash-Shugur,Darkosh,Darkosh,Darkosh,Jisr Alkassab,36.4014,36.0004,"36.000,36.401",CC,12,12,6,6,36,,,,,,,4. Not covered,4. Not covered,4. Not covered,4. Not covered,4. Not covered,4. Not covered,a. 0 - 999
Idleb,Jisr-Ash-Shugur,Darkosh,Darkosh,Darkosh,Kharab Khalil school,36.4024,36.0014,"36.001,36.402",CC,10,6,5,4,25,1,,,,1,1,1. Fully covered,4. Not covered,4. Not covered,4. Not covered,1. Fully covered,1. Fully covered,a. 0 - 999
Idleb,Jisr-Ash-Shugur,Darkosh,Darkosh,Darkosh,Kharab Sultan school,36.4034,36.0024,"36.002,36.403",CC,6,4,3,3,16,1,,,,1,1,1. Fully covered,4. Not covered,4. Not covered,4. Not covered,1. Fully covered,1. Fully covered,a. 0 - 999
Idleb,Jisr-Ash-Shugur,Darkosh,Darkosh,Darkosh,Mshmeshan,36.4044,36.0034,"36.003,36.404",CC,12,10,5,5,32,,,,,,,4. Not covered,4. Not covered,4. Not covered,4. Not covered,4. Not covered,4. Not covered,a. 0 - 999
Idleb,Jisr-Ash-Shugur,Darkosh,Dorriyeh,Darkosh,Ali Bin Abi Taleb,36.3049,35.9938,"35.993,36.304",IS,388,397,296,269,1350,1,1,1,1,,,1. Fully covered,1. Fully covered,1. Fully covered,1. Fully covered,4. Not covered,4. Not covered,"b. 1,000 - 4,999"
Idleb,Jisr-Ash-Shugur,Darkosh,Dorriyeh,Darkosh,Othman Bin Affan,36.3097,35.9931,"35.993,36.309",IS,214,225,192,158,789,1,1,1,1,,,1. Fully covered,1. Fully covered,1. Fully covered,1. Fully covered,4. Not covered,4. Not covered,a. 0 - 999
Idleb,Harim,Armanaz,Kuwaro - Um Elriyah,Armanaz,Afran dukhan,36.4681,36.0173,"36.017,36.468",CC,15,16,7,6,44,1,,,1,,,1. Fully covered,4. Not covered,4. Not covered,1. Fully covered,4. Not covered,4. Not covered,a. 0 - 999
Idleb,Harim,Armanaz,Kuwaro - Um Elriyah,Armanaz,Kuwaro school,36.4701,36.0193,"36.019,36.470",CC,0,0,0,0,0,,,,,,,4. Not covered,4. Not covered,4. Not covered,4. Not covered,4. Not covered,4. Not covered,a. 0 - 999
Idleb,Harim,Salqin,Azmarin,Salqin,East Ezmarin school,36.4214,36.056,"36.056,36.421",CC,29,25,14,12,80,1,1,0.4,1,1,1,1. Fully covered,1. Fully covered,3. Partially covered,1. Fully covered,1. Fully covered,1. Fully covered,a. 0 - 999
Idleb,Harim,Salqin,Azmarin,Salqin,New  Ezmarin school,36.4234,36.058,"36.058,36.423",CC,10,14,8,8,40,1,1,0.4,1,1,1,1. Fully covered,1. Fully covered,3. Partially covered,1. Fully covered,1. Fully covered,1. Fully covered,a. 0 - 999
Idleb,Harim,Salqin,Tellemar,Salqin,Tal Amar,36.4172,36.0578,"36.057,36.417",CC,2,1,1,1,5,,,,,,,4. Not covered,4. Not covered,4. Not covered,4. Not covered,4. Not covered,4. Not covered,a. 0 - 999
Idleb,Harim,Salqin,Tellemar,Salqin,Tal Amar School,36.4192,36.0598,"36.059,36.419",CC,11,9,6,6,32,,,,,,,4. Not covered,4. Not covered,4. Not covered,4. Not covered,4. Not covered,4. Not covered,a. 0 - 999
Idleb,Harim,Salqin,Saidiyeh - Salqin,Salqin,Al Saidiah Store,36.4239,36.0675,"36.067,36.423",CC,5,7,4,4,20,1,,1,1,1,1,1. Fully covered,4. Not covered,1. Fully covered,1. Fully covered,1. Fully covered,1. Fully covered,a. 0 - 999
Idleb,Harim,Salqin,Saidiyeh - Salqin,Salqin,Knak Alsaidiah,36.4259,36.0695,"36.069,36.425",CC,12,10,10,8,40,1,1,1,1,1,1,1. Fully covered,1. Fully covered,1. Fully covered,1. Fully covered,1. Fully covered,1. Fully covered,a. 0 - 999
Idleb,Harim,Salqin,Kafr Hind,Salqin,Kafr Hind school,36.4298,36.0828,"36.082,36.429",CC,0,0,0,0,0,,,,,,,4. Not covered,4. Not covered,4. Not covered,4. Not covered,4. Not covered,4. Not covered,a. 0 - 999
Idleb,Harim,Salqin,Kafr Hind,Salqin,Kafr Hend,36.4318,36.0848,"36.084,36.431",CC,10,13,9,8,40,,,,,,,4. Not covered,4. Not covered,4. Not covered,4. Not covered,4. Not covered,4. Not covered,a. 0 - 999
Idleb,Harim,Armanaz,Armanaz,Armanaz,Albaider school,36.502,36.084,"36.084,36.502",CC,0,0,0,0,0,,,,,,,4. Not covered,4. Not covered,4. Not covered,4. Not covered,4. Not covered,4. Not covered,a. 0 - 999
Idleb,Harim,Armanaz,Armanaz,Armanaz,Alshbiba buildinng,36.504,36.086,"36.086,36.504",CC,9,9,10,6,34,1,1,1,1,1,1,1. Fully covered,1. Fully covered,1. Fully covered,1. Fully covered,1. Fully covered,1. Fully covered,a. 0 - 999
Idleb,Harim,Armanaz,Armanaz,Armanaz,Alzahra'a school,36.505,36.087,"36.087,36.505",CC,0,0,0,0,0,,,,,,,4. Not covered,4. Not covered,4. Not covered,4. Not covered,4. Not covered,4. Not covered,a. 0 - 999
Idleb,Harim,Armanaz,Armanaz,Armanaz,Aref Alnor school,36.506,36.088,"36.088,36.506",CC,0,0,0,0,0,,,,,,,4. Not covered,4. Not covered,4. Not covered,4. Not covered,4. Not covered,4. Not covered,a. 0 - 999
Idleb,Harim,Armanaz,Armanaz,Armanaz,Edadia Milis school,36.507,36.089,"36.089,36.507",CC,0,0,0,0,0,,,,,,,4. Not covered,4. Not covered,4. Not covered,4. Not covered,4. Not covered,4. Not covered,a. 0 - 999
Idleb,Harim,Armanaz,Armanaz,Armanaz,Beates shool,36.508,36.09,"36.09,36.508",CC,0,0,0,0,0,,,,,,,4. Not covered,4. Not covered,4. Not covered,4. Not covered,4. Not covered,4. Not covered,a. 0 - 999
Idleb,Harim,Armanaz,Armanaz,Armanaz,Mosque Alzahra'a,36.509,36.091,"36.091,36.509",CC,12,17,9,8,46,1,1,1,1,1,1,1. Fully covered,1. Fully covered,1. Fully covered,1. Fully covered,1. Fully covered,1. Fully covered,a. 0 - 999
Idleb,Harim,Armanaz,Armanaz,Armanaz,Mosque Beates ,36.51,36.092,"36.092,36.51",CC,3,6,3,3,15,1,1,1,1,1,1,1. Fully covered,1. Fully covered,1. Fully covered,1. Fully covered,1. Fully covered,1. Fully covered,a. 0 - 999
Idleb,Harim,Armanaz,Armanaz,Armanaz,Municipality building,36.511,36.093,"36.093,36.511",CC,40,44,30,26,140,1,1,1,1,1,1,1. Fully covered,1. Fully covered,1. Fully covered,1. Fully covered,1. Fully covered,1. Fully covered,a. 0 - 999
Idleb,Harim,Armanaz,Armanaz,Armanaz,Thanoia Milis school,36.512,36.094,"36.094,36.512",CC,0,0,0,0,0,,,,,,,4. Not covered,4. Not covered,4. Not covered,4. Not covered,4. Not covered,4. Not covered,a. 0 - 999
Idleb,Harim,Salqin,Abu Talha,Salqin,Abo Talha school,36.4363,36.104,"36.104,36.436",CC,0,0,0,0,0,,,,,,,4. Not covered,4. Not covered,4. Not covered,4. Not covered,4. Not covered,4. Not covered,a. 0 - 999
Aleppo,Jebel Saman,Atareb,Abin Samaan,Atareb,Ra'a,36.745,36.1067,"36.106,36.745",IS,287,276,229,189,981,1,1,1,1,,1,1. Fully covered,1. Fully covered,1. Fully covered,1. Fully covered,4. Not covered,1. Fully covered,a. 0 - 999
Idleb,Harim,Kafr Takharim,Kafr Takharim,Kafr Takharim,Ahmad Balaneh,36.5154,36.1165,"36.116,36.515",CC,9,5,4,4,22,1,1,1,1,1,1,1. Fully covered,1. Fully covered,1. Fully covered,1. Fully covered,1. Fully covered,1. Fully covered,a. 0 - 999
Idleb,Harim,Kafr Takharim,Kafr Takharim,Kafr Takharim,Almyah building,36.5174,36.1185,"36.118,36.517",CC,1,2,1,0,4,1,1,1,1,1,1,1. Fully covered,1. Fully covered,1. Fully covered,1. Fully covered,1. Fully covered,1. Fully covered,a. 0 - 999
Idleb,Harim,Kafr Takharim,Kafr Takharim,Kafr Takharim,Alzera'a building ,36.5184,36.1195,"36.119,36.518",CC,2,6,4,4,16,1,1,1,1,1,1,1. Fully covered,1. Fully covered,1. Fully covered,1. Fully covered,1. Fully covered,1. Fully covered,a. 0 - 999
Idleb,Harim,Kafr Takharim,Kafr Takharim,Kafr Takharim,Aref Kajo building ,36.5194,36.1205,"36.120,36.519",CC,4,3,4,4,15,1,1,1,1,1,1,1. Fully covered,1. Fully covered,1. Fully covered,1. Fully covered,1. Fully covered,1. Fully covered,a. 0 - 999
Idleb,Harim,Kafr Takharim,Kafr Takharim,Kafr Takharim,Ba'a building,36.5204,36.1215,"36.121,36.520",CC,11,10,5,5,31,1,1,1,1,1,1,1. Fully covered,1. Fully covered,1. Fully covered,1. Fully covered,1. Fully covered,1. Fully covered,a. 0 - 999
Idleb,Harim,Kafr Takharim,Kafr Takharim,Kafr Takharim,Bashar Bero building,36.5214,36.1225,"36.122,36.521",CC,0,0,0,0,0,,,,,,,4. Not covered,4. Not covered,4. Not covered,4. Not covered,4. Not covered,4. Not covered,a. 0 - 999
Idleb,Harim,Kafr Takharim,Kafr Takharim,Kafr Takharim,Hamo building ,36.5224,36.1235,"36.123,36.522",CC,0,0,0,0,0,,,,,,,4. Not covered,4. Not covered,4. Not covered,4. Not covered,4. Not covered,4. Not covered,a. 0 - 999
Idleb,Harim,Kafr Takharim,Kafr Takharim,Kafr Takharim,Kaf Altayar school,36.5234,36.1245,"36.124,36.523",CC,0,0,0,0,0,,,,,,,4. Not covered,4. Not covered,4. Not covered,4. Not covered,4. Not covered,4. Not covered,a. 0 - 999
Idleb,Harim,Kafr Takharim,Kafr Takharim,Kafr Takharim,Mohammad Albashi building,36.5244,36.1255,"36.125,36.524",CC,6,5,3,4,18,1,1,1,1,1,1,1. Fully covered,1. Fully covered,1. Fully covered,1. Fully covered,1. Fully covered,1. Fully covered,a. 0 - 999
Idleb,Harim,Kafr Takharim,Kafr Takharim,Kafr Takharim,Raher building ,36.5254,36.1265,"36.126,36.525",CC,0,0,0,0,0,,,,,,,4. Not covered,4. Not covered,4. Not covered,4. Not covered,4. Not covered,4. Not covered,a. 0 - 999
Idleb,Harim,Kafr Takharim,Kafr Takharim,Kafr Takharim,Water department,36.5264,36.1275,"36.127,36.526",CC,0,0,0,0,0,,,,,,,4. Not covered,4. Not covered,4. Not covered,4. Not covered,4. Not covered,4. Not covered,a. 0 - 999
Idleb,Harim,Dana,Bab Al Hawa,Bab Al Hawa,Al Nahdha,36.4346,36.1221,"36.122,36.434",IS,94,116,102,102,414,,1,1,1,1,1,4. Not covered,1. Fully covered,1. Fully covered,1. Fully covered,1. Fully covered,1. Fully covered,a. 0 - 999
Idleb,Harim,Salqin,Delbiya,Kafrina,Al Taakhi,36.4002,36.1321,"36.132,36.400",IS,421,396,321,285,1423,1,,,,,,1. Fully covered,4. Not covered,4. Not covered,4. Not covered,4. Not covered,4. Not covered,"b. 1,000 - 4,999"
Idleb,Harim,Salqin,Salqin,Kafrina,Al Safsafa,36.4238,36.1328,"36.132,36.423",IS,489,472,419,367,1747,1,,,,,,1. Fully covered,4. Not covered,4. Not covered,4. Not covered,4. Not covered,4. Not covered,"b. 1,000 - 4,999"
Idleb,Harim,Qourqeena,Qourqeena,Qourqeena,Al Bareed,36.6127,36.1385,"36.138,36.612",CC,9,7,6,6,28,1,1,1,1,,,1. Fully covered,1. Fully covered,1. Fully covered,1. Fully covered,4. Not covered,4. Not covered,a. 0 - 999
Idleb,Harim,Qourqeena,Qourqeena,Qourqeena,Al Edadia school,36.6147,36.1405,"36.140,36.614",CC,31,25,13,11,80,1,,,1,1,1,1. Fully covered,4. Not covered,4. Not covered,1. Fully covered,1. Fully covered,1. Fully covered,a. 0 - 999
Idleb,Harim,Qourqeena,Qourqeena,Qourqeena,Al Kahraba'a,36.6157,36.1415,"36.141,36.615",CC,6,5,6,5,22,1,1,1,1,,,1. Fully covered,1. Fully covered,1. Fully covered,1. Fully covered,4. Not covered,4. Not covered,a. 0 - 999
Idleb,Harim,Qourqeena,Qourqeena,Qourqeena,Al Makhfar,36.6167,36.1425,"36.142,36.616",CC,23,30,12,11,76,1,1,1,1,1,1,1. Fully covered,1. Fully covered,1. Fully covered,1. Fully covered,1. Fully covered,1. Fully covered,a. 0 - 999
Idleb,Harim,Qourqeena,Qourqeena,Qourqeena,Al Mustawsaf,36.6177,36.1435,"36.143,36.617",CC,5,6,4,4,19,1,1,1,1,1,1,1. Fully covered,1. Fully covered,1. Fully covered,1. Fully covered,1. Fully covered,1. Fully covered,a. 0 - 999
Idleb,Harim,Qourqeena,Qourqeena,Qourqeena,Old court,36.6187,36.1445,"36.144,36.618",CC,3,2,1,1,7,1,1,1,1,1,1,1. Fully covered,1. Fully covered,1. Fully covered,1. Fully covered,1. Fully covered,1. Fully covered,a. 0 - 999
Idleb,Harim,Qourqeena,Qourqeena,Qourqeena,Said Bro's building,36.6197,36.1455,"36.145,36.619",CC,6,5,6,5,22,1,1,1,1,1,1,1. Fully covered,1. Fully covered,1. Fully covered,1. Fully covered,1. Fully covered,1. Fully covered,a. 0 - 999
Idleb,Harim,Qourqeena,Qourqeena,Qourqeena,Secondary school,36.6207,36.1465,"36.146,36.620",CC,9,11,12,9,41,1,1,1,1,1,1,1. Fully covered,1. Fully covered,1. Fully covered,1. Fully covered,1. Fully covered,1. Fully covered,a. 0 - 999
Idleb,Harim,Salqin,Salqin,Salqin,Ahmad Hameesh,36.4537,36.139,"36.139,36.453",CC,63,59,38,25,185,1,,0.6,1,1,1,1. Fully covered,4. Not covered,2. Mostly covered,1. Fully covered,1. Fully covered,1. Fully covered,a. 0 - 999
Idleb,Harim,Salqin,Salqin,Salqin,Alba'ath,36.4557,36.141,"36.141,36.455",CC,0,0,0,0,0,,,,,,,4. Not covered,4. Not covered,4. Not covered,4. Not covered,4. Not covered,4. Not covered,a. 0 - 999
Idleb,Harim,Salqin,Salqin,Salqin,Al Balaneh school,36.4567,36.142,"36.142,36.456",CC,4,5,2,2,13,1,,0.7,,1,1,1. Fully covered,4. Not covered,2. Mostly covered,4. Not covered,1. Fully covered,1. Fully covered,a. 0 - 999
Idleb,Harim,Salqin,Salqin,Salqin,Al Banin school,36.4577,36.143,"36.143,36.457",CC,47,44,20,19,130,1,1,1,1,1,1,1. Fully covered,1. Fully covered,1. Fully covered,1. Fully covered,1. Fully covered,1. Fully covered,a. 0 - 999
Idleb,Harim,Salqin,Salqin,Salqin,Al Ezzawi school,36.4587,36.144,"36.144,36.458",CC,95,80,35,30,240,1,1,1,1,1,1,1. Fully covered,1. Fully covered,1. Fully covered,1. Fully covered,1. Fully covered,1. Fully covered,a. 0 - 999
Idleb,Harim,Salqin,Salqin,Salqin,Al Faroqia school,36.4597,36.145,"36.145,36.459",CC,24,18,11,11,64,1,,,,1,1,1. Fully covered,4. Not covered,4. Not covered,4. Not covered,1. Fully covered,1. Fully covered,a. 0 - 999
Idleb,Harim,Salqin,Salqin,Salqin,Al Gharbeeah school,36.4607,36.146,"36.146,36.460",CC,40,30,20,18,108,1,,,1,1,1,1. Fully covered,4. Not covered,4. Not covered,1. Fully covered,1. Fully covered,1. Fully covered,a. 0 - 999
Idleb,Harim,Salqin,Salqin,Salqin,Al Sakan Al Shababi,36.4617,36.147,"36.147,36.461",CC,131,111,53,55,350,1,1,1,1,1,1,1. Fully covered,1. Fully covered,1. Fully covered,1. Fully covered,1. Fully covered,1. Fully covered,a. 0 - 999
Idleb,Harim,Salqin,Salqin,Salqin,Al Tajneed,36.4627,36.148,"36.148,36.462",CC,15,15,5,5,40,1,1,1,1,1,1,1. Fully covered,1. Fully covered,1. Fully covered,1. Fully covered,1. Fully covered,1. Fully covered,a. 0 - 999
Idleb,Harim,Salqin,Salqin,Salqin,Al Thawra school,36.4637,36.149,"36.149,36.463",CC,50,55,25,20,150,1,1,1,1,1,1,1. Fully covered,1. Fully covered,1. Fully covered,1. Fully covered,1. Fully covered,1. Fully covered,a. 0 - 999
Idleb,Harim,Salqin,Salqin,Salqin,Rawdat Azhar Nessan,36.4647,36.15,"36.15,36.464",CC,10,5,3,3,21,1,,0.5,1,1,1,1. Fully covered,4. Not covered,3. Partially covered,1. Fully covered,1. Fully covered,1. Fully covered,a. 0 - 999
Idleb,Harim,Salqin,Salqin,Salqin,Recruitment division,36.4657,36.151,"36.151,36.465",CC,0,0,0,0,0,,,,,,,4. Not covered,4. Not covered,4. Not covered,4. Not covered,4. Not covered,4. Not covered,a. 0 - 999
Idleb,Harim,Salqin,Salqin,Salqin,Almojama'a Altrbawi,36.4667,36.152,"36.152,36.466",CC,4,5,4,4,17,1,1,1,1,1,1,1. Fully covered,1. Fully covered,1. Fully covered,1. Fully covered,1. Fully covered,1. Fully covered,a. 0 - 999
Idleb,Harim,Salqin,Salqin,Salqin,Alseha Almadrsia,36.4677,36.153,"36.153,36.467",CC,4,4,2,1,11,1,1,1,1,1,1,1. Fully covered,1. Fully covered,1. Fully covered,1. Fully covered,1. Fully covered,1. Fully covered,a. 0 - 999
Idleb,Harim,Qourqeena,Boz Ghaz,Qourqeena,Boz Gar school,36.6282,36.1426,"36.142,36.628",CC,0,0,0,0,0,,,,,,,4. Not covered,4. Not covered,4. Not covered,4. Not covered,4. Not covered,4. Not covered,a. 0 - 999
Idleb,Harim,Salqin,Eskat,Salqin,Abdulhai Ammoun school,36.4749,36.1511,"36.151,36.474",CC,7,7,9,5,28,1,1,1,1,1,1,1. Fully covered,1. Fully covered,1. Fully covered,1. Fully covered,1. Fully covered,1. Fully covered,a. 0 - 999
Idleb,Harim,Salqin,Eskat,Salqin,Ahmad Ali Beek school,36.4769,36.1531,"36.153,36.476",CC,17,19,11,9,56,1,,0.6,1,1,1,1. Fully covered,4. Not covered,2. Mostly covered,1. Fully covered,1. Fully covered,1. Fully covered,a. 0 - 999
Idleb,Harim,Salqin,Allani,Salqin,Al Alani school,36.3891,36.1601,"36.160,36.389",CC,85,80,40,35,240,1,,0.6,1,1,1,1. Fully covered,4. Not covered,2. Mostly covered,1. Fully covered,1. Fully covered,1. Fully covered,a. 0 - 999
Idleb,Harim,Salqin,Allani,Salqin,Al Askari,36.3911,36.1621,"36.162,36.391",CC,60,50,12,10,132,,1,1,1,1,1,4. Not covered,1. Fully covered,1. Fully covered,1. Fully covered,1. Fully covered,1. Fully covered,a. 0 - 999
Idleb,Harim,Salqin,Kafarna,Kafrina,Kadimoon,36.4,36.17,"36.17,36.4",PC,496,447,303,301,1547,,1,1,1,,,4. Not covered,1. Fully covered,1. Fully covered,1. Fully covered,4. Not covered,4. Not covered,"b. 1,000 - 4,999"
Idleb,Harim,Salqin,Msheirfeh (Salqin),Salqin,Al Meshrefeiah school,36.3785,36.1721,"36.172,36.378",CC,18,15,17,15,65,1,,,1,,,1. Fully covered,4. Not covered,4. Not covered,1. Fully covered,4. Not covered,4. Not covered,a. 0 - 999
Idleb,Harim,Salqin,Msheirfeh (Salqin),Salqin,Almshfa Almidani,36.3805,36.1741,"36.174,36.380",CC,0,0,0,0,0,,,,,,,4. Not covered,4. Not covered,4. Not covered,4. Not covered,4. Not covered,4. Not covered,a. 0 - 999
Idleb,Harim,Salqin,Jeser Maksour,Salqin,Jeser Almaksour ,36.3828,36.1798,"36.179,36.382",CC,9,9,8,6,32,1,,0.5,1,1,1,1. Fully covered,4. Not covered,3. Partially covered,1. Fully covered,1. Fully covered,1. Fully covered,a. 0 - 999
Idleb,Harim,Salqin,Kafarna,Kafrina,Samidoon,36.41,36.18,"36.18,36.41",PC,578,570,587,440,2175,,1,1,1,,,4. Not covered,1. Fully covered,1. Fully covered,1. Fully covered,4. Not covered,4. Not covered,"b. 1,000 - 4,999"
Idleb,Harim,Salqin,Kafarna,Kafrina,Ayidoun,36.4303,36.1823,"36.182,36.430",PC,546,549,546,431,2072,,1,1,1,,,4. Not covered,1. Fully covered,1. Fully covered,1. Fully covered,4. Not covered,4. Not covered,"b. 1,000 - 4,999"
Idleb,Harim,Dana,Sarmada,Bab Al Hawa,Taiba City,36.6908,36.1824,"36.182,36.690",IS,402,387,345,302,1436,,1,1,1,,1,4. Not covered,1. Fully covered,1. Fully covered,1. Fully covered,4. Not covered,1. Fully covered,"b. 1,000 - 4,999"
Idleb,Harim,Dana,Sarmada,Sarmada,Al Nouri,36.6904,36.1836,"36.183,36.690",IS,235,287,258,245,1025,0.8,1,1,1,1,1,2. Mostly covered,1. Fully covered,1. Fully covered,1. Fully covered,1. Fully covered,1. Fully covered,"b. 1,000 - 4,999"
Idleb,Harim,Dana,Sarmada,Sarmada,Taibah,36.7239,36.1866,"36.186,36.723",IS,0,0,0,0,0,,,,,,,4. Not covered,4. Not covered,4. Not covered,4. Not covered,4. Not covered,4. Not covered,a. 0 - 999
Idleb,Harim,Salqin,Big Hir Jamus,Salqin,Hir Jamous school,36.4203,36.1893,"36.189,36.420",CC,473,420,223,197,1315,1,1,1,1,1,1,1. Fully covered,1. Fully covered,1. Fully covered,1. Fully covered,1. Fully covered,1. Fully covered,"b. 1,000 - 4,999"
Idleb,Harim,Salqin,Kafarna,Kafrina,Kefreneh school,36.4403,36.1945,"36.194,36.440",CC,15,13,7,6,41,1,1,1,1,1,1,1. Fully covered,1. Fully covered,1. Fully covered,1. Fully covered,1. Fully covered,1. Fully covered,a. 0 - 999
Idleb,Harim,Salqin,Ein Elbikara,Salqin,Ain Albakara school,36.4127,36.1951,"36.195,36.412",CC,0,0,0,0,0,,,,,,,4. Not covered,4. Not covered,4. Not covered,4. Not covered,4. Not covered,4. Not covered,a. 0 - 999
Idleb,Harim,Harim,Kafr Hum,Harim,Abna`a Al Ghab,36.4794,36.1971,"36.197,36.479",IS,291,287,178,147,903,1,,0.7,1,,1,1. Fully covered,4. Not covered,2. Mostly covered,1. Fully covered,4. Not covered,1. Fully covered,a. 0 - 999
Idleb,Harim,Harim,Kafr Hum,Harim,Kafr Hum,36.4814,36.1991,"36.199,36.481",IS,301,302,188,165,956,1,,0.6,1,,1,1. Fully covered,4. Not covered,2. Mostly covered,1. Fully covered,4. Not covered,1. Fully covered,a. 0 - 999
Idleb,Harim,Dana,Sarmada,Sarmada,Al Ummah,36.711,36.2011,"36.201,36.711",IS,140,135,120,105,500,,1,1,1,,1,4. Not covered,1. Fully covered,1. Fully covered,1. Fully covered,4. Not covered,1. Fully covered,a. 0 - 999
Idleb,Harim,Dana,Bab Al Hawa,Bab Al Hawa,Al Sadaka,36.7124,36.2031,"36.203,36.712",IS,160,153,136,119,568,,,1,1,,1,4. Not covered,4. Not covered,1. Fully covered,1. Fully covered,4. Not covered,1. Fully covered,a. 0 - 999
Idleb,Harim,Dana,Sarmada,Sarmada,Imdad,36.7129,36.2025,"36.202,36.712",IS,150,145,129,112,536,,1,1,1,1,1,4. Not covered,1. Fully covered,1. Fully covered,1. Fully covered,1. Fully covered,1. Fully covered,a. 0 - 999
Idleb,Harim,Dana,Sarmada,Sarmada,Khaled Bin Al Waleed,36.7104,36.203,"36.203,36.710",IS,255,304,317,273,1149,,,1,1,,1,4. Not covered,4. Not covered,1. Fully covered,1. Fully covered,4. Not covered,1. Fully covered,"b. 1,000 - 4,999"
Idleb,Harim,Dana,Dana,Al Dana,Al Dana,36.7573,36.2044,"36.204,36.757",IS,74,73,54,55,256,,1,1,1,,1,4. Not covered,1. Fully covered,1. Fully covered,1. Fully covered,4. Not covered,1. Fully covered,a. 0 - 999
Idleb,Harim,Dana,Bab Al Hawa,Bab Al Hawa,Othman Bin Affan,36.7291,36.2064,"36.206,36.729",IS,39,36,32,28,135,,,,,,1,4. Not covered,4. Not covered,4. Not covered,4. Not covered,4. Not covered,1. Fully covered,a. 0 - 999
Idleb,Al Ma'ra,Sanjar,Maksar,Sanjar,Upper Maksar,36.781,36.2089,"36.208,36.781",IS,0,0,0,0,300,,,,,,,4. Not covered,4. Not covered,4. Not covered,4. Not covered,4. Not covered,4. Not covered,a. 0 - 999
Idleb,Harim,Dana,Bab Al Hawa,Bab Al Hawa,Ariha,36.7226,36.2094,"36.209,36.722",IS,69,67,65,64,265,1,1,1,1,,1,1. Fully covered,1. Fully covered,1. Fully covered,1. Fully covered,4. Not covered,1. Fully covered,a. 0 - 999
Idleb,Harim,Harim,Harim,Harim,Alhai Aljanouby school,36.5207,36.2126,"36.212,36.520",CC,40,135,55,50,280,1,1,1,1,1,1,1. Fully covered,1. Fully covered,1. Fully covered,1. Fully covered,1. Fully covered,1. Fully covered,a. 0 - 999
Idleb,Harim,Harim,Harim,Harim,Al Karameh,36.5227,36.2146,"36.214,36.522",CC,8,7,4,3,24,1,1,1,1,1,1,1. Fully covered,1. Fully covered,1. Fully covered,1. Fully covered,1. Fully covered,1. Fully covered,a. 0 - 999
Idleb,Harim,Harim,Harim,Harim,Al Kaws school,36.5237,36.2156,"36.215,36.523",CC,51,44,25,20,140,1,1,1,1,1,1,1. Fully covered,1. Fully covered,1. Fully covered,1. Fully covered,1. Fully covered,1. Fully covered,a. 0 - 999
Idleb,Harim,Harim,Harim,Harim,Al Khorbeh school,36.5247,36.2166,"36.216,36.524",CC,53,52,25,25,155,1,1,1,1,1,1,1. Fully covered,1. Fully covered,1. Fully covered,1. Fully covered,1. Fully covered,1. Fully covered,a. 0 - 999
Idleb,Harim,Harim,Harim,Harim,Al Maliah,36.5257,36.2176,"36.217,36.525",CC,36,30,12,12,90,1,1,1,1,1,1,1. Fully covered,1. Fully covered,1. Fully covered,1. Fully covered,1. Fully covered,1. Fully covered,a. 0 - 999
Idleb,Harim,Harim,Harim,Harim,Almjamaa Altarbawy,36.5267,36.2186,"36.218,36.526",CC,52,52,26,20,150,1,1,1,1,1,1,1. Fully covered,1. Fully covered,1. Fully covered,1. Fully covered,1. Fully covered,1. Fully covered,a. 0 - 999
Idleb,Harim,Harim,Harim,Harim,Alshouba ,36.5277,36.2196,"36.219,36.527",CC,9,11,6,6,32,1,1,1,1,1,1,1. Fully covered,1. Fully covered,1. Fully covered,1. Fully covered,1. Fully covered,1. Fully covered,a. 0 - 999
Idleb,Harim,Harim,Harim,Harim,Alsiasieh,36.5287,36.2206,"36.220,36.528",CC,71,66,28,25,190,1,1,1,1,1,1,1. Fully covered,1. Fully covered,1. Fully covered,1. Fully covered,1. Fully covered,1. Fully covered,a. 0 - 999
Idleb,Harim,Harim,Harim,Harim,Alzeraah,36.5297,36.2216,"36.221,36.529",CC,110,120,35,35,300,1,1,1,1,1,1,1. Fully covered,1. Fully covered,1. Fully covered,1. Fully covered,1. Fully covered,1. Fully covered,a. 0 - 999
Idleb,Harim,Harim,Harim,Harim,Kafarhum school,36.5307,36.2226,"36.222,36.530",CC,33,30,14,11,88,1,,0.6,1,,0.5,1. Fully covered,4. Not covered,2. Mostly covered,1. Fully covered,4. Not covered,3. Partially covered,a. 0 - 999
Idleb,Harim,Harim,Harim,Harim,Karm Abo Jaafar,36.5317,36.2236,"36.223,36.531",CC,210,230,80,80,600,1,,,,,,1. Fully covered,4. Not covered,4. Not covered,4. Not covered,4. Not covered,4. Not covered,a. 0 - 999
Idleb,Harim,Harim,Harim,Harim,Omahat Almoumenien,36.5327,36.2246,"36.224,36.532",CC,100,80,66,4,250,1,1,1,1,1,1,1. Fully covered,1. Fully covered,1. Fully covered,1. Fully covered,1. Fully covered,1. Fully covered,a. 0 - 999
Idleb,Harim,Harim,Harim,Harim,Shabet al Tamween,36.5337,36.2256,"36.225,36.533",CC,0,0,0,0,0,,,,,,,4. Not covered,4. Not covered,4. Not covered,4. Not covered,4. Not covered,4. Not covered,a. 0 - 999
Idleb,Harim,Dana,Bab Al Hawa,Bab Al Hawa,Shahba'2,36.7153,36.2127,"36.212,36.715",IS,83,80,72,63,298,,1,1,1,1,1,4. Not covered,1. Fully covered,1. Fully covered,1. Fully covered,1. Fully covered,1. Fully covered,a. 0 - 999
Idleb,Harim,Dana,Dana (Dana),Al Dana,Al Nahda,36.7696,36.2136,"36.213,36.769",IS,0,0,0,0,0,,,,,,,4. Not covered,4. Not covered,4. Not covered,4. Not covered,4. Not covered,4. Not covered,a. 0 - 999
Idleb,Harim,Dana,Bab Al Hawa,Bab Al Hawa,Aycha,36.6912,36.2185,"36.218,36.691",IS,298,287,255,223,1063,,,,,1,,4. Not covered,4. Not covered,4. Not covered,4. Not covered,1. Fully covered,4. Not covered,"b. 1,000 - 4,999"
Idleb,Harim,Dana,Bab Al Hawa,Bab Al Hawa,Al Ummahat,36.5551,36.2232,"36.223,36.555",IS,93,89,79,69,330,1,,1,1,1,1,1. Fully covered,4. Not covered,1. Fully covered,1. Fully covered,1. Fully covered,1. Fully covered,a. 0 - 999
Idleb,Harim,Dana,Bab Al Hawa,Bab Al Hawa,Shahba'1 (Bab Al Hawa Lower/1),36.6962,36.2287,"36.228,36.696",IS,323,311,276,242,1152,1,1,1,1,1,1,1. Fully covered,1. Fully covered,1. Fully covered,1. Fully covered,1. Fully covered,1. Fully covered,"b. 1,000 - 4,999"
Idleb,Harim,Dana,Bab El Hawa (Dana),Bab Al Hawa,Al Khirba Al Muhasara,36.692,36.2308,"36.230,36.692",IS,149,143,127,112,531,1,,,,,1,1. Fully covered,4. Not covered,4. Not covered,4. Not covered,4. Not covered,1. Fully covered,a. 0 - 999
Idleb,Harim,Dana,Bab El Hawa (Dana),Bab Al Hawa,Termanin,36.694,36.2328,"36.232,36.694",IS,31,30,26,23,110,1,1,1,1,,1,1. Fully covered,1. Fully covered,1. Fully covered,1. Fully covered,4. Not covered,1. Fully covered,a. 0 - 999
Idleb,Harim,Dana,Bab Al Hawa,Bab Al Hawa,Bab Al Hawa Upper/2 (moved to Imdad),36.6951,36.2304,"36.230,36.695",IS,0,0,0,0,0,,,,,,,4. Not covered,4. Not covered,4. Not covered,4. Not covered,4. Not covered,4. Not covered,a. 0 - 999
Idleb,Harim,Dana,Deir Hassan - Darhashan,Deir Hassan,Al Nahda,36.7628,36.2337,"36.233,36.762",IS,355,428,738,704,2225,1,1,1,1,1,,1. Fully covered,1. Fully covered,1. Fully covered,1. Fully covered,1. Fully covered,4. Not covered,"b. 1,000 - 4,999"
Idleb,Harim,Dana,Deir Hassan - Darhashan,Deir Hassan,Ebtieen,36.7648,36.2357,"36.235,36.764",IS,83,91,49,52,275,1,1,1,1,0.5,,1. Fully covered,1. Fully covered,1. Fully covered,1. Fully covered,3. Partially covered,4. Not covered,a. 0 - 999
Idleb,Harim,Dana,Deir Hassan - Darhashan,Deir Hassan,Al Mashhad,36.7658,36.2367,"36.236,36.765",IS,103,94,70,80,347,1,1,1,1,1,,1. Fully covered,1. Fully covered,1. Fully covered,1. Fully covered,1. Fully covered,4. Not covered,a. 0 - 999
Idleb,Harim,Dana,Deir Hassan - Darhashan,Deir Hassan,Reef Aleppo,36.7668,36.2377,"36.237,36.766",IS,94,84,96,93,367,1,1,1,1,1,,1. Fully covered,1. Fully covered,1. Fully covered,1. Fully covered,1. Fully covered,4. Not covered,a. 0 - 999
Idleb,Harim,Dana,Deir Hassan - Darhashan,Deir Hassan,Tal Al Karama,36.7678,36.2387,"36.238,36.767",IS,186,301,95,95,677,1,1,1,1,1,,1. Fully covered,1. Fully covered,1. Fully covered,1. Fully covered,1. Fully covered,4. Not covered,a. 0 - 999
Idleb,Harim,Dana,Deir Hassan - Darhashan,Bab Al Hawa,Al Qaqaa (renamed as Al Rahmah Lahl Al Gab),36.7528,36.236,"36.236,36.752",IS,0,0,0,0,0,,,,,,,4. Not covered,4. Not covered,4. Not covered,4. Not covered,4. Not covered,4. Not covered,a. 0 - 999
Idleb,Harim,Dana,Deir Hassan - Darhashan,Deir Hassan,Al Rahmah Lahl Al Gab (Al Qaqaa),36.7548,36.238,"36.238,36.754",IS,350,431,181,160,1122,1,1,0.5,1,0.5,1,1. Fully covered,1. Fully covered,3. Partially covered,1. Fully covered,3. Partially covered,1. Fully covered,"b. 1,000 - 4,999"
Idleb,Harim,Dana,Deir Hassan - Darhashan,Deir Hassan,Zamzam,36.7529,36.2567,"36.256,36.752",IS,117,113,100,88,418,1,1,1,1,0.5,,1. Fully covered,1. Fully covered,1. Fully covered,1. Fully covered,3. Partially covered,4. Not covered,a. 0 - 999
Idleb,Harim,Dana,Deir Hassan - Darhashan,Deir Hassan,Abu Obeida Ben Aljaraah,36.7438,36.2406,"36.240,36.743",IS,99,110,520,89,818,1,1,,,,1,1. Fully covered,1. Fully covered,4. Not covered,4. Not covered,4. Not covered,1. Fully covered,a. 0 - 999
Idleb,Harim,Dana,Deir Hassan - Darhashan,Deir Hassan,Ghetaa Al Rahma 1,36.7458,36.2426,"36.242,36.745",IS,84,79,335,49,547,1,1,,1,1,1,1. Fully covered,1. Fully covered,4. Not covered,1. Fully covered,1. Fully covered,1. Fully covered,a. 0 - 999
Idleb,Harim,Dana,Deir Hassan - Darhashan,Deir Hassan,Nasaem Al Khayr,36.7468,36.2436,"36.243,36.746",IS,437,483,563,478,1961,1,1,,1,1,1,1. Fully covered,1. Fully covered,4. Not covered,1. Fully covered,1. Fully covered,1. Fully covered,"b. 1,000 - 4,999"
Idleb,Harim,Dana,Deir Hassan - Darhashan,Deir Hassan,Nour Al Houda,36.7478,36.2446,"36.244,36.747",IS,175,164,178,214,731,1,1,,1,1,1,1. Fully covered,1. Fully covered,4. Not covered,1. Fully covered,1. Fully covered,1. Fully covered,a. 0 - 999
Idleb,Harim,Dana,Deir Hassan - Darhashan,Deir Hassan,Ahl Al Balad,36.7412,36.2411,"36.241,36.741",IS,143,126,111,113,493,1,1,1,1,0.5,,1. Fully covered,1. Fully covered,1. Fully covered,1. Fully covered,3. Partially covered,4. Not covered,a. 0 - 999
Idleb,Harim,Harim,Harim,Harim,Jabal Harim (Sabiroon),36.5351,36.2449,"36.244,36.535",IS,260,270,160,160,850,,,,,,,4. Not covered,4. Not covered,4. Not covered,4. Not covered,4. Not covered,4. Not covered,a. 0 - 999
Idleb,Harim,Dana,Deir Hassan - Darhashan,Deir Hassan,Sons of Mehin,36.7356,36.245,"36.245,36.735",IS,623,600,534,467,2224,1,1,1,1,1,1,1. Fully covered,1. Fully covered,1. Fully covered,1. Fully covered,1. Fully covered,1. Fully covered,"b. 1,000 - 4,999"
Idleb,Harim,Dana,Deir Hassan - Darhashan,Deir Hassan,Al Wdhehee,36.7515,36.2566,"36.256,36.751",IS,67,64,57,50,238,1,1,1,1,1,,1. Fully covered,1. Fully covered,1. Fully covered,1. Fully covered,1. Fully covered,4. Not covered,a. 0 - 999
Idleb,Harim,Dana,Aqrabat,Salam,Dma'aet Nazeh,36.7075,36.2576,"36.257,36.707",IS,77,66,83,87,313,1,,,,,1,1. Fully covered,4. Not covered,4. Not covered,4. Not covered,4. Not covered,1. Fully covered,a. 0 - 999
Idleb,Harim,Dana,Aqrabat,Salam,Al Midan,36.7289,36.2634,"36.263,36.728",IS,279,292,246,243,1060,,1,1,1,1,1,4. Not covered,1. Fully covered,1. Fully covered,1. Fully covered,1. Fully covered,1. Fully covered,"b. 1,000 - 4,999"
Idleb,Harim,Dana,Aqrabat,Aqrabat,Aqrabat (Ahl Al-Athar),36.702,36.2663,"36.266,36.702",IS,185,175,183,150,693,,1,1,1,1,1,4. Not covered,1. Fully covered,1. Fully covered,1. Fully covered,1. Fully covered,1. Fully covered,a. 0 - 999
Idleb,Harim,Dana,Aqrabat,Salam,Al Forkan,36.7215,36.2676,"36.267,36.721",IS,372,356,324,328,1380,1,1,1,1,1,1,1. Fully covered,1. Fully covered,1. Fully covered,1. Fully covered,1. Fully covered,1. Fully covered,"b. 1,000 - 4,999"
Idleb,Harim,Dana,Qah,Qah,Al Tawheed,36.7254,36.2697,"36.269,36.725",IS,82,69,75,70,296,1,1,1,1,,1,1. Fully covered,1. Fully covered,1. Fully covered,1. Fully covered,4. Not covered,1. Fully covered,a. 0 - 999
Idleb,Harim,Dana,Qah,Salam,Shams Al Izza,36.7274,36.2708,"36.270,36.727",IS,78,75,47,44,244,1,1,1,1,1,1,1. Fully covered,1. Fully covered,1. Fully covered,1. Fully covered,1. Fully covered,1. Fully covered,a. 0 - 999
Idleb,Harim,Dana,Aqrabat,Salam,Al Salam,36.7259,36.277,"36.277,36.725",IS,577,561,397,379,1914,1,1,1,1,1,1,1. Fully covered,1. Fully covered,1. Fully covered,1. Fully covered,1. Fully covered,1. Fully covered,"b. 1,000 - 4,999"
Idleb,Harim,Dana,Qah,Salam,Al Khalij,36.7163,36.2813,"36.281,36.716",IS,165,127,91,72,455,1,1,1,1,1,1,1. Fully covered,1. Fully covered,1. Fully covered,1. Fully covered,1. Fully covered,1. Fully covered,a. 0 - 999
Idleb,Harim,Dana,Qah,Salam,Dar Al Riaya - Disabled,36.7133,36.2823,"36.282,36.713",IS,287,299,228,257,1071,1,1,1,1,,1,1. Fully covered,1. Fully covered,1. Fully covered,1. Fully covered,4. Not covered,1. Fully covered,"b. 1,000 - 4,999"
Idleb,Harim,Dana,Qah,Salam,Al Jolan,36.7183,36.2822,"36.282,36.718",IS,460,471,377,347,1655,1,1,1,1,1,1,1. Fully covered,1. Fully covered,1. Fully covered,1. Fully covered,1. Fully covered,1. Fully covered,"b. 1,000 - 4,999"
Idleb,Harim,Dana,Qah,Salam,Al Nasser,36.7195,36.2833,"36.283,36.719",IS,427,484,372,350,1633,1,1,1,1,1,1,1. Fully covered,1. Fully covered,1. Fully covered,1. Fully covered,1. Fully covered,1. Fully covered,"b. 1,000 - 4,999"
Idleb,Harim,Dana,Qah,Qah,Al Magad,36.7202,36.2837,"36.283,36.720",IS,149,147,126,132,554,1,1,1,1,1,1,1. Fully covered,1. Fully covered,1. Fully covered,1. Fully covered,1. Fully covered,1. Fully covered,a. 0 - 999
Idleb,Harim,Dana,Qah,Salam,Al Ahd Billah,36.7286,36.2847,"36.284,36.728",IS,282,304,343,312,1241,1,1,1,1,,1,1. Fully covered,1. Fully covered,1. Fully covered,1. Fully covered,4. Not covered,1. Fully covered,"b. 1,000 - 4,999"
Idleb,Harim,Dana,Qah,Liyajlikum,Al Shrouk,36.7114,36.2869,"36.286,36.711",IS,176,163,159,156,654,1,1,1,1,,,1. Fully covered,1. Fully covered,1. Fully covered,1. Fully covered,4. Not covered,4. Not covered,a. 0 - 999
Idleb,Harim,Dana,Qah,Liyajlikum,Children of Freedom Martyrs,36.7121,36.2868,"36.286,36.712",IS,141,140,112,115,508,1,1,1,1,1,1,1. Fully covered,1. Fully covered,1. Fully covered,1. Fully covered,1. Fully covered,1. Fully covered,a. 0 - 999
Idleb,Harim,Dana,Qah,Liyajlikum,Liyajlikum,36.7123,36.2876,"36.287,36.712",IS,375,345,215,210,1145,1,1,1,1,,1,1. Fully covered,1. Fully covered,1. Fully covered,1. Fully covered,4. Not covered,1. Fully covered,"b. 1,000 - 4,999"
Idleb,Harim,Dana,Qah,Liyajlikum,Al Aasy,36.7106,36.2884,"36.288,36.710",IS,227,230,201,212,870,1,1,1,1,,1,1. Fully covered,1. Fully covered,1. Fully covered,1. Fully covered,4. Not covered,1. Fully covered,a. 0 - 999
Idleb,Harim,Dana,Qah,Liyajlikum,Lan Narka`llla Lilah,36.7134,36.2904,"36.290,36.713",IS,395,461,458,367,1681,1,1,1,1,,1,1. Fully covered,1. Fully covered,1. Fully covered,1. Fully covered,4. Not covered,1. Fully covered,"b. 1,000 - 4,999"
Idleb,Harim,Dana,Qah,Liyajlikum,Al Nawaeer,36.7144,36.2883,"36.288,36.714",IS,469,628,325,326,1748,1,1,1,1,,1,1. Fully covered,1. Fully covered,1. Fully covered,1. Fully covered,4. Not covered,1. Fully covered,"b. 1,000 - 4,999"
Idleb,Harim,Dana,Qah,Liyajlikum,Toyor Al Janna (Heaven Bird's),36.7135,36.2887,"36.288,36.713",IS,207,202,173,180,762,1,1,1,1,1,1,1. Fully covered,1. Fully covered,1. Fully covered,1. Fully covered,1. Fully covered,1. Fully covered,a. 0 - 999
Idleb,Harim,Dana,Qah,Qah,Bab Al Hawa,36.7284,36.2889,"36.288,36.728",IS,401,419,473,382,1675,1,1,1,1,1,1,1. Fully covered,1. Fully covered,1. Fully covered,1. Fully covered,1. Fully covered,1. Fully covered,"b. 1,000 - 4,999"
Idleb,Harim,Dana,Qah,Liyajlikum,Fardoose,36.7127,36.2896,"36.289,36.712",IS,255,260,161,152,828,1,1,1,1,1,1,1. Fully covered,1. Fully covered,1. Fully covered,1. Fully covered,1. Fully covered,1. Fully covered,a. 0 - 999
Idleb,Harim,Dana,Atma,Karama,Al Mahabbah,36.6983,36.2906,"36.290,36.698",IS,221,214,147,146,728,1,1,1,1,1,,1. Fully covered,1. Fully covered,1. Fully covered,1. Fully covered,1. Fully covered,4. Not covered,a. 0 - 999
Idleb,Harim,Dana,Qah,Qah,Al Bayan,36.7109,36.2909,"36.290,36.710",IS,146,130,151,132,559,,1,1,1,1,1,4. Not covered,1. Fully covered,1. Fully covered,1. Fully covered,1. Fully covered,1. Fully covered,a. 0 - 999
Idleb,Harim,Dana,Qah,Liyajlikum,Korayish (Al Khair),36.712,36.3104,"36.310,36.712",IS,244,223,143,125,735,1,1,1,1,1,1,1. Fully covered,1. Fully covered,1. Fully covered,1. Fully covered,1. Fully covered,1. Fully covered,a. 0 - 999
Idleb,Harim,Dana,Qah,Liyajlikum,Qassioun,36.7118,36.2929,"36.292,36.711",IS,122,152,127,114,515,1,1,1,1,,1,1. Fully covered,1. Fully covered,1. Fully covered,1. Fully covered,4. Not covered,1. Fully covered,a. 0 - 999
Idleb,Harim,Dana,Atma,Karama,Al Asil,36.6969,36.2915,"36.291,36.696",IS,261,260,151,148,820,1,1,1,1,1,,1. Fully covered,1. Fully covered,1. Fully covered,1. Fully covered,1. Fully covered,4. Not covered,a. 0 - 999
Idleb,Harim,Dana,Atma,Karama,Harameen,36.6977,36.2935,"36.293,36.698",IS,217,177,174,169,737,1,1,1,1,,,1. Fully covered,1. Fully covered,1. Fully covered,1. Fully covered,4. Not covered,4. Not covered,a. 0 - 999
Idleb,Harim,Dana,Atma,Karama,Al Hijaz,36.7013,36.2917,"36.291,36.701",IS,142,150,107,122,521,1,1,1,1,1,,1. Fully covered,1. Fully covered,1. Fully covered,1. Fully covered,1. Fully covered,4. Not covered,a. 0 - 999
Idleb,Harim,Dana,Qah,Qah,Al Intisar,36.7086,36.2919,"36.291,36.708",IS,179,175,146,146,645,1,1,1,1,,1,1. Fully covered,1. Fully covered,1. Fully covered,1. Fully covered,4. Not covered,1. Fully covered,a. 0 - 999
Idleb,Harim,Dana,Atma,Karama,Nour al Mustafa,36.6973,36.2931,"36.293,36.697",IS,279,277,211,211,978,,1,1,1,,,4. Not covered,1. Fully covered,1. Fully covered,1. Fully covered,4. Not covered,4. Not covered,a. 0 - 999
Idleb,Harim,Dana,Qah,Qah,Ataa 5 (Shabab Al Khayr),36.71,36.2912,"36.291,36.71",IS,278,291,252,256,1077,1,1,1,1,0.6,1,1. Fully covered,1. Fully covered,1. Fully covered,1. Fully covered,2. Mostly covered,1. Fully covered,"b. 1,000 - 4,999"
Idleb,Harim,Dana,Qah,Qah,Al Imam,36.7112,36.2939,"36.293,36.711",IS,184,217,232,203,836,1,1,1,1,,1,1. Fully covered,1. Fully covered,1. Fully covered,1. Fully covered,4. Not covered,1. Fully covered,a. 0 - 999
Idleb,Harim,Dana,Atma,Karama,Ahel Al Sham,36.6957,36.2922,"36.292,36.695",IS,240,237,140,138,755,0.9,1,1,1,1,,2. Mostly covered,1. Fully covered,1. Fully covered,1. Fully covered,1. Fully covered,4. Not covered,a. 0 - 999
Idleb,Harim,Dana,Atma,Karama,Al Ikhlas,36.6971,36.2942,"36.294,36.697",IS,220,264,179,181,844,1,1,1,1,1,,1. Fully covered,1. Fully covered,1. Fully covered,1. Fully covered,1. Fully covered,4. Not covered,a. 0 - 999
Idleb,Harim,Dana,Atma,Karama,Atfal Alghad,36.6965,36.2923,"36.292,36.696",IS,169,177,114,104,564,1,1,1,1,1,,1. Fully covered,1. Fully covered,1. Fully covered,1. Fully covered,1. Fully covered,4. Not covered,a. 0 - 999
Idleb,Harim,Dana,Atma,Karama,Al Ahrar,36.6974,36.2924,"36.292,36.697",IS,319,290,287,249,1145,1,1,1,1,,,1. Fully covered,1. Fully covered,1. Fully covered,1. Fully covered,4. Not covered,4. Not covered,"b. 1,000 - 4,999"
Idleb,Harim,Dana,Atma,Karama,Al Safa,36.6982,36.2921,"36.292,36.698",IS,247,189,195,199,830,1,1,1,1,1,1,1. Fully covered,1. Fully covered,1. Fully covered,1. Fully covered,1. Fully covered,1. Fully covered,a. 0 - 999
Idleb,Harim,Dana,Qah,Qah,Madenh Monarh (Hmamiat),36.7094,36.2937,"36.293,36.707",IS,165,163,229,182,739,1,1,1,1,,1,1. Fully covered,1. Fully covered,1. Fully covered,1. Fully covered,4. Not covered,1. Fully covered,a. 0 - 999
Idleb,Harim,Dana,Atma,Karama,Al Ataa,36.6996,36.2952,"36.295,36.699",IS,246,210,152,134,742,1,1,1,1,1,1,1. Fully covered,1. Fully covered,1. Fully covered,1. Fully covered,1. Fully covered,1. Fully covered,a. 0 - 999
Idleb,Harim,Dana,Qah,Qah,Hibat Allah,36.7091,36.2932,"36.293,36.709",IS,209,203,163,162,737,1,1,1,1,,1,1. Fully covered,1. Fully covered,1. Fully covered,1. Fully covered,4. Not covered,1. Fully covered,a. 0 - 999
Idleb,Harim,Dana,Atma,Karama,Al Ikhaa,36.7,36.2943,"36.294,36.7",IS,368,407,328,332,1435,1,1,1,1,1,1,1. Fully covered,1. Fully covered,1. Fully covered,1. Fully covered,1. Fully covered,1. Fully covered,"b. 1,000 - 4,999"
Idleb,Harim,Dana,Atma,Karama,Watasimu,36.7027,36.2925,"36.292,36.702",IS,538,528,606,498,2170,1,1,1,1,1,1,1. Fully covered,1. Fully covered,1. Fully covered,1. Fully covered,1. Fully covered,1. Fully covered,"b. 1,000 - 4,999"
Idleb,Harim,Dana,Atma,Karama,Doaa,36.6987,36.2941,"36.294,36.699",IS,349,342,308,312,1311,1,1,1,1,1,,1. Fully covered,1. Fully covered,1. Fully covered,1. Fully covered,1. Fully covered,4. Not covered,"b. 1,000 - 4,999"
Idleb,Harim,Dana,Atma,Karama,Al Manara,36.698,36.2947,"36.294,36.698",IS,242,172,152,148,714,1,1,1,1,1,,1. Fully covered,1. Fully covered,1. Fully covered,1. Fully covered,1. Fully covered,4. Not covered,a. 0 - 999
Idleb,Harim,Dana,Qah,Qah,Al Waleed,36.7068,36.2972,"36.297,36.706",IS,206,213,176,128,723,1,1,1,1,1,1,1. Fully covered,1. Fully covered,1. Fully covered,1. Fully covered,1. Fully covered,1. Fully covered,a. 0 - 999
Idleb,Harim,Dana,Qah,Qah,Al Rahmah,36.7076,36.2953,"36.295,36.707",IS,229,214,148,141,732,1,1,1,1,1,1,1. Fully covered,1. Fully covered,1. Fully covered,1. Fully covered,1. Fully covered,1. Fully covered,a. 0 - 999
Idleb,Harim,Dana,Atma,Karama,Al Amal Bil Awdah,36.7035,36.2945,"36.294,36.702",IS,125,133,100,115,473,1,1,1,1,,,1. Fully covered,1. Fully covered,1. Fully covered,1. Fully covered,4. Not covered,4. Not covered,a. 0 - 999
Idleb,Harim,Dana,Qah,Qah,Qah,36.7278,36.2927,"36.292,36.727",IS,293,320,326,318,1258,1,1,1,1,,1,1. Fully covered,1. Fully covered,1. Fully covered,1. Fully covered,4. Not covered,1. Fully covered,"b. 1,000 - 4,999"
Idleb,Harim,Dana,Atma,Karama,Rawdah,36.6963,36.3139,"36.313,36.696",IS,148,148,106,106,508,,1,1,1,1,1,4. Not covered,1. Fully covered,1. Fully covered,1. Fully covered,1. Fully covered,1. Fully covered,a. 0 - 999
Idleb,Harim,Dana,Atma,Karama,Kura Mankouba,36.7038,36.2948,"36.294,36.703",IS,154,148,147,143,592,1,1,1,1,1,1,1. Fully covered,1. Fully covered,1. Fully covered,1. Fully covered,1. Fully covered,1. Fully covered,a. 0 - 999
Idleb,Harim,Dana,Atma,Karama,Al Karama,36.7009,36.2933,"36.293,36.700",IS,780,811,673,795,3059,1,1,1,1,1,1,1. Fully covered,1. Fully covered,1. Fully covered,1. Fully covered,1. Fully covered,1. Fully covered,"b. 1,000 - 4,999"
Idleb,Harim,Dana,Qah,Qah,Al Muhajreen,36.7053,36.293,"36.293,36.705",IS,173,182,125,135,616,1,1,1,1,,1,1. Fully covered,1. Fully covered,1. Fully covered,1. Fully covered,4. Not covered,1. Fully covered,a. 0 - 999
Idleb,Harim,Dana,Qah,Qah,Abu Bakker Al Sidiq,36.7069,36.2959,"36.295,36.706",IS,257,240,158,118,773,1,1,1,1,,1,1. Fully covered,1. Fully covered,1. Fully covered,1. Fully covered,4. Not covered,1. Fully covered,a. 0 - 999
Idleb,Harim,Dana,Qah,Qah,Ataa 2 (Hamad Al Ammar 1/Dar Al Riaya - Orphans),36.7074,36.3137,"36.313,36.707",IS,200,207,171,44,622,1,0.55,0.6,0.6,0.1,0.75,1. Fully covered,2. Mostly covered,2. Mostly covered,2. Mostly covered,3. Partially covered,2. Mostly covered,a. 0 - 999
Idleb,Harim,Dana,Qah,Qah,Al Motasem,36.7087,36.2951,"36.295,36.708",IS,82,138,106,87,413,1,1,1,1,,1,1. Fully covered,1. Fully covered,1. Fully covered,1. Fully covered,4. Not covered,1. Fully covered,a. 0 - 999
Idleb,Harim,Dana,Qah,Qah,Shuhadaa Abdeen,36.7083,36.2936,"36.293,36.708",IS,172,193,179,142,686,1,1,1,1,,1,1. Fully covered,1. Fully covered,1. Fully covered,1. Fully covered,4. Not covered,1. Fully covered,a. 0 - 999
Idleb,Harim,Dana,Atma,Karama,Al Mustakbal,36.7007,36.2958,"36.295,36.701",IS,252,263,174,171,860,1,1,1,1,,,1. Fully covered,1. Fully covered,1. Fully covered,1. Fully covered,4. Not covered,4. Not covered,a. 0 - 999
Idleb,Harim,Dana,Qah,Qah,Alebaa,36.714,36.2969,"36.296,36.714",IS,171,165,146,128,610,,1,1,1,,1,4. Not covered,1. Fully covered,1. Fully covered,1. Fully covered,4. Not covered,1. Fully covered,a. 0 - 999
Idleb,Harim,Dana,Atma,Karama,Yasmeen Al Sham,36.6937,36.2944,"36.294,36.693",IS,431,425,262,260,1378,1,1,1,1,1,,1. Fully covered,1. Fully covered,1. Fully covered,1. Fully covered,1. Fully covered,4. Not covered,"b. 1,000 - 4,999"
Idleb,Harim,Dana,Atma,Karama,Shaheid Saleh,36.7177,36.2964,"36.296,36.717",IS,248,243,155,151,797,1,1,1,1,1,1,1. Fully covered,1. Fully covered,1. Fully covered,1. Fully covered,1. Fully covered,1. Fully covered,a. 0 - 999
Idleb,Harim,Dana,Atma,Karama,Nour al Mustakbal,36.7003,36.2957,"36.295,36.700",IS,200,200,178,176,754,1,1,1,1,1,,1. Fully covered,1. Fully covered,1. Fully covered,1. Fully covered,1. Fully covered,4. Not covered,a. 0 - 999
Idleb,Harim,Dana,Atma,Karama,Doaat Al Kwait (Al Khayrat),36.7171,36.2974,"36.297,36.717",IS,177,169,169,185,700,1,1,1,1,1,,1. Fully covered,1. Fully covered,1. Fully covered,1. Fully covered,1. Fully covered,4. Not covered,a. 0 - 999
Idleb,Harim,Dana,Atma,Karama,Nour Al Sham,36.6976,36.2967,"36.296,36.697",IS,150,141,113,104,508,,1,1,1,,,4. Not covered,1. Fully covered,1. Fully covered,1. Fully covered,4. Not covered,4. Not covered,a. 0 - 999
Idleb,Harim,Dana,Atma,Karama,Al Fadal,36.7002,36.2977,"36.297,36.700",IS,196,154,124,100,574,1,1,1,1,1,,1. Fully covered,1. Fully covered,1. Fully covered,1. Fully covered,1. Fully covered,4. Not covered,a. 0 - 999
Idleb,Harim,Dana,Atma,Karama,"Al Resalah (extension of Doaa, Doaa & Saleh)",36.699,36.2987,"36.298,36.699",IS,113,104,85,80,382,,1,1,1,1,1,4. Not covered,1. Fully covered,1. Fully covered,1. Fully covered,1. Fully covered,1. Fully covered,a. 0 - 999
Idleb,Harim,Dana,Atma,Karama,Al Shuhada,36.6985,36.2997,"36.299,36.698",IS,143,167,150,58,518,,1,1,1,1,,4. Not covered,1. Fully covered,1. Fully covered,1. Fully covered,1. Fully covered,4. Not covered,a. 0 - 999
Idleb,Harim,Dana,Atma,Karama,Al Farouk,36.6995,36.3007,"36.300,36.699",IS,268,255,188,174,885,1,1,1,1,1,,1. Fully covered,1. Fully covered,1. Fully covered,1. Fully covered,1. Fully covered,4. Not covered,a. 0 - 999
Idleb,Harim,Dana,Atma,Karama,Sedik (Extension of Al Aqsa),36.7012,36.3017,"36.301,36.701",IS,68,65,58,56,247,1,1,1,1,1,1,1. Fully covered,1. Fully covered,1. Fully covered,1. Fully covered,1. Fully covered,1. Fully covered,a. 0 - 999
Idleb,Harim,Dana,Atma,Karama,Tajammu,36.6998,36.3027,"36.302,36.699",IS,42,41,34,32,149,,1,1,1,,,4. Not covered,1. Fully covered,1. Fully covered,1. Fully covered,4. Not covered,4. Not covered,a. 0 - 999
Idleb,Harim,Dana,Atma,Karama,Al Faraj,36.7004,36.2949,"36.294,36.700",IS,323,338,227,196,1084,1,1,1,1,1,,1. Fully covered,1. Fully covered,1. Fully covered,1. Fully covered,1. Fully covered,4. Not covered,"b. 1,000 - 4,999"
Idleb,Harim,Dana,Atma,Karama,Al Aqsa,36.704,36.3169,"36.316,36.704",IS,217,147,181,143,688,1,1,1,1,1,,1. Fully covered,1. Fully covered,1. Fully covered,1. Fully covered,1. Fully covered,4. Not covered,a. 0 - 999
Idleb,Harim,Dana,Atma,Karama,Tabarak Al Rahman,36.703,36.2955,"36.295,36.704",IS,174,161,196,155,686,1,1,1,1,,1,1. Fully covered,1. Fully covered,1. Fully covered,1. Fully covered,4. Not covered,1. Fully covered,a. 0 - 999
Idleb,Harim,Dana,Atma,Karama,Taibah,36.7033,36.295,"36.295,36.703",IS,310,279,321,295,1205,1,1,1,1,1,,1. Fully covered,1. Fully covered,1. Fully covered,1. Fully covered,1. Fully covered,4. Not covered,"b. 1,000 - 4,999"
Idleb,Harim,Dana,Atma,Karama,Aleman Billah,36.7233,36.3142,"36.314,36.723",IS,213,207,173,164,757,1,1,1,1,,1,1. Fully covered,1. Fully covered,1. Fully covered,1. Fully covered,4. Not covered,1. Fully covered,a. 0 - 999
Idleb,Harim,Dana,Atma,Karama,Al Nahda Aleslamia,36.705,36.3141,"36.314,36.705",IS,208,216,181,130,735,1,1,1,1,,1,1. Fully covered,1. Fully covered,1. Fully covered,1. Fully covered,4. Not covered,1. Fully covered,a. 0 - 999
Idleb,Harim,Dana,Atma,Karama,Shams Al Hurriya,36.6992,36.2962,"36.296,36.698",IS,323,274,322,334,1253,1,1,1,1,1,,1. Fully covered,1. Fully covered,1. Fully covered,1. Fully covered,1. Fully covered,4. Not covered,"b. 1,000 - 4,999"
Idleb,Harim,Dana,Qah,Qah,Al Arbaeen,36.7054,36.3162,"36.316,36.705",IS,98,105,89,101,393,1,1,1,1,,1,1. Fully covered,1. Fully covered,1. Fully covered,1. Fully covered,4. Not covered,1. Fully covered,a. 0 - 999
Idleb,Harim,Dana,Qah,Qah,Bani Omiyet,36.7088,36.3143,"36.314,36.708",IS,87,90,72,72,321,,1,1,1,,,4. Not covered,1. Fully covered,1. Fully covered,1. Fully covered,4. Not covered,4. Not covered,a. 0 - 999
Idleb,Harim,Dana,Qah,Qah,Ataa 3 (Al Ansar),36.7125,36.2961,"36.296,36.712",IS,185,135,198,155,673,1,1,1,1,0.1,1,1. Fully covered,1. Fully covered,1. Fully covered,1. Fully covered,3. Partially covered,1. Fully covered,a. 0 - 999
Idleb,Harim,Dana,Atma,Karama,Nasret Al Mazloum,36.6936,36.3152,"36.315,36.693",IS,278,303,217,219,1017,1,1,1,1,,,1. Fully covered,1. Fully covered,1. Fully covered,1. Fully covered,4. Not covered,4. Not covered,"b. 1,000 - 4,999"
Idleb,Harim,Dana,Atma,Karama,Rajaa,36.6981,36.3172,"36.317,36.698",IS,213,237,194,182,826,1,1,1,1,1,1,1. Fully covered,1. Fully covered,1. Fully covered,1. Fully covered,1. Fully covered,1. Fully covered,a. 0 - 999
Idleb,Harim,Dana,Atma,Karama,Salah Eldin,36.6966,36.3155,"36.315,36.696",IS,310,373,291,252,1226,1,1,1,1,1,1,1. Fully covered,1. Fully covered,1. Fully covered,1. Fully covered,1. Fully covered,1. Fully covered,"b. 1,000 - 4,999"
Idleb,Harim,Dana,Atma,Karama,Zahret Al Madaen,36.6999,36.2965,"36.296,36.699",IS,235,233,154,150,772,1,1,1,1,1,,1. Fully covered,1. Fully covered,1. Fully covered,1. Fully covered,1. Fully covered,4. Not covered,a. 0 - 999
Idleb,Harim,Dana,Atma,Karama,Al Haq,36.7025,36.2979,"36.297,36.701",IS,150,155,155,116,576,1,1,1,1,1,,1. Fully covered,1. Fully covered,1. Fully covered,1. Fully covered,1. Fully covered,4. Not covered,a. 0 - 999
Idleb,Harim,Dana,Atma,Karama,Act and Impact (Athar),36.7051,36.2956,"36.295,36.705",IS,287,244,182,157,870,1,1,1,1,1,0.7,1. Fully covered,1. Fully covered,1. Fully covered,1. Fully covered,1. Fully covered,2. Mostly covered,a. 0 - 999
Idleb,Harim,Dana,Atma,Karama,Ahel Halep,36.6997,36.3262,"36.326,36.699",IS,239,179,155,137,710,1,1,1,1,1,1,1. Fully covered,1. Fully covered,1. Fully covered,1. Fully covered,1. Fully covered,1. Fully covered,a. 0 - 999
Idleb,Harim,Dana,Atma,Karama,Reef Hama Mankouba,36.7024,36.2973,"36.297,36.702",IS,222,207,158,154,741,1,1,1,1,1,,1. Fully covered,1. Fully covered,1. Fully covered,1. Fully covered,1. Fully covered,4. Not covered,a. 0 - 999
Idleb,Harim,Dana,Atma,Karama,Sons of Homs (Abna Homs),36.725,36.3269,"36.326,36.725",IS,186,181,162,130,659,0.9,1,1,1,1,1,2. Mostly covered,1. Fully covered,1. Fully covered,1. Fully covered,1. Fully covered,1. Fully covered,a. 0 - 999
Idleb,Harim,Dana,Qah,Qah,Sahl Al Ghab Alawal,36.7072,36.2982,"36.298,36.708",IS,131,108,104,102,444,1,1,1,1,,1,1. Fully covered,1. Fully covered,1. Fully covered,1. Fully covered,4. Not covered,1. Fully covered,a. 0 - 999
Idleb,Harim,Dana,Atma,Karama,Qadisiya,36.732,36.3182,"36.318,36.732",IS,182,234,193,180,789,1,1,1,1,1,,1. Fully covered,1. Fully covered,1. Fully covered,1. Fully covered,1. Fully covered,4. Not covered,a. 0 - 999
Idleb,Harim,Dana,Qah,Liyajlikum,Ain Jaloot,36.7252,36.2963,"36.296,36.725",IS,39,51,52,38,180,,1,1,1,,1,4. Not covered,1. Fully covered,1. Fully covered,1. Fully covered,4. Not covered,1. Fully covered,a. 0 - 999
Idleb,Harim,Dana,Qah,Liyajlikum,Al Fateh Al Araby,36.7272,36.2983,"36.298,36.727",IS,84,110,95,71,360,,1,1,1,,1,4. Not covered,1. Fully covered,1. Fully covered,1. Fully covered,4. Not covered,1. Fully covered,a. 0 - 999
Idleb,Harim,Dana,Qah,Liyajlikum,Al Hurriya wa Adalah,36.7282,36.2993,"36.299,36.728",IS,400,396,223,271,1290,1,1,1,1,,1,1. Fully covered,1. Fully covered,1. Fully covered,1. Fully covered,4. Not covered,1. Fully covered,"b. 1,000 - 4,999"
Idleb,Harim,Dana,Qah,Liyajlikum,Al Ikhlas and Al Taqua,36.7292,36.3003,"36.300,36.729",IS,266,352,179,135,932,,1,1,1,,,4. Not covered,1. Fully covered,1. Fully covered,1. Fully covered,4. Not covered,4. Not covered,a. 0 - 999
Idleb,Harim,Dana,Qah,Liyajlikum,Bara`m Al Thawra,36.7302,36.3013,"36.301,36.730",IS,161,213,142,108,624,,1,1,1,,1,4. Not covered,1. Fully covered,1. Fully covered,1. Fully covered,4. Not covered,1. Fully covered,a. 0 - 999
Idleb,Harim,Dana,Qah,Liyajlikum,Farajak Yarab,36.7312,36.3023,"36.302,36.731",IS,85,112,41,32,270,,1,1,1,,1,4. Not covered,1. Fully covered,1. Fully covered,1. Fully covered,4. Not covered,1. Fully covered,a. 0 - 999
Idleb,Harim,Dana,Qah,Liyajlikum,Fateh Aleslam,36.7322,36.3033,"36.303,36.732",IS,113,149,127,97,486,,1,1,1,,1,4. Not covered,1. Fully covered,1. Fully covered,1. Fully covered,4. Not covered,1. Fully covered,a. 0 - 999
Idleb,Harim,Dana,Qah,Qah,Abna' Al Gad,36.7332,36.3043,"36.304,36.733",IS,0,0,0,0,0,,,,,,,4. Not covered,4. Not covered,4. Not covered,4. Not covered,4. Not covered,4. Not covered,a. 0 - 999
Idleb,Harim,Dana,Qah,Qah,Afamia,36.7342,36.3053,"36.305,36.734",IS,162,157,139,122,580,,1,1,1,,1,4. Not covered,1. Fully covered,1. Fully covered,1. Fully covered,4. Not covered,1. Fully covered,a. 0 - 999
Idleb,Harim,Dana,Qah,Qah,Ahbab Al Rasoul,36.7352,36.3063,"36.306,36.735",IS,155,147,158,160,620,,1,1,1,,1,4. Not covered,1. Fully covered,1. Fully covered,1. Fully covered,4. Not covered,1. Fully covered,a. 0 - 999
Idleb,Harim,Dana,Qah,Qah,Al Radwan,36.7362,36.3073,"36.307,36.736",IS,72,69,62,54,257,,1,1,1,,1,4. Not covered,1. Fully covered,1. Fully covered,1. Fully covered,4. Not covered,1. Fully covered,a. 0 - 999
Idleb,Harim,Dana,Qah,Qah,Ataa 4 (Al Reaya Al Islamiya),36.7372,36.3083,"36.308,36.737",IS,215,239,233,242,929,1,0.5,0.6,0.9,0.1,1,1. Fully covered,3. Partially covered,2. Mostly covered,2. Mostly covered,3. Partially covered,1. Fully covered,a. 0 - 999
Idleb,Harim,Dana,Qah,Qah,Ataa 6 (Shabab Al Khayr 3),36.7382,36.3093,"36.309,36.738",IS,369,393,345,372,1479,1,0.6,0.6,0.8,0.1,0.75,1. Fully covered,2. Mostly covered,2. Mostly covered,2. Mostly covered,3. Partially covered,2. Mostly covered,"b. 1,000 - 4,999"
Idleb,Harim,Dana,Qah,Qah,Ataa 7a (Ataa Almara Alkwaityeh 1),36.7392,36.3103,"36.310,36.739",IS,209,188,323,272,992,1,0.5,0.65,0.8,0.1,0.8,1. Fully covered,3. Partially covered,2. Mostly covered,2. Mostly covered,3. Partially covered,2. Mostly covered,a. 0 - 999
Idleb,Harim,Dana,Qah,Qah,Ataa 7b (Ataa Almara Alkwaityeh 2),36.7402,36.3113,"36.311,36.740",IS,213,224,376,377,1190,1,0.66,0.65,0.8,0.1,0.75,1. Fully covered,2. Mostly covered,2. Mostly covered,2. Mostly covered,3. Partially covered,2. Mostly covered,"b. 1,000 - 4,999"
Idleb,Harim,Dana,Qah,Qah,Ataa 8 (Shabab Al Khayr 2),36.7612,36.3123,"36.312,36.761",IS,393,455,345,395,1588,1,0.77,0.7,0.7,0.1,0.75,1. Fully covered,2. Mostly covered,2. Mostly covered,2. Mostly covered,3. Partially covered,2. Mostly covered,"b. 1,000 - 4,999"
Idleb,Harim,Dana,Qah,Qah,Ataa 9a (Hamad Al Ammar 2),36.7422,36.3133,"36.313,36.742",IS,158,170,165,167,660,1,0.5,0.7,0.6,0.1,1,1. Fully covered,3. Partially covered,2. Mostly covered,2. Mostly covered,3. Partially covered,1. Fully covered,a. 0 - 999
Idleb,Harim,Dana,Qah,Qah,Ataa 9b (Nasaem Alkhair),36.7432,36.3143,"36.314,36.743",IS,200,219,176,190,785,1,0.6,0.64,0.6,0.1,1,1. Fully covered,2. Mostly covered,2. Mostly covered,2. Mostly covered,3. Partially covered,1. Fully covered,a. 0 - 999
Idleb,Harim,Dana,Qah,Qah,Hamad Al Amar Valaige,36.7442,36.3153,"36.315,36.744",IS,0,0,0,0,0,,,,,,,4. Not covered,4. Not covered,4. Not covered,4. Not covered,4. Not covered,4. Not covered,a. 0 - 999
Idleb,Harim,Dana,Qah,Qah,Kafr Nabutha Alsmoud,36.7452,36.3163,"36.316,36.745",IS,78,92,73,111,354,0.85,1,1,1,,1,2. Mostly covered,1. Fully covered,1. Fully covered,1. Fully covered,4. Not covered,1. Fully covered,a. 0 - 999
Idleb,Harim,Dana,Qah,Qah,Nasret Al Rasoul,36.7462,36.3173,"36.317,36.746",IS,183,177,157,137,654,,1,1,1,,1,4. Not covered,1. Fully covered,1. Fully covered,1. Fully covered,4. Not covered,1. Fully covered,a. 0 - 999
Idleb,Harim,Dana,Qah,Qah,Sarkhat Tifl,36.7472,36.3183,"36.318,36.747",IS,107,139,84,160,490,,1,1,1,,1,4. Not covered,1. Fully covered,1. Fully covered,1. Fully covered,4. Not covered,1. Fully covered,a. 0 - 999
Idleb,Harim,Dana,Qah,Qah,Yousef and Noura,36.7482,36.3193,"36.319,36.748",IS,0,0,0,0,0,,,,,,,4. Not covered,4. Not covered,4. Not covered,4. Not covered,4. Not covered,4. Not covered,a. 0 - 999
Idleb,Harim,Dana,Qah,Salam,Abl Baydar,36.7492,36.3203,"36.320,36.749",IS,68,65,58,51,242,,1,1,1,,,4. Not covered,1. Fully covered,1. Fully covered,1. Fully covered,4. Not covered,4. Not covered,a. 0 - 999
Idleb,Harim,Dana,Qah,Salam,Al Goroub,36.7502,36.3213,"36.321,36.750",IS,205,247,155,156,763,,1,1,1,,1,4. Not covered,1. Fully covered,1. Fully covered,1. Fully covered,4. Not covered,1. Fully covered,a. 0 - 999
Idleb,Harim,Dana,Qah,Salam,Al Waleed (maybe the same with the one in Qah),36.7512,36.3223,"36.322,36.751",IS,0,0,0,0,0,,,,,,,4. Not covered,4. Not covered,4. Not covered,4. Not covered,4. Not covered,4. Not covered,a. 0 - 999
Idleb,Harim,Dana,Qah,Salam,Kafr Nabutha Al Amal,36.7522,36.3233,"36.323,36.752",IS,81,78,70,61,290,1,1,1,1,,1,1. Fully covered,1. Fully covered,1. Fully covered,1. Fully covered,4. Not covered,1. Fully covered,a. 0 - 999
Idleb,Harim,Dana,Qah,Salam,Kafr Nabutha Alhora,36.7532,36.3243,"36.324,36.753",IS,86,82,73,64,305,1,1,1,1,,1,1. Fully covered,1. Fully covered,1. Fully covered,1. Fully covered,4. Not covered,1. Fully covered,a. 0 - 999
Idleb,Harim,Dana,Qah,Salam,Muhajreen Al Gab,36.7542,36.3253,"36.325,36.754",IS,145,139,124,108,516,,1,1,1,,1,4. Not covered,1. Fully covered,1. Fully covered,1. Fully covered,4. Not covered,1. Fully covered,a. 0 - 999
Idleb,Harim,Dana,Qah,Salam,Shuhada Kafr Nabutha,36.7552,36.3263,"36.326,36.755",IS,199,192,171,149,711,1,1,1,1,,1,1. Fully covered,1. Fully covered,1. Fully covered,1. Fully covered,4. Not covered,1. Fully covered,a. 0 - 999
Idleb,Harim,Dana,Qah,Salam,Zahrat Al Jolan,36.7562,36.3273,"36.327,36.756",IS,141,136,120,105,502,1,1,1,1,,1,1. Fully covered,1. Fully covered,1. Fully covered,1. Fully covered,4. Not covered,1. Fully covered,a. 0 - 999
Idleb,Harim,Dana,Atma,Karama,Al Nour,36.7071,36.2985,"36.298,36.707",IS,211,187,165,153,716,1,1,1,1,1,,1. Fully covered,1. Fully covered,1. Fully covered,1. Fully covered,1. Fully covered,4. Not covered,a. 0 - 999
Idleb,Harim,Dana,Atma,Karama,Akrabat ,36.6898,36.3098,"36.309,36.689",TC,0,0,0,0,0,,,,,,,4. Not covered,4. Not covered,4. Not covered,4. Not covered,4. Not covered,4. Not covered,a. 0 - 999
Idleb,Harim,Dana,Atma,Karama,Al Ghab Al Mankoub,36.6918,36.3118,"36.311,36.691",IS,170,184,166,190,710,1,1,1,1,,1,1. Fully covered,1. Fully covered,1. Fully covered,1. Fully covered,4. Not covered,1. Fully covered,a. 0 - 999
Idleb,Harim,Dana,Atma,Karama,Al Maaber (transit),36.6928,36.3128,"36.312,36.692",TC,0,0,0,0,0,,,,,,,4. Not covered,4. Not covered,4. Not covered,4. Not covered,4. Not covered,4. Not covered,a. 0 - 999
Idleb,Harim,Dana,Atma,Karama,Basmet Amal (transit),36.6938,36.3138,"36.313,36.693",TC,0,0,0,0,0,,,,,,,4. Not covered,4. Not covered,4. Not covered,4. Not covered,4. Not covered,4. Not covered,a. 0 - 999
Idleb,Harim,Dana,Atma,Karama,Sons of Homs (transit),36.6948,36.3148,"36.314,36.694",TC,0,0,0,0,0,,,,,,,4. Not covered,4. Not covered,4. Not covered,4. Not covered,4. Not covered,4. Not covered,a. 0 - 999
Idleb,Harim,Dana,Atma,Atmeh,Atmeh,36.6634,36.3226,"36.322,36.663",IS,18264,15899,15143,13405,62711,0.9,1,1,1,1,1,2. Mostly covered,1. Fully covered,1. Fully covered,1. Fully covered,1. Fully covered,1. Fully covered,"e. > 20,000"
Aleppo,A'zaz,Tall Refaat,Masqan,Miskan,81 Tents,37.1137,36.3977,"36.397,37.113",CC,0,0,0,0,486,1,,,,,,1. Fully covered,4. Not covered,4. Not covered,4. Not covered,4. Not covered,4. Not covered,a. 0 - 999
Aleppo,Afrin,Afrin,Baselhaya,Afrin,Roubar Camp,36.962,36.4622,"36.462,36.962",IS,934,788,734,543,2999,0.89,1,1,1,0.4,0.8,2. Mostly covered,1. Fully covered,1. Fully covered,1. Fully covered,3. Partially covered,2. Mostly covered,"b. 1,000 - 4,999"
Aleppo,A'zaz,Tall Refaat,Deir Jmal,Azaz,Al Shahba,37.0165,36.4728,"36.472,37.016",IS,446,320,312,238,1316,0.67,1,0.3,,0.2,0.8,2. Mostly covered,1. Fully covered,3. Partially covered,4. Not covered,3. Partially covered,2. Mostly covered,"b. 1,000 - 4,999"
Aleppo,Menbij,Menbij,Menbij,Menbij,Camp 2,37.932,36.5093,"36.509,37.932",CC,0,0,0,0,650,,,,,,,4. Not covered,4. Not covered,4. Not covered,4. Not covered,4. Not covered,4. Not covered,a. 0 - 999
Aleppo,Menbij,Menbij,Menbij,Menbij,Al Bir Wal Ihsan,37.951,36.5258,"36.525,37.951",IS,0,0,0,0,0,,,,,,,4. Not covered,4. Not covered,4. Not covered,4. Not covered,4. Not covered,4. Not covered,a. 0 - 999
Aleppo,Menbij,Menbij,Menbij,Menbij,Haj Abdeen,37.953,36.5278,"36.527,37.953",CC,0,0,0,0,294,,,,,,,4. Not covered,4. Not covered,4. Not covered,4. Not covered,4. Not covered,4. Not covered,a. 0 - 999
Aleppo,Menbij,Menbij,Menbij,Menbij,Manbij,37.954,36.5288,"36.528,37.954",IS,0,0,0,0,0,,,,,,,4. Not covered,4. Not covered,4. Not covered,4. Not covered,4. Not covered,4. Not covered,a. 0 - 999
Aleppo,Menbij,Menbij,Menbij,Menbij,Maskana,37.955,36.5298,"36.529,37.955",IS,0,0,0,0,0,,,,,,,4. Not covered,4. Not covered,4. Not covered,4. Not covered,4. Not covered,4. Not covered,a. 0 - 999
Aleppo,Menbij,Menbij,Menbij,Menbij,Qabassen1 ,37.956,36.5308,"36.530,37.956",CC,0,0,0,0,186,,,,,,,4. Not covered,4. Not covered,4. Not covered,4. Not covered,4. Not covered,4. Not covered,a. 0 - 999
Aleppo,Menbij,Menbij,Menbij,Menbij,Qabassen2 ,37.957,36.5318,"36.531,37.957",CC,0,0,0,0,66,,,,,,,4. Not covered,4. Not covered,4. Not covered,4. Not covered,4. Not covered,4. Not covered,a. 0 - 999
Aleppo,Menbij,Menbij,Menbij,Menbij,Tishreen Dam,37.958,36.5328,"36.532,37.958",CC,0,0,0,0,144,,,,,,,4. Not covered,4. Not covered,4. Not covered,4. Not covered,4. Not covered,4. Not covered,a. 0 - 999
Aleppo,Menbij,Menbij,Menbij,Random,Al Hamdawen( alotostrad),37.959,36.5338,"36.533,37.959",CC,0,0,0,0,240,,,,,,,4. Not covered,4. Not covered,4. Not covered,4. Not covered,4. Not covered,4. Not covered,a. 0 - 999
Aleppo,Menbij,Menbij,Menbij,Random,Al Moshrefa,37.96,36.5348,"36.534,37.96",CC,0,0,0,0,270,,,,,,,4. Not covered,4. Not covered,4. Not covered,4. Not covered,4. Not covered,4. Not covered,a. 0 - 999
Aleppo,Menbij,Menbij,Menbij,Random,Al Teen,37.961,36.5358,"36.535,37.961",CC,0,0,0,0,210,,,,,,,4. Not covered,4. Not covered,4. Not covered,4. Not covered,4. Not covered,4. Not covered,a. 0 - 999
Aleppo,Menbij,Menbij,Menbij,Random,Bor Saeed,37.962,36.5368,"36.536,37.962",CC,0,0,0,0,324,,,,,,,4. Not covered,4. Not covered,4. Not covered,4. Not covered,4. Not covered,4. Not covered,a. 0 - 999
Aleppo,Menbij,Menbij,Menbij,Random,Een Al Nkeel,37.963,36.5378,"36.537,37.963",CC,0,0,0,0,210,,,,,,,4. Not covered,4. Not covered,4. Not covered,4. Not covered,4. Not covered,4. Not covered,a. 0 - 999
Aleppo,Menbij,Menbij,Menbij,Random,Om Tmak,37.964,36.5388,"36.538,37.964",CC,0,0,0,0,360,,,,,,,4. Not covered,4. Not covered,4. Not covered,4. Not covered,4. Not covered,4. Not covered,a. 0 - 999
Aleppo,Menbij,Menbij,Menbij,Random,Tok Alklel,37.965,36.5398,"36.539,37.965",CC,0,0,0,0,612,,,,,,,4. Not covered,4. Not covered,4. Not covered,4. Not covered,4. Not covered,4. Not covered,a. 0 - 999
Aleppo,Afrin,Sharan,Kafr Janna,Afrin,Kafr Janne ,36.9457,36.5853,"36.585,36.945",IS,0,0,0,0,0,,,,,,,4. Not covered,4. Not covered,4. Not covered,4. Not covered,4. Not covered,4. Not covered,a. 0 - 999
Aleppo,A'zaz,A'zaz,Salama,Azaz,Yazibag,37.0724,36.6216,"36.621,37.072",IS,0,0,0,0,24210,,1,,,,,4. Not covered,1. Fully covered,4. Not covered,4. Not covered,4. Not covered,4. Not covered,"e. > 20,000"
Aleppo,A'zaz,A'zaz,Salama,Azaz,Sujjo,37.095,36.6228,"36.622,37.095",IS,2448,2630,1438,1236,7752,,1,1,1,,1,4. Not covered,1. Fully covered,1. Fully covered,1. Fully covered,4. Not covered,1. Fully covered,"c. 5,000 - 9,999"
Aleppo,A'zaz,A'zaz,Salama,Azaz,Bab Al Salame ,37.0841,36.6308,"36.630,37.084",IS,2958,2697,1741,1304,8700,,1,1,1,,1,4. Not covered,1. Fully covered,1. Fully covered,1. Fully covered,4. Not covered,1. Fully covered,"c. 5,000 - 9,999"
Aleppo,A'zaz,A'zaz,Tatiyeh,Azaz,Al Zeytoun (Olive),37.1086,36.6329,"36.632,37.108",IS,0,0,0,0,3315,1,1,1,1,,,1. Fully covered,1. Fully covered,1. Fully covered,1. Fully covered,4. Not covered,4. Not covered,"b. 1,000 - 4,999"
Aleppo,A'zaz,A'zaz,Shamarin,Azaz,Al Harameen (and extensions),37.1471,36.6389,"36.638,37.147",TC,791,714,562,483,2550,1,1,1,1,,0.15,1. Fully covered,1. Fully covered,1. Fully covered,1. Fully covered,4. Not covered,3. Partially covered,"b. 1,000 - 4,999"
Aleppo,A'zaz,A'zaz,Shmarekh,Azaz,Azaz Transit/Reception Centre,37.1291,36.6427,"36.642,37.129",TC,2842,2700,2026,2745,10313,1,1,1,1,1,1,1. Fully covered,1. Fully covered,1. Fully covered,1. Fully covered,1. Fully covered,1. Fully covered,"d. 10,000 - 19,999"
Aleppo,A'zaz,A'zaz,Talil Elsham,Azaz,Talil Elsham Southern,37.1059,36.6452,"36.645,37.105",IS,0,0,0,0,2721,,1,1,1,,,4. Not covered,1. Fully covered,1. Fully covered,1. Fully covered,4. Not covered,4. Not covered,"b. 1,000 - 4,999"
Aleppo,A'zaz,A'zaz,Talil Elsham,Azaz,Talil Elsham school,37.1028,36.6507,"36.650,37.102",IS,846,841,661,571,2919,,1,1,1,,1,4. Not covered,1. Fully covered,1. Fully covered,1. Fully covered,4. Not covered,1. Fully covered,"b. 1,000 - 4,999"
Aleppo,A'zaz,A'zaz,Shamarin,Azaz,Bab Al Noor,37.1277,36.6529,"36.652,37.127",IS,0,0,0,0,8148,0.41,1,1,1,1,1,3. Partially covered,1. Fully covered,1. Fully covered,1. Fully covered,1. Fully covered,1. Fully covered,"c. 5,000 - 9,999"
Aleppo,A'zaz,A'zaz,Shamarin,Azaz,"Shamarin (Dhahiat Al-Shuhada, Qatari)",37.1398,36.6536,"36.653,37.139",IS,1494,1977,908,961,5340,0.8,1,1,1,0.8,1,2. Mostly covered,1. Fully covered,1. Fully covered,1. Fully covered,2. Mostly covered,1. Fully covered,"c. 5,000 - 9,999"
Aleppo,A'zaz,A'zaz,Shamarin,Azaz,Al Rayan,37.1187,36.6548,"36.654,37.118",IS,0,0,0,0,9456,,1,1,1,,1,4. Not covered,1. Fully covered,1. Fully covered,1. Fully covered,4. Not covered,1. Fully covered,"c. 5,000 - 9,999"
Aleppo,A'zaz,Suran,Zayzafun - Ekdeh,Azaz,Ekkdeh,37.1819,36.66,"36.66,37.181",IS,0,0,0,0,0,,,,,,,4. Not covered,4. Not covered,4. Not covered,4. Not covered,4. Not covered,4. Not covered,a. 0 - 999
Ar Raqqa,Tell Abiad,Tell Abiad,Tell Abiad,Kassas,Kassas,39.0033,36.6602,"36.660,39.003",TC,0,0,0,0,0,,,,,,,4. Not covered,4. Not covered,4. Not covered,4. Not covered,4. Not covered,4. Not covered,a. 0 - 999
Aleppo,A'zaz,A'zaz,Shamarin,Azaz,Bab Al Iman,37.1353,36.6614,"36.661,37.135",IS,2642,2408,1554,1166,7770,,1,1,1,0.58,1,4. Not covered,1. Fully covered,1. Fully covered,1. Fully covered,2. Mostly covered,1. Fully covered,"c. 5,000 - 9,999"
Aleppo,A'zaz,A'zaz,Shamarin,Azaz,Al Resalah (Al Armuda),37.1164,36.663,"36.663,37.116",IS,2664,2692,2741,2336,10433,1,1,1,1,1,1,1. Fully covered,1. Fully covered,1. Fully covered,1. Fully covered,1. Fully covered,1. Fully covered,"d. 10,000 - 19,999"
Aleppo,Jarablus,Jarablus,Jarablus,Jarablus,Camp 5,38.0071,36.8097,"36.809,38.007",IS,129,127,74,70,400,,,,,,,4. Not covered,4. Not covered,4. Not covered,4. Not covered,4. Not covered,4. Not covered,a. 0 - 999
Aleppo,Jarablus,Jarablus,Jarablus,Jarablus,Jarablus 4 (Jbel),38.0077,36.8115,"36.811,38.007",IS,151,153,120,115,539,,,,,,,4. Not covered,4. Not covered,4. Not covered,4. Not covered,4. Not covered,4. Not covered,a. 0 - 999
Aleppo,Jarablus,Jarablus,Jarablus,Jarablus,Farmers' League,38.0099,36.8145,"36.814,38.009",CC,0,0,0,0,93,,,,,,,4. Not covered,4. Not covered,4. Not covered,4. Not covered,4. Not covered,4. Not covered,a. 0 - 999
Aleppo,Jarablus,Jarablus,Jarablus,Jarablus,Garden Near Qatari Hospital,38.0119,36.8165,"36.816,38.011",CC,0,0,0,0,0,,,,,,,4. Not covered,4. Not covered,4. Not covered,4. Not covered,4. Not covered,4. Not covered,a. 0 - 999
Aleppo,Jarablus,Jarablus,Jarablus,Jarablus,Al Sijjad Factory,38.0096,36.8181,"36.818,38.009",CC,0,0,0,0,229,,,,,,,4. Not covered,4. Not covered,4. Not covered,4. Not covered,4. Not covered,4. Not covered,a. 0 - 999
Aleppo,Jarablus,Jarablus,Jarablus,Jarablus,Jarablus (Youth Centre),38.0108,36.8219,"36.821,38.010",IS,0,0,0,0,405,,,,,,,4. Not covered,4. Not covered,4. Not covered,4. Not covered,4. Not covered,4. Not covered,a. 0 - 999
Aleppo,Jarablus,Jarablus,Jarablus,Jarablus,Jarablus (Agricultural bank),38.0122,36.8236,"36.823,38.011",IS,0,0,0,0,451,,,,,,,4. Not covered,4. Not covered,4. Not covered,4. Not covered,4. Not covered,4. Not covered,a. 0 - 999
Aleppo,Jarablus,Jarablus,Jarablus,Jarablus,Jarablus (Stadium),38.0124,36.8237,"36.823,38.012",IS,0,0,0,0,1325,,,,,,,4. Not covered,4. Not covered,4. Not covered,4. Not covered,4. Not covered,4. Not covered,"b. 1,000 - 4,999"
