governorate,district,cluster,camp_name,geo,TypeSite,girls,boys,women,men,individual,Shelter,Water,Sanitation,Waste Removal,NFI,Food,shelter_cat,water_cat,sanitation_cat,waste_cat,NFI_cat,Food_cat
Idleb,Harim,Salam,Abl Baydar,"36.374842732,36.751344884",IS,68,65,58,51,242,0,1,1,1,0,1,4. Not covered - N/A,1. Fully covered,1. Fully covered,1. Fully covered,4. Not covered - N/A,1. Fully covered
Hama,Hama,Sanjar,Abla,"35.5261762,37.1219294",IS,12,16,15,15,58,0.4,0.25,0.25,0,0.5,1,3. Partially covered,3. Partially covered,3. Partially covered,4. Not covered - N/A,3. Partially covered,1. Fully covered
Idleb,Harim,Harim,Abna`a Al Ghab,"36.2069247990001,36.40878495",IS,257,250,193,164,864,1,1,1,1,0,1,1. Fully covered,1. Fully covered,1. Fully covered,1. Fully covered,4. Not covered - N/A,1. Fully covered
Idleb,Harim,Qah,Abu Bakker Al Sidiq,"36.2803494,36.685935",IS,207,192,127,94,620,1,1,1,1,0,1,1. Fully covered,1. Fully covered,1. Fully covered,1. Fully covered,4. Not covered - N/A,1. Fully covered
Idleb,Al Ma'ra,Sanjar,Abu Habbeh,"35.5128965,36.7259674",IS,56,64,172,154,446,1,0.5,0.25,0,0.85,0.75,1. Fully covered,3. Partially covered,3. Partially covered,4. Not covered - N/A,2. Mostly covered,2. Mostly covered
Hama,Hama,Sanjar,Abu Haya,"35.41519413,37.19072692",IS,39,49,46,45,179,0.5,0.25,0.1,0,0.45,1,3. Partially covered,3. Partially covered,3. Partially covered,4. Not covered - N/A,3. Partially covered,1. Fully covered
Idleb,Harim,Deir Hassan,Abu Obeida Ben Aljaraah,"36.250146,36.699867",IS,184,208,180,133,705,0.15,1,1,1,0.15,0,3. Partially covered,1. Fully covered,1. Fully covered,1. Fully covered,3. Partially covered,4. Not covered - N/A
Idleb,Al Ma'ra,Sanjar,Abul Eleij,"35.573112,37.088054",IS,58,71,49,43,221,0.8,0.5,0.1,0,0.9,1,2. Mostly covered,3. Partially covered,3. Partially covered,4. Not covered - N/A,2. Mostly covered,1. Fully covered
Idleb,Harim,Karama,Act and Impact (Athar),"36.270986,36.787651",PC,335,291,218,196,1040,1,1,1,1,1,1,1. Fully covered,1. Fully covered,1. Fully covered,1. Fully covered,1. Fully covered,1. Fully covered
Idleb,Harim,Qah,Afamia,"36.374172732,36.641074884",IS,255,246,219,192,913,0,1,1,1,0,1,4. Not covered - N/A,1. Fully covered,1. Fully covered,1. Fully covered,4. Not covered - N/A,1. Fully covered
Idleb,Harim,Qah,Ahbab Al Rasoul,"36.322882732,36.733684884",IS,144,138,148,375,805,0,1,1,1,0,1,4. Not covered - N/A,1. Fully covered,1. Fully covered,1. Fully covered,4. Not covered - N/A,1. Fully covered
Idleb,Harim,Karama,Ahel Al Sham,"36.300047,36.726047",IS,200,198,117,115,630,0.9,1,1,1,1,0,2. Mostly covered,1. Fully covered,1. Fully covered,1. Fully covered,1. Fully covered,4. Not covered - N/A
Idleb,Harim,Karama,Ahel Halep,"36.346836,36.703266",IS,179,133,115,103,530,1,1,1,1,1,1,1. Fully covered,1. Fully covered,1. Fully covered,1. Fully covered,1. Fully covered,1. Fully covered
Idleb,Harim,Deir Hassan,Ahl Al Balad,"36.277729,36.755846",IS,189,163,150,129,631,0.3,1,1,1,1,0,3. Partially covered,1. Fully covered,1. Fully covered,1. Fully covered,1. Fully covered,4. Not covered - N/A
Idleb,Harim,Liyajlikum,Ain Jaloot,"36.256922732,36.716664884",IS,119,156,158,111,544,0,1,1,1,0,1,4. Not covered - N/A,1. Fully covered,1. Fully covered,1. Fully covered,4. Not covered - N/A,1. Fully covered
Idleb,Harim,Liyajlikum,Al Aasy,"36.20176,36.740249",IS,208,221,197,214,841,1,1,1,1,0,1,1. Fully covered,1. Fully covered,1. Fully covered,1. Fully covered,4. Not covered - N/A,1. Fully covered
Idleb,Harim,Salam,Al Ahd Billah,"36.289612,36.735506",IS,294,317,357,328,1297,1,1,1,1,0,1,1. Fully covered,1. Fully covered,1. Fully covered,1. Fully covered,4. Not covered - N/A,1. Fully covered
Idleb,Harim,Karama,Al Ahrar,"36.228648,36.640012",IS,290,265,261,227,1043,1,1,1,1,0,1,1. Fully covered,1. Fully covered,1. Fully covered,1. Fully covered,4. Not covered - N/A,1. Fully covered
Idleb,Harim,Karama,Al Amal Bil Awdah,"36.271983,36.752652",IS,123,131,98,116,468,1,1,1,1,0,0,1. Fully covered,1. Fully covered,1. Fully covered,1. Fully covered,4. Not covered - N/A,4. Not covered - N/A
Idleb,Harim,Karama,Al Aqsa,"36.363769,36.788911",IS,211,143,176,140,670,1,1,1,1,1,0,1. Fully covered,1. Fully covered,1. Fully covered,1. Fully covered,1. Fully covered,4. Not covered - N/A
Idleb,Harim,Qah,Al Arbaeen,"36.299724,36.6819289",IS,94,94,83,88,360,1,1,1,1,0,1,1. Fully covered,1. Fully covered,1. Fully covered,1. Fully covered,4. Not covered - N/A,1. Fully covered
Idleb,Harim,Karama,Al Asil,"36.314861,36.658513",IS,247,247,142,140,776,1,1,1,1,1,0,1. Fully covered,1. Fully covered,1. Fully covered,1. Fully covered,1. Fully covered,4. Not covered - N/A
Idleb,Harim,Karama,Al Ataa,"36.353285,36.622473",IS,244,209,149,130,732,1,1,1,1,1,1,1. Fully covered,1. Fully covered,1. Fully covered,1. Fully covered,1. Fully covered,1. Fully covered
Idleb,Harim,Salam,Al Awdah,"36.360032732,36.697404884",IS,35,49,39,37,160,0,1,1,1,0,0,4. Not covered - N/A,1. Fully covered,1. Fully covered,1. Fully covered,4. Not covered - N/A,4. Not covered - N/A
Idleb,Harim,Karama,Al Ayade Al Baydaa,"36.2322905710001,36.641295776",IS,110,113,94,84,401,0,1,1,1,0,0,4. Not covered - N/A,1. Fully covered,1. Fully covered,1. Fully covered,4. Not covered - N/A,4. Not covered - N/A
Idleb,Harim,Qah,Al Bayan,"36.264627,36.69341",IS,209,186,216,189,800,0,1,1,1,1,1,4. Not covered - N/A,1. Fully covered,1. Fully covered,1. Fully covered,1. Fully covered,1. Fully covered
Idleb,Harim,Deir Hassan,Al Bunian Al Kuwaite,"36.324594,36.68411",IS,422,397,364,289,1472,0.9,0.8,0.4,0.8,0.3,0.6,2. Mostly covered,2. Mostly covered,3. Partially covered,2. Mostly covered,3. Partially covered,2. Mostly covered
Idleb,Harim,Al Dana,Al Dana,"36.22069,36.705731",IS,87,123,99,72,381,0.1,1,1,1,0.1,1,3. Partially covered,1. Fully covered,1. Fully covered,1. Fully covered,3. Partially covered,1. Fully covered
Idleb,Harim,Deir Hassan,Al Ezza,"36.150756,36.833892",IS,285,296,195,164,940,0.15,1,1,1,0.15,0,3. Partially covered,1. Fully covered,1. Fully covered,1. Fully covered,3. Partially covered,4. Not covered - N/A
Idleb,Harim,Karama,Al Fadal,"36.292917,36.728794",IS,173,136,113,91,513,1,1,1,1,1,0,1. Fully covered,1. Fully covered,1. Fully covered,1. Fully covered,1. Fully covered,4. Not covered - N/A
Idleb,Harim,Karama,Al Faraj,"36.279604,36.700114",IS,244,255,171,148,818,1,1,1,1,1,0,1. Fully covered,1. Fully covered,1. Fully covered,1. Fully covered,1. Fully covered,4. Not covered - N/A
Idleb,Harim,Sarmada,Al Faraj (Al Ghab),"36.200495,36.616129",IS,233,165,175,168,741,0,1,1,1,0,0,4. Not covered - N/A,1. Fully covered,1. Fully covered,1. Fully covered,4. Not covered - N/A,4. Not covered - N/A
Idleb,Al Ma'ra,Sanjar,Al Farja Al Gharbi,"35.5895747,36.90159235",IS,265,242,171,166,844,1,0.25,0.1,0,0.2,0.75,1. Fully covered,3. Partially covered,3. Partially covered,4. Not covered - N/A,3. Partially covered,2. Mostly covered
Idleb,Al Ma'ra,Sanjar,Al Farja Al Janobi,"35.5817882209494,36.7837414300437",IS,44,36,25,26,131,1,0.25,0.1,0,0.2,0.75,1. Fully covered,3. Partially covered,3. Partially covered,4. Not covered - N/A,3. Partially covered,2. Mostly covered
Idleb,Harim,Sarmada,Al Faroq,"36.120803,36.614552",IS,137,140,94,0,371,1,1,1,1,1,1,1. Fully covered,1. Fully covered,1. Fully covered,1. Fully covered,1. Fully covered,1. Fully covered
Idleb,Harim,Karama,Al Farouk,"36.237194,36.753152",IS,221,211,155,142,729,1,1,1,1,1,0,1. Fully covered,1. Fully covered,1. Fully covered,1. Fully covered,1. Fully covered,4. Not covered - N/A
Idleb,Harim,Sarmada,Al Fateh,"36.251039,36.70816",IS,67,87,83,75,312,0,1,1,1,0,0,4. Not covered - N/A,1. Fully covered,1. Fully covered,1. Fully covered,4. Not covered - N/A,4. Not covered - N/A
Idleb,Harim,Liyajlikum,Al Fateh Al Araby,"36.323172732,36.687794884",IS,146,191,165,122,625,0,1,1,1,0,1,4. Not covered - N/A,1. Fully covered,1. Fully covered,1. Fully covered,4. Not covered - N/A,1. Fully covered
Idleb,Jisr-Ash-Shugur,Kherbet Eljoz,Al Fateha,"35.9187840420001,36.18200645",IS,125,131,108,96,460,0,1,1,1,1,0,4. Not covered - N/A,1. Fully covered,1. Fully covered,1. Fully covered,1. Fully covered,4. Not covered - N/A
Idleb,Harim,Deir Hassan,Al Foqaraa (The Poor),"36.223600207,36.7063965120001",IS,191,207,101,96,595,0.2,1,1,1,0.2,0,3. Partially covered,1. Fully covered,1. Fully covered,1. Fully covered,3. Partially covered,4. Not covered - N/A
Idleb,Harim,Salam,Al Forkan,"36.307826,36.674392",IS,383,364,319,324,1390,1,1,1,1,1,1,1. Fully covered,1. Fully covered,1. Fully covered,1. Fully covered,1. Fully covered,1. Fully covered
Idleb,Harim,Karama,Al Ghab Al Mankoub,"36.2112705710001,36.631485776",IS,148,160,145,166,619,1,1,1,1,0,1,1. Fully covered,1. Fully covered,1. Fully covered,1. Fully covered,4. Not covered - N/A,1. Fully covered
Idleb,Harim,Salam,Al Goroub,"36.367132732,36.625524884",IS,196,237,148,149,730,0,1,1,1,0,1,4. Not covered - N/A,1. Fully covered,1. Fully covered,1. Fully covered,4. Not covered - N/A,1. Fully covered
Idleb,Jisr-Ash-Shugur,Oben,Al Hanbushiyeh,"35.796408,36.263596",IS,342,322,592,538,1794,1,1,1,1,1,0,1. Fully covered,1. Fully covered,1. Fully covered,1. Fully covered,1. Fully covered,4. Not covered - N/A
Idleb,Harim,Karama,Al Haneen,"36.3035005710001,36.676635776",IS,114,118,97,87,416,0,1,1,1,0,0,4. Not covered - N/A,1. Fully covered,1. Fully covered,1. Fully covered,4. Not covered - N/A,4. Not covered - N/A
Idleb,Harim,Karama,Al Haq,"36.195281,36.725395",IS,139,143,143,109,534,1,1,1,1,1,0,1. Fully covered,1. Fully covered,1. Fully covered,1. Fully covered,1. Fully covered,4. Not covered - N/A
Aleppo,A'zaz,Azaz,Al Harameen (and extensions),"36.551269,37.200675",TC,2189,1938,1396,1198,6721,1,1,1,1,1,0,1. Fully covered,1. Fully covered,1. Fully covered,1. Fully covered,1. Fully covered,4. Not covered - N/A
Idleb,Harim,Karama,Al Hijaz,"36.319834,36.69374",IS,125,132,95,108,460,1,1,1,1,1,1,1. Fully covered,1. Fully covered,1. Fully covered,1. Fully covered,1. Fully covered,1. Fully covered
Idleb,Harim,Liyajlikum,Al Hurriya wa Adalah,"36.387032732,36.795974884",IS,396,393,221,268,1278,1,1,1,1,0,1,1. Fully covered,1. Fully covered,1. Fully covered,1. Fully covered,4. Not covered - N/A,1. Fully covered
Idleb,Harim,Karama,Al Ikhaa,"36.296511,36.688563",IS,407,449,361,366,1583,1,1,1,1,1,1,1. Fully covered,1. Fully covered,1. Fully covered,1. Fully covered,1. Fully covered,1. Fully covered
Idleb,Harim,Karama,Al Ikhlas,"36.226507,36.639933",IS,346,416,281,282,1325,1,1,1,1,1,0,1. Fully covered,1. Fully covered,1. Fully covered,1. Fully covered,1. Fully covered,4. Not covered - N/A
Idleb,Harim,Liyajlikum,Al Ikhlas and Al Taqua,"36.351822732,36.659004884",IS,256,339,172,130,897,0,1,1,1,0,0,4. Not covered - N/A,1. Fully covered,1. Fully covered,1. Fully covered,4. Not covered - N/A,4. Not covered - N/A
Idleb,Harim,Qah,Al Imam,"36.217813,36.631574",IS,239,283,302,262,1085,1,1,1,1,0,1,1. Fully covered,1. Fully covered,1. Fully covered,1. Fully covered,4. Not covered - N/A,1. Fully covered
Idleb,Harim,Sarmada,Al Imdad,"36.290864,36.779152",IS,155,95,103,92,445,0,1,1,1,1,1,4. Not covered - N/A,1. Fully covered,1. Fully covered,1. Fully covered,1. Fully covered,1. Fully covered
Idleb,Harim,Qah,Al Intisar,"36.367695,36.707598",IS,182,166,149,141,638,1,1,1,1,0,1,1. Fully covered,1. Fully covered,1. Fully covered,1. Fully covered,4. Not covered - N/A,1. Fully covered
Idleb,Harim,Karama,Al Jabal,"36.3555105710001,36.638085776",IS,81,83,68,62,294,0,1,1,1,0,0,4. Not covered - N/A,1. Fully covered,1. Fully covered,1. Fully covered,4. Not covered - N/A,4. Not covered - N/A
Idleb,Harim,Salam,Al Jolan,"36.289554,36.763847",IS,440,450,361,330,1581,1,1,1,1,1,1,1. Fully covered,1. Fully covered,1. Fully covered,1. Fully covered,1. Fully covered,1. Fully covered
Idleb,Jisr-Ash-Shugur,Jisr-Ash-Shugur,Al Kaderiyeh,"35.915600696,36.301948886",IS,36,36,33,24,129,1,0,0,0,0,0,1. Fully covered,4. Not covered - N/A,4. Not covered - N/A,4. Not covered - N/A,4. Not covered - N/A,4. Not covered - N/A
Idleb,Harim,Karama,Al Karama,"36.381182,36.673619",IS,797,829,688,811,3125,1,1,1,1,1,1,1. Fully covered,1. Fully covered,1. Fully covered,1. Fully covered,1. Fully covered,1. Fully covered
Idleb,Harim,Karama,Al Karim Al Awsat,"36.3965405710001,36.688045776",IS,185,189,156,141,671,0,1,1,1,0,0,4. Not covered - N/A,1. Fully covered,1. Fully covered,1. Fully covered,4. Not covered - N/A,4. Not covered - N/A
Idleb,Harim,Salam,Al Khalij,"36.221223,36.67421",IS,176,135,97,79,488,1,1,1,1,1,1,1. Fully covered,1. Fully covered,1. Fully covered,1. Fully covered,1. Fully covered,1. Fully covered
Idleb,Harim,Sarmada,Al Khirba Al Muhasara,"36.2029169150001,36.6066535140001",IS,183,148,141,138,610,1,1,1,1,0,1,1. Fully covered,1. Fully covered,1. Fully covered,1. Fully covered,4. Not covered - N/A,1. Fully covered
Idleb,Harim,Harim,Al Madenh Monarh (Harim),"36.198353731,36.498175569",IS,166,198,148,147,659,0,1,1,1,0,0,4. Not covered - N/A,1. Fully covered,1. Fully covered,1. Fully covered,4. Not covered - N/A,4. Not covered - N/A
Idleb,Harim,Salam,Al Madiq 1,"36.302975367,36.719929742",IS,23,37,29,26,115,0,0,0,0,0,0,4. Not covered - N/A,4. Not covered - N/A,4. Not covered - N/A,4. Not covered - N/A,4. Not covered - N/A,4. Not covered - N/A
Idleb,Harim,Salam,Al Madiq 2,"36.322265367,36.682919742",IS,79,83,59,58,279,0,0,0,0,0,0,4. Not covered - N/A,4. Not covered - N/A,4. Not covered - N/A,4. Not covered - N/A,4. Not covered - N/A,4. Not covered - N/A
Idleb,Harim,Qah,Al Magad,"36.2782922,36.8089944",IS,172,169,146,150,638,1,1,1,1,1,1,1. Fully covered,1. Fully covered,1. Fully covered,1. Fully covered,1. Fully covered,1. Fully covered
Idleb,Harim,Karama,Al Mahabbah,"36.375375,36.772364",IS,223,216,145,144,728,1,1,1,1,1,0,1. Fully covered,1. Fully covered,1. Fully covered,1. Fully covered,1. Fully covered,4. Not covered - N/A
Idleb,Harim,Karama,Al Manara,"36.264585,36.6958721",IS,250,178,157,153,738,1,1,1,1,1,1,1. Fully covered,1. Fully covered,1. Fully covered,1. Fully covered,1. Fully covered,1. Fully covered
Idleb,Harim,Deir Hassan,Al Mashhad,"36.1811645350001,36.7420136",IS,124,70,70,51,315,0.1,1,1,1,0.1,0,3. Partially covered,1. Fully covered,1. Fully covered,1. Fully covered,3. Partially covered,4. Not covered - N/A
Idleb,Harim,Salam,Al Midan,"36.336739,36.671332",IS,306,320,270,267,1162,0,1,1,1,1,1,4. Not covered - N/A,1. Fully covered,1. Fully covered,1. Fully covered,1. Fully covered,1. Fully covered
Idleb,Harim,Qah,Al Motasem,"36.242911,36.731429",IS,163,144,103,103,512,1,1,1,1,0,1,1. Fully covered,1. Fully covered,1. Fully covered,1. Fully covered,4. Not covered - N/A,1. Fully covered
Idleb,Al Ma'ra,Sanjar,Al Muaysruneh,"35.4948247067398,36.7842338432137",IS,82,96,56,51,285,1,0.5,0.25,0,0.95,0.75,1. Fully covered,3. Partially covered,3. Partially covered,4. Not covered - N/A,2. Mostly covered,2. Mostly covered
Idleb,Harim,Qah,Al Muhajreen,"36.286313,36.768762",IS,157,151,123,119,551,1,1,1,1,0,1,1. Fully covered,1. Fully covered,1. Fully covered,1. Fully covered,4. Not covered - N/A,1. Fully covered
Idleb,Harim,Karama,Al Mustakbal,"36.297669,36.711999",IS,306,320,212,207,1045,1,1,1,1,0,0,1. Fully covered,1. Fully covered,1. Fully covered,1. Fully covered,4. Not covered - N/A,4. Not covered - N/A
Idleb,Harim,Deir Hassan,Al Nahda,"36.3177745350001,36.7011336000001",IS,592,637,465,406,2100,0.3,1,1,1,0.3,1,3. Partially covered,1. Fully covered,1. Fully covered,1. Fully covered,3. Partially covered,1. Fully covered
Idleb,Harim,Karama,Al Nahda Aleslamia,"36.228928,36.797818",IS,191,198,167,121,677,1,1,1,1,0,1,1. Fully covered,1. Fully covered,1. Fully covered,1. Fully covered,4. Not covered - N/A,1. Fully covered
Idleb,Harim,Bab Al Hawa,Al Nahdha,"36.106156,36.387444",IS,107,146,147,131,531,0,1,1,1,1,1,4. Not covered - N/A,1. Fully covered,1. Fully covered,1. Fully covered,1. Fully covered,1. Fully covered
Idleb,Harim,Deir Hassan,Al Naief,"36.296282,36.748782",IS,76,79,51,41,247,0.15,1,1,1,0.05,0,3. Partially covered,1. Fully covered,1. Fully covered,1. Fully covered,3. Partially covered,4. Not covered - N/A
Idleb,Harim,Salam,Al Nasser,"36.30962,36.73818",IS,438,498,383,359,1678,1,1,1,1,1,1,1. Fully covered,1. Fully covered,1. Fully covered,1. Fully covered,1. Fully covered,1. Fully covered
Idleb,Harim,Liyajlikum,Al Nawaeer,"36.210279,36.615782",IS,468,629,326,327,1750,1,1,1,1,0,1,1. Fully covered,1. Fully covered,1. Fully covered,1. Fully covered,4. Not covered - N/A,1. Fully covered
Idleb,Harim,Karama,Al Nour,"36.245673,36.762192",IS,251,222,195,182,850,1,1,1,1,1,0,1. Fully covered,1. Fully covered,1. Fully covered,1. Fully covered,1. Fully covered,4. Not covered - N/A
Idleb,Harim,Sarmada,Al Nouri,"36.208377,36.599485",IS,192,237,253,255,937,0.8,1,1,1,1,1,2. Mostly covered,1. Fully covered,1. Fully covered,1. Fully covered,1. Fully covered,1. Fully covered
Idleb,Harim,Qah,Al Radwan,"36.214582732,36.640624884",IS,81,77,69,59,286,0,1,1,1,0,1,4. Not covered - N/A,1. Fully covered,1. Fully covered,1. Fully covered,4. Not covered - N/A,1. Fully covered
Idleb,Al Ma'ra,Sanjar,Al Raffa Al Janobi,"35.5870075050853,36.7415257252436",IS,84,96,61,52,293,1,0.25,0.1,0,0.4,0.75,1. Fully covered,3. Partially covered,3. Partially covered,4. Not covered - N/A,3. Partially covered,2. Mostly covered
Idleb,Al Ma'ra,Sanjar,Al Raffa Al Shamali,"35.5858658727887,36.8818002503068",IS,40,27,18,21,106,1,0.5,0.1,0,0.45,0.75,1. Fully covered,3. Partially covered,3. Partially covered,4. Not covered - N/A,3. Partially covered,2. Mostly covered
Idleb,Al Ma'ra,Sanjar,Al Raffa Al Sharqi,"35.5461073379964,36.8588766614769",IS,173,146,98,56,473,1,0.5,0.25,0,0.45,0.75,1. Fully covered,3. Partially covered,3. Partially covered,4. Not covered - N/A,3. Partially covered,2. Mostly covered
Idleb,Harim,Qah,Al Rahmah,"36.386302,36.791668",IS,218,203,141,133,696,1,1,1,1,1,1,1. Fully covered,1. Fully covered,1. Fully covered,1. Fully covered,1. Fully covered,1. Fully covered
Idleb,Harim,Deir Hassan,Al Rahmah Lahl Al Gab (Al Qaqaa),"36.209653,36.665601",IS,431,445,331,271,1478,0.1,1,1,1,0.1,1,3. Partially covered,1. Fully covered,1. Fully covered,1. Fully covered,3. Partially covered,1. Fully covered
Aleppo,A'zaz,Azaz,Al Rayan,"36.702078,37.0032138",IS,2420,2491,1588,1294,7793,0,1,1,1,1,0,4. Not covered - N/A,1. Fully covered,1. Fully covered,1. Fully covered,1. Fully covered,4. Not covered - N/A
Aleppo,A'zaz,Azaz,Al Resalah (Al Armuda),"36.649798,37.188062",PC,2899,2725,3146,2705,11475,1,1,1,1,1,1,1. Fully covered,1. Fully covered,1. Fully covered,1. Fully covered,1. Fully covered,1. Fully covered
Idleb,Harim,Karama,"Al Resalah (extension of Doaa, Doaa & Saleh)","36.330121,36.766569",IS,109,100,82,78,369,0,1,1,1,1,1,4. Not covered - N/A,1. Fully covered,1. Fully covered,1. Fully covered,1. Fully covered,1. Fully covered
Idleb,Harim,Sarmada,Al Sadaka,"36.131799,36.614381",IS,90,129,121,98,438,0,1,1,1,0,1,4. Not covered - N/A,1. Fully covered,1. Fully covered,1. Fully covered,4. Not covered - N/A,1. Fully covered
Idleb,Harim,Karama,Al Safa wa Al Marwa,"36.22232,36.636024",IS,255,195,201,206,857,1,1,1,1,1,0,1. Fully covered,1. Fully covered,1. Fully covered,1. Fully covered,1. Fully covered,4. Not covered - N/A
Idleb,Harim,Big Hir Jamus,Al Safsafa,"36.181181,36.482508",IS,587,456,518,458,2019,1,1,1,1,0,1,1. Fully covered,1. Fully covered,1. Fully covered,1. Fully covered,4. Not covered - N/A,1. Fully covered
Idleb,Harim,Salam,Al Salam,"36.299527,36.683876",IS,617,614,426,403,2060,1,1,1,1,1,1,1. Fully covered,1. Fully covered,1. Fully covered,1. Fully covered,1. Fully covered,1. Fully covered
Aleppo,A'zaz,Azaz,Al Shahba,"36.487114,37.085992",IS,287,346,317,245,1195,0.9,0.9,0.5,0.2,0.2,0.4,2. Mostly covered,2. Mostly covered,3. Partially covered,3. Partially covered,3. Partially covered,3. Partially covered
Idleb,Harim,Liyajlikum,Al Shrouk,"36.369132,36.627979",IS,163,150,146,144,603,1,1,1,1,0,0,1. Fully covered,1. Fully covered,1. Fully covered,1. Fully covered,4. Not covered - N/A,4. Not covered - N/A
Idleb,Harim,Karama,Al Shuhada,"36.317343,36.659472",IS,168,196,176,67,607,0,1,1,1,1,1,4. Not covered - N/A,1. Fully covered,1. Fully covered,1. Fully covered,1. Fully covered,1. Fully covered
Idleb,Harim,Big Hir Jamus,Al Taakhi,"36.066364,36.390104",IS,350,354,352,284,1340,1,1,1,1,0,1,1. Fully covered,1. Fully covered,1. Fully covered,1. Fully covered,4. Not covered - N/A,1. Fully covered
Idleb,Harim,Qah,Al Tawheed,"36.322642,36.747819",IS,97,82,88,85,352,1,1,1,1,0,1,1. Fully covered,1. Fully covered,1. Fully covered,1. Fully covered,4. Not covered - N/A,1. Fully covered
Idleb,Harim,Sarmada,Al Ummah,"36.247425,36.702068",IS,151,157,122,112,542,0,1,1,1,0,1,4. Not covered - N/A,1. Fully covered,1. Fully covered,1. Fully covered,4. Not covered - N/A,1. Fully covered
Idleb,Harim,Bab Al Hawa,Al Ummahat,"36.158152,36.554392",IS,93,89,79,69,330,1,0,1,1,1,1,1. Fully covered,4. Not covered - N/A,1. Fully covered,1. Fully covered,1. Fully covered,1. Fully covered
Idleb,Harim,Qah,Al Waleed,"36.22949,36.703188",IS,250,259,214,156,880,1,1,1,1,1,1,1. Fully covered,1. Fully covered,1. Fully covered,1. Fully covered,1. Fully covered,1. Fully covered
Idleb,Harim,Deir Hassan,Al Wdhehee,"36.24321604,36.72528357",IS,116,109,93,65,383,0.35,1,1,1,0.35,1,3. Partially covered,1. Fully covered,1. Fully covered,1. Fully covered,3. Partially covered,1. Fully covered
Aleppo,A'zaz,Azaz,Al Zeytoun (Olive),"36.541687,37.011161",IS,185,213,129,93,620,1,1,1,1,0,0,1. Fully covered,1. Fully covered,1. Fully covered,1. Fully covered,4. Not covered - N/A,4. Not covered - N/A
Aleppo,Jebel Saman,Atareb,Alabiad Camp (White Camp) (including Allhyba),"36.066744,36.884078",IS,294,292,273,179,1038,0.8,0,0,1,0.8,0,2. Mostly covered,4. Not covered - N/A,4. Not covered - N/A,1. Fully covered,2. Mostly covered,4. Not covered - N/A
Idleb,Harim,Qah,Alebaa,"36.271637,36.696107",IS,203,196,173,152,725,0,1,1,1,0,1,4. Not covered - N/A,1. Fully covered,1. Fully covered,1. Fully covered,4. Not covered - N/A,1. Fully covered
Idleb,Harim,Karama,Aleman Billah,"36.276159,36.695039",IS,208,202,168,161,739,1,1,1,1,0,1,1. Fully covered,1. Fully covered,1. Fully covered,1. Fully covered,4. Not covered - N/A,1. Fully covered
Idleb,Jisr-Ash-Shugur,Darkosh,Ali Bin Abi Taleb,"35.952744,36.219395",IS,418,428,320,290,1457,1,1,1,1,1,0,1. Fully covered,1. Fully covered,1. Fully covered,1. Fully covered,1. Fully covered,4. Not covered - N/A
Idleb,Harim,Aqrabat,Aqrabat (Ahl Al-Athar),"36.221512,36.629882",IS,152,156,163,133,603,0,1,1,1,1,1,4. Not covered - N/A,1. Fully covered,1. Fully covered,1. Fully covered,1. Fully covered,1. Fully covered
Idleb,Harim,Sarmada,Ariha,"36.15315,36.6902",IS,50,75,64,63,252,1,1,1,1,0,1,1. Fully covered,1. Fully covered,1. Fully covered,1. Fully covered,4. Not covered - N/A,1. Fully covered
Idleb,Harim,Qah,Ataa 2 (Hamad Al Ammar 1/Dar Al Riaya - Orphans),"36.197274,36.766116",PC,182,185,154,39,560,1,1,1,1,0,1,1. Fully covered,1. Fully covered,1. Fully covered,1. Fully covered,4. Not covered - N/A,1. Fully covered
Idleb,Harim,Qah,Ataa 3 (Al Ansar),"36.199102,36.631617",PC,172,126,184,144,626,1,1,1,1,0,1,1. Fully covered,1. Fully covered,1. Fully covered,1. Fully covered,4. Not covered - N/A,1. Fully covered
Idleb,Harim,Qah,Ataa 4 (Al Reaya Al Islamiya),"36.281572732,36.713254884",PC,215,239,233,242,929,1,0.65,0.75,0.85,0,1,1. Fully covered,2. Mostly covered,2. Mostly covered,2. Mostly covered,4. Not covered - N/A,1. Fully covered
Idleb,Harim,Qah,Ataa 5 (Shabab Al Khayr),"36.386195,36.625485",PC,241,253,219,222,935,1,0.65,0.7,0.9,0,1,1. Fully covered,2. Mostly covered,2. Mostly covered,2. Mostly covered,4. Not covered - N/A,1. Fully covered
Idleb,Harim,Qah,Ataa 6 (Shabab Al Khayr 3),"36.335412732,36.812654884",PC,369,393,345,372,1479,1,0.6,0.75,0.8,0,1,1. Fully covered,2. Mostly covered,2. Mostly covered,2. Mostly covered,4. Not covered - N/A,1. Fully covered
Idleb,Harim,Qah,Ataa 7a (Ataa Almara Alkwaityeh 1),"36.370162732,36.725224884",PC,209,190,323,272,994,1,0.7,0.7,0.8,0,1,1. Fully covered,2. Mostly covered,2. Mostly covered,2. Mostly covered,4. Not covered - N/A,1. Fully covered
Idleb,Harim,Qah,Ataa 7b (Ataa Almara Alkwaityeh 2),"36.205152732,36.638444884",PC,213,224,376,377,1190,1,0.65,0.7,0.75,0,1,1. Fully covered,2. Mostly covered,2. Mostly covered,2. Mostly covered,4. Not covered - N/A,1. Fully covered
Idleb,Harim,Qah,Ataa 8 (Shabab Al Khayr 2),"36.252352732,36.697724884",PC,393,455,345,395,1588,1,0.6,0.9,0.8,0,1,1. Fully covered,2. Mostly covered,2. Mostly covered,2. Mostly covered,4. Not covered - N/A,1. Fully covered
Idleb,Harim,Qah,Ataa 9a (Hamad Al Ammar 2),"36.316972732,36.761984884",PC,158,170,165,167,660,1,0.6,0.9,0.75,0,1,1. Fully covered,2. Mostly covered,2. Mostly covered,2. Mostly covered,4. Not covered - N/A,1. Fully covered
Idleb,Harim,Qah,Ataa 9b (Nasaem Alkhair),"36.207072732,36.667284884",PC,200,219,176,190,785,1,0.8,0.8,0.75,0,1,1. Fully covered,2. Mostly covered,2. Mostly covered,2. Mostly covered,4. Not covered - N/A,1. Fully covered
Idleb,Jisr-Ash-Shugur,Kherbet Eljoz,Ataa Al Kheir,"35.8937640420001,36.2178264500001",IS,674,643,1021,888,3226,1,1,1,1,1,0,1. Fully covered,1. Fully covered,1. Fully covered,1. Fully covered,1. Fully covered,4. Not covered - N/A
Idleb,Harim,Karama,Atfal Alghad,"36.375485,36.652229",IS,163,170,109,102,544,1,1,1,1,1,1,1. Fully covered,1. Fully covered,1. Fully covered,1. Fully covered,1. Fully covered,1. Fully covered
Idleb,Harim,Atmeh,Atmeh,"36.389744,36.686102",IS,17209,19474,15641,13610,65934,0.9,1,1,1,1,1,2. Mostly covered,1. Fully covered,1. Fully covered,1. Fully covered,1. Fully covered,1. Fully covered
Idleb,Harim,Bab Al Hawa,Aycha,"36.267583,36.692415",IS,298,287,255,223,1063,0,0,0,0,1,1,4. Not covered - N/A,4. Not covered - N/A,4. Not covered - N/A,4. Not covered - N/A,1. Fully covered,1. Fully covered
Idleb,Harim,Big Hir Jamus,Ayidoun,"36.114054,36.382756",PC,1027,790,830,653,3300,0.79,0.94,0.98,1,0.6,1,2. Mostly covered,2. Mostly covered,2. Mostly covered,1. Fully covered,2. Mostly covered,1. Fully covered
Aleppo,A'zaz,Azaz,Azaz Transit/Reception Centre,"36.611164,37.115983",TC,473,492,415,320,1700,1,1,1,1,1,1,1. Fully covered,1. Fully covered,1. Fully covered,1. Fully covered,1. Fully covered,1. Fully covered
Hama,Hama,Sanjar,Aziziyeh,"35.42465,37.22043",IS,147,137,88,71,443,0.75,0.5,0.1,0,0.4,1,2. Mostly covered,3. Partially covered,3. Partially covered,4. Not covered - N/A,3. Partially covered,1. Fully covered
Idleb,Jisr-Ash-Shugur,Jisr-Ash-Shugur,Az-Zawf 1 (Sham),"35.9420625860001,36.1988687320001",IS,780,792,1210,1125,3908,0,1,1,1,1,0,4. Not covered - N/A,1. Fully covered,1. Fully covered,1. Fully covered,1. Fully covered,4. Not covered - N/A
Idleb,Jisr-Ash-Shugur,Jisr-Ash-Shugur,Az-Zawf 3 (Al Ikhaa),"36.00058,36.300895",IS,263,291,248,278,1080,0.2,1,1,1,1,1,3. Partially covered,1. Fully covered,1. Fully covered,1. Fully covered,1. Fully covered,1. Fully covered
Idleb,Harim,Qah,Bab Al Hawa,"36.313495,36.773265",IS,171,178,201,161,711,1,1,1,1,1,1,1. Fully covered,1. Fully covered,1. Fully covered,1. Fully covered,1. Fully covered,1. Fully covered
Idleb,Harim,Qah,Bab Al Hawa extension (Al Mutahaboun Bellah),"36.354692732,36.633804884",IS,360,372,305,274,1311,0,1,1,1,0,0,4. Not covered - N/A,1. Fully covered,1. Fully covered,1. Fully covered,4. Not covered - N/A,4. Not covered - N/A
Aleppo,A'zaz,Azaz,Bab Al Iman,"36.611619,37.069128",IS,2145,1973,1550,1377,7045,0.1,1,1,1,0.1,1,3. Partially covered,1. Fully covered,1. Fully covered,1. Fully covered,3. Partially covered,1. Fully covered
Aleppo,A'zaz,Azaz,Bab Al Noor,"36.598828,37.220317",IS,2316,2396,1959,1762,8433,0.41,1,1,1,0,1,3. Partially covered,1. Fully covered,1. Fully covered,1. Fully covered,4. Not covered - N/A,1. Fully covered
Aleppo,A'zaz,Azaz,Bab Al Salame ,"36.656307,37.105711",IS,3028,2734,2148,1855,9765,0,1,1,1,1,1,4. Not covered - N/A,1. Fully covered,1. Fully covered,1. Fully covered,1. Fully covered,1. Fully covered
Idleb,Harim,Qah,Bani Omiyet,"36.2791722,36.690455",IS,102,103,88,93,386,0,1,1,1,0,0,4. Not covered - N/A,1. Fully covered,1. Fully covered,1. Fully covered,4. Not covered - N/A,4. Not covered - N/A
Ar Raqqa,Ath-Thawrah,Sasafa,Baoda,"35.8299221790001,38.5782439500001",IS,0,0,0,0,8,1,0,0,0,0,0,1. Fully covered,4. Not covered - N/A,4. Not covered - N/A,4. Not covered - N/A,4. Not covered - N/A,4. Not covered - N/A
Idleb,Harim,Liyajlikum,Bara`m Al Thawra,"36.336282732,36.721884884",IS,223,295,196,150,863,0,1,1,1,0,1,4. Not covered - N/A,1. Fully covered,1. Fully covered,1. Fully covered,4. Not covered - N/A,1. Fully covered
Hama,Hama,Sanjar,Baroudiyeh,"35.5210475,37.2748108",IS,57,50,50,49,206,0.7,0.25,0.25,0,0.45,1,2. Mostly covered,3. Partially covered,3. Partially covered,4. Not covered - N/A,3. Partially covered,1. Fully covered
Idleb,Al Ma'ra,Sanjar,Bashkum,"35.405515,37.071895",IS,90,54,56,43,243,0.8,0.5,0.1,0,0.8,1,2. Mostly covered,3. Partially covered,3. Partially covered,4. Not covered - N/A,2. Mostly covered,1. Fully covered
Aleppo,Jarablus,Jarablus,Camp 5,"36.82082311,37.9865972",IS,760,497,508,422,2187,0.38,0,0,0,0.4,0,3. Partially covered,4. Not covered - N/A,4. Not covered - N/A,4. Not covered - N/A,3. Partially covered,4. Not covered - N/A
Idleb,Harim,Liyajlikum,Children of Freedom Martyrs,"36.277575,36.7102242",IS,129,130,107,108,474,1,1,1,1,1,1,1. Fully covered,1. Fully covered,1. Fully covered,1. Fully covered,1. Fully covered,1. Fully covered
Idleb,Harim,Salam,Dar Al Riaya - Disabled,"36.327585,36.680479",IS,303,314,240,271,1128,1,1,1,1,0,1,1. Fully covered,1. Fully covered,1. Fully covered,1. Fully covered,4. Not covered - N/A,1. Fully covered
Idleb,Harim,Salam,Dma'aet Nazeh,"36.182492,36.675818",IS,76,65,82,86,309,1,0,0,0,0,1,1. Fully covered,4. Not covered - N/A,4. Not covered - N/A,4. Not covered - N/A,4. Not covered - N/A,1. Fully covered
Idleb,Harim,Karama,Doaa,"36.322593,36.68014",IS,419,416,353,349,1537,1,1,1,1,1,1,1. Fully covered,1. Fully covered,1. Fully covered,1. Fully covered,1. Fully covered,1. Fully covered
Idleb,Harim,Karama,Doaat Al Kwait (Al Khayrat),"36.375252,36.646466",IS,173,165,161,175,674,1,1,1,1,1,1,1. Fully covered,1. Fully covered,1. Fully covered,1. Fully covered,1. Fully covered,1. Fully covered
Idleb,Al Ma'ra,Sanjar,Eastern Ejaz,"35.607711,36.916504",IS,169,201,183,176,729,0.5,0.5,0.1,0,0.85,1,3. Partially covered,3. Partially covered,3. Partially covered,4. Not covered - N/A,2. Mostly covered,1. Fully covered
Idleb,Harim,Deir Hassan,Ebtieen,"36.1887045350001,36.7421736000001",IS,114,99,76,67,356,0.35,1,1,1,0.35,0,3. Partially covered,1. Fully covered,1. Fully covered,1. Fully covered,3. Partially covered,4. Not covered - N/A
Idleb,Jisr-Ash-Shugur,Kherbet Eljoz,Ein Al Bayda,"35.9352240420001,36.19252645",IS,787,846,1477,1374,4485,0,1,1,1,1,0,4. Not covered - N/A,1. Fully covered,1. Fully covered,1. Fully covered,1. Fully covered,4. Not covered - N/A
Idleb,Al Ma'ra,Sanjar,Fahil Jallas,"35.479499,36.872842",IS,45,50,85,69,249,0.75,0.8,0.25,0,0.9,1,2. Mostly covered,2. Mostly covered,3. Partially covered,4. Not covered - N/A,2. Mostly covered,1. Fully covered
Idleb,Al Ma'ra,Sanjar,Fakkah,"35.4191314331054,37.0774959326171",IS,51,40,39,40,170,0.1,0.25,0.25,0,0.9,1,3. Partially covered,3. Partially covered,3. Partially covered,4. Not covered - N/A,2. Mostly covered,1. Fully covered
Idleb,Harim,Liyajlikum,Farajak Yarab,"36.319242732,36.788684884",IS,147,194,72,54,468,0,1,1,1,0,1,4. Not covered - N/A,1. Fully covered,1. Fully covered,1. Fully covered,4. Not covered - N/A,1. Fully covered
Idleb,Harim,Liyajlikum,Fardoose,"36.219043,36.640134",IS,220,224,138,131,713,1,1,1,1,1,1,1. Fully covered,1. Fully covered,1. Fully covered,1. Fully covered,1. Fully covered,1. Fully covered
Idleb,Harim,Liyajlikum,Fateh Aleslam,"36.226132732,36.630274884",IS,116,151,129,98,494,0,1,1,1,0,1,4. Not covered - N/A,1. Fully covered,1. Fully covered,1. Fully covered,4. Not covered - N/A,1. Fully covered
Idleb,Harim,Deir Hassan,Ghetaa Al Rahma 1,"36.165956,36.657787",IS,149,154,149,130,582,0.2,1,1,1,0.2,1,3. Partially covered,1. Fully covered,1. Fully covered,1. Fully covered,3. Partially covered,1. Fully covered
Ar Raqqa,Ath-Thawrah,Sasafa,Hamam,"35.8740021790001,38.6141939500001",IS,0,0,0,0,5,1,0,0,0,0,0,1. Fully covered,4. Not covered - N/A,4. Not covered - N/A,4. Not covered - N/A,4. Not covered - N/A,4. Not covered - N/A
Idleb,Harim,Karama,Harameen,"36.233028,36.63238",IS,203,199,162,157,721,1,1,1,1,0,0.1,1. Fully covered,1. Fully covered,1. Fully covered,1. Fully covered,4. Not covered - N/A,3. Partially covered
Idleb,Harim,Qah,Hibat Allah,"36.327867,36.784127",IS,246,239,191,190,867,1,1,1,1,0,1,1. Fully covered,1. Fully covered,1. Fully covered,1. Fully covered,4. Not covered - N/A,1. Fully covered
Idleb,Harim,Harim,Jabal Harim (Sabiroon),"36.1782667,36.6153278",IS,201,239,170,167,777,0,1,1,1,0,0,4. Not covered - N/A,1. Fully covered,1. Fully covered,1. Fully covered,4. Not covered - N/A,4. Not covered - N/A
Aleppo,Jarablus,Jarablus,Jarablus (Agricultural bank),"36.7909887,37.919483",IS,71,74,61,58,264,0,0,0,0,0,0,4. Not covered - N/A,4. Not covered - N/A,4. Not covered - N/A,4. Not covered - N/A,4. Not covered - N/A,4. Not covered - N/A
Aleppo,Jarablus,Jarablus,Jarablus (Stadium),"36.737979,37.975051",IS,299,273,245,252,1069,0,0,0,0,0.4,0,4. Not covered - N/A,4. Not covered - N/A,4. Not covered - N/A,4. Not covered - N/A,3. Partially covered,4. Not covered - N/A
Aleppo,Jarablus,Jarablus,Jarablus (Youth Centre),"36.85050328,38.04155",IS,128,100,95,82,405,0,0,0,0,0,0,4. Not covered - N/A,4. Not covered - N/A,4. Not covered - N/A,4. Not covered - N/A,4. Not covered - N/A,4. Not covered - N/A
Aleppo,Jarablus,Jarablus,Jarablus 4 (Jbel),"36.837979,38.046915",IS,1138,915,859,719,3631,0.38,0,0,0,0.4,0,3. Partially covered,4. Not covered - N/A,4. Not covered - N/A,4. Not covered - N/A,3. Partially covered,4. Not covered - N/A
Idleb,Al Ma'ra,Sanjar,Jeb Elqasab,"35.526228,37.090266",IS,46,37,42,38,163,0.8,0.5,0.25,0,0.8,1,2. Mostly covered,3. Partially covered,3. Partially covered,4. Not covered - N/A,2. Mostly covered,1. Fully covered
Idleb,Harim,Big Hir Jamus,Kadimoon,"36.09454,36.37938",PC,550,800,578,322,2250,0.87,0.8,0.95,0.9,0.64,0.97,2. Mostly covered,2. Mostly covered,2. Mostly covered,2. Mostly covered,2. Mostly covered,2. Mostly covered
Idleb,Harim,Harim,Kafr Hum,"36.1068047990001,36.47773495",IS,301,302,188,165,956,1,0,0.6,1,0,0,1. Fully covered,4. Not covered - N/A,2. Mostly covered,1. Fully covered,4. Not covered - N/A,4. Not covered - N/A
Idleb,Harim,Salam,Kafr Nabutha Al Amal,"36.365322732,36.743014884",IS,122,117,105,91,434,1,1,1,1,0,1,1. Fully covered,1. Fully covered,1. Fully covered,1. Fully covered,4. Not covered - N/A,1. Fully covered
Idleb,Harim,Salam,Kafr Nabutha Alhora,"36.382872732,36.749524884",IS,84,80,72,62,298,1,1,1,1,0,1,1. Fully covered,1. Fully covered,1. Fully covered,1. Fully covered,4. Not covered - N/A,1. Fully covered
Idleb,Harim,Qah,Kafr Nabutha Alsmoud,"36.260502732,36.797644884",IS,78,92,73,111,354,0.85,1,1,1,0,1,2. Mostly covered,1. Fully covered,1. Fully covered,1. Fully covered,4. Not covered - N/A,1. Fully covered
Idleb,Al Ma'ra,Sanjar,Khaldyiah,"35.351806,37.122599",IS,89,80,53,44,266,0.5,0.5,0.1,0,0.9,1,3. Partially covered,3. Partially covered,3. Partially covered,4. Not covered - N/A,2. Mostly covered,1. Fully covered
Idleb,Harim,Sarmada,Khaled Bin Al Waleed,"36.141218,36.631901",IS,575,425,232,218,1450,1,1,1,1,1,1,1. Fully covered,1. Fully covered,1. Fully covered,1. Fully covered,1. Fully covered,1. Fully covered
Idleb,Harim,Deir Hassan,Khan Toman,"36.280068,36.704645",IS,36,26,25,19,106,0.25,1,1,1,0.25,0,3. Partially covered,1. Fully covered,1. Fully covered,1. Fully covered,3. Partially covered,4. Not covered - N/A
Idleb,Al Ma'ra,Sanjar,Khayriyeh,"35.46359,37.1801382",IS,84,85,61,59,289,0.9,0.25,0.1,0,0.9,1,2. Mostly covered,3. Partially covered,3. Partially covered,4. Not covered - N/A,2. Mostly covered,1. Fully covered
Idleb,Harim,Liyajlikum,Korayish (Al Khair),"36.316503,36.787313",IS,227,207,134,116,684,1,1,1,1,1,1,1. Fully covered,1. Fully covered,1. Fully covered,1. Fully covered,1. Fully covered,1. Fully covered
Idleb,Harim,Karama,Kura Mankouba,"36.345017,36.711006",IS,166,158,157,153,634,1,1,1,1,1,1,1. Fully covered,1. Fully covered,1. Fully covered,1. Fully covered,1. Fully covered,1. Fully covered
Idleb,Harim,Liyajlikum,Lan Narka`llla Lilah,"36.235546,36.799588",IS,195,227,226,181,829,1,1,1,1,0,1,1. Fully covered,1. Fully covered,1. Fully covered,1. Fully covered,4. Not covered - N/A,1. Fully covered
Idleb,Al Ma'ra,Sanjar,Lhluoba,"35.4704866646397,36.7231407636819",IS,82,84,54,59,279,1,0.5,0.25,0,0.9,0.75,1. Fully covered,3. Partially covered,3. Partially covered,4. Not covered - N/A,2. Mostly covered,2. Mostly covered
Idleb,Harim,Liyajlikum,Liyajlikum,"36.380034,36.653211",IS,359,332,207,201,1100,1,1,1,1,0,1,1. Fully covered,1. Fully covered,1. Fully covered,1. Fully covered,4. Not covered - N/A,1. Fully covered
Idleb,Al Ma'ra,Sanjar,Lower Maksar,"35.510821,37.045859",IS,20,23,17,12,72,0.8,0.5,0.25,0,0.9,1,2. Mostly covered,3. Partially covered,3. Partially covered,4. Not covered - N/A,2. Mostly covered,1. Fully covered
Idleb,Al Ma'ra,Sanjar,Lweibdeh,"35.623064,36.956973",IS,61,55,63,53,232,0.6,0.5,0.25,0,0.9,1,2. Mostly covered,3. Partially covered,3. Partially covered,4. Not covered - N/A,2. Mostly covered,1. Fully covered
Idleb,Idleb,Maaret Tamsrin,Maaret Elekhwan Transit Centre,"36.07707,36.657633",TC,130,279,163,199,771,1,1,1,1,1,1,1. Fully covered,1. Fully covered,1. Fully covered,1. Fully covered,1. Fully covered,1. Fully covered
Idleb,Harim,Qah,Madenh Monarh (Hmamiat),"36.237785,36.624141",IS,185,184,258,206,833,1,1,1,1,0,1,1. Fully covered,1. Fully covered,1. Fully covered,1. Fully covered,4. Not covered - N/A,1. Fully covered
Idleb,Al Ma'ra,Sanjar,Mardagana Burtuqala,"35.627156,37.09365",IS,26,25,25,21,97,0.5,0.5,0.1,0,0.95,1,3. Partially covered,3. Partially covered,3. Partially covered,4. Not covered - N/A,2. Mostly covered,1. Fully covered
Idleb,Jisr-Ash-Shugur,Darkosh,Meriamen,"35.8764919340001,36.3209032310001",IS,80,101,72,66,318,0,1,1,1,1,0,4. Not covered - N/A,1. Fully covered,1. Fully covered,1. Fully covered,1. Fully covered,4. Not covered - N/A
Idleb,Harim,Karama,Moatakalen Sahl Al Gab,"36.3185105710001,36.756495776",IS,393,406,333,299,1431,0,1,1,1,0,0,4. Not covered - N/A,1. Fully covered,1. Fully covered,1. Fully covered,4. Not covered - N/A,4. Not covered - N/A
Idleb,Al Ma'ra,Sanjar,Mreijeb Elmashad,"35.438359,36.962822",IS,57,86,43,39,225,0.4,0.5,0.1,0,0.85,1,3. Partially covered,3. Partially covered,3. Partially covered,4. Not covered - N/A,2. Mostly covered,1. Fully covered
Idleb,Al Ma'ra,Sanjar,Mreijeb Slejah,"35.578157,37.220199",IS,90,95,85,72,342,0.6,0.5,0.1,0,0.9,1,2. Mostly covered,3. Partially covered,3. Partially covered,4. Not covered - N/A,2. Mostly covered,1. Fully covered
Idleb,Harim,Salam,Muhajreen Al Gab,"36.231982732,36.683304884",IS,148,142,127,111,528,0,1,1,1,0,1,4. Not covered - N/A,1. Fully covered,1. Fully covered,1. Fully covered,4. Not covered - N/A,1. Fully covered
Idleb,Harim,Deir Hassan,Nasaem Al Khayr,"36.214366,36.774317",IS,492,566,464,398,1920,0.1,1,1,1,0.1,1,3. Partially covered,1. Fully covered,1. Fully covered,1. Fully covered,3. Partially covered,1. Fully covered
Idleb,Harim,Karama,Nasret Al Mazloum,"36.394603,36.777476",IS,325,354,254,257,1190,1,1,1,1,0,0,1. Fully covered,1. Fully covered,1. Fully covered,1. Fully covered,4. Not covered - N/A,4. Not covered - N/A
Idleb,Harim,Qah,Nasret Al Rasoul,"36.257992732,36.768944884",IS,234,228,203,175,840,0,1,1,1,0,1,4. Not covered - N/A,1. Fully covered,1. Fully covered,1. Fully covered,4. Not covered - N/A,1. Fully covered
Idleb,Harim,Deir Hassan,Nour Al Houda,"36.213076,36.685287",IS,306,358,275,244,1183,0.25,1,1,1,0.25,1,3. Partially covered,1. Fully covered,1. Fully covered,1. Fully covered,3. Partially covered,1. Fully covered
Idleb,Harim,Karama,Nour Al Mustafa,"36.383455,36.78378",IS,294,292,221,221,1028,0,1,1,1,0,0,4. Not covered - N/A,1. Fully covered,1. Fully covered,1. Fully covered,4. Not covered - N/A,4. Not covered - N/A
Idleb,Harim,Karama,Nour Al Mustakbal,"36.210026,36.779492",IS,191,191,170,167,719,1,1,1,1,1,0,1. Fully covered,1. Fully covered,1. Fully covered,1. Fully covered,1. Fully covered,4. Not covered - N/A
Idleb,Harim,Karama,Nour Al Sham,"36.265314,36.751949",IS,125,117,93,85,420,0,1,1,1,0,0,4. Not covered - N/A,1. Fully covered,1. Fully covered,1. Fully covered,4. Not covered - N/A,4. Not covered - N/A
Idleb,Harim,Karama,Nour Hama,"36.2019005710001,36.608825776",IS,41,43,35,32,151,0,1,1,1,0,0,4. Not covered - N/A,1. Fully covered,1. Fully covered,1. Fully covered,4. Not covered - N/A,4. Not covered - N/A
Hama,Hama,Sanjar,Ob Alkhazneh,"35.495699,37.199601",IS,72,73,58,46,249,0.5,0.5,0.25,0,0.45,1,3. Partially covered,3. Partially covered,3. Partially covered,4. Not covered - N/A,3. Partially covered,1. Fully covered
Idleb,Al Ma'ra,Sanjar,Ojeh,"35.6938456,37.1176592",IS,17,23,13,12,65,0.75,0.25,0.1,0,0.25,1,2. Mostly covered,3. Partially covered,3. Partially covered,4. Not covered - N/A,3. Partially covered,1. Fully covered
Idleb,Harim,Harim,Omahat Al Moumenien,"36.214643731,36.498825569",IS,90,85,63,13,251,1,1,1,1,1,1,1. Fully covered,1. Fully covered,1. Fully covered,1. Fully covered,1. Fully covered,1. Fully covered
Idleb,Jisr-Ash-Shugur,Kherbet Eljoz,Omar,"35.8357240420001,36.1797264500001",IS,448,414,735,658,2255,0,1,1,1,1,0,4. Not covered - N/A,1. Fully covered,1. Fully covered,1. Fully covered,1. Fully covered,4. Not covered - N/A
Idleb,Harim,Bab Al Hawa,Othman Bin Affan,"36.131003,36.651884",IS,266,297,256,213,1032,1,1,1,1,0,1,1. Fully covered,1. Fully covered,1. Fully covered,1. Fully covered,4. Not covered - N/A,1. Fully covered
Idleb,Jisr-Ash-Shugur,Darkosh,Othman Bin Affan,"36.130003,36.650884",IS,266,297,256,213,1032,1,1,1,1,0,1,1. Fully covered,1. Fully covered,1. Fully covered,1. Fully covered,4. Not covered - N/A,1. Fully covered
Idleb,Harim,Karama,Qadisiya,"36.265325,36.702794",IS,190,244,201,188,823,1,1,1,1,1,1,1. Fully covered,1. Fully covered,1. Fully covered,1. Fully covered,1. Fully covered,1. Fully covered
Idleb,Harim,Qah,Qah,"36.267011,36.770271",IS,400,450,328,322,1500,1,1,1,1,0,1,1. Fully covered,1. Fully covered,1. Fully covered,1. Fully covered,4. Not covered - N/A,1. Fully covered
Idleb,Harim,Deir Hassan,Qariat Al Iman ,"36.302174,36.730849",IS,169,171,130,4,474,0,1,1,1,0.3,0,4. Not covered - N/A,1. Fully covered,1. Fully covered,1. Fully covered,3. Partially covered,4. Not covered - N/A
Idleb,Harim,Liyajlikum,Qassioun,"36.382726,36.651653",IS,152,188,156,140,636,1,1,1,1,0,1,1. Fully covered,1. Fully covered,1. Fully covered,1. Fully covered,4. Not covered - N/A,1. Fully covered
Idleb,Al Ma'ra,Sanjar,Qatra,"35.659379,36.909826",IS,44,37,44,47,172,0.75,0.25,0.1,0,0.9,1,2. Mostly covered,3. Partially covered,3. Partially covered,4. Not covered - N/A,2. Mostly covered,1. Fully covered
Aleppo,Jebel Saman,Atareb,Ra'a,"36.1682667,36.7076",IS,266,275,184,153,878,0.3,0.7,0.7,0.7,0.45,1,3. Partially covered,2. Mostly covered,2. Mostly covered,2. Mostly covered,3. Partially covered,1. Fully covered
Idleb,Harim,Karama,Rajaa,"36.37274,36.794568",IS,193,214,176,164,747,1,1,1,1,1,1,1. Fully covered,1. Fully covered,1. Fully covered,1. Fully covered,1. Fully covered,1. Fully covered
Idleb,Al Ma'ra,Sanjar,Ramleh,"35.636225,37.170093",IS,104,128,62,55,349,0.4,0.5,0.2,0,0.95,1,3. Partially covered,3. Partially covered,3. Partially covered,4. Not covered - N/A,2. Mostly covered,1. Fully covered
Idleb,Al Ma'ra,Sanjar,Rasm Elabed,"35.542477,36.990267",IS,190,174,146,130,640,0.75,0.75,0.25,0,0.95,1,2. Mostly covered,2. Mostly covered,3. Partially covered,4. Not covered - N/A,2. Mostly covered,1. Fully covered
Hama,Hama,Sanjar,Rasm Hamam,"35.4866921,37.2133571",IS,19,12,10,10,51,0.4,0.25,0.1,0,0.9,1,3. Partially covered,3. Partially covered,3. Partially covered,4. Not covered - N/A,2. Mostly covered,1. Fully covered
Idleb,Harim,Karama,Rawdah,"36.213794,36.660519",IS,137,137,99,98,471,0,1,1,1,1,1,4. Not covered - N/A,1. Fully covered,1. Fully covered,1. Fully covered,1. Fully covered,1. Fully covered
Idleb,Al Ma'ra,Sanjar,Re'a Alhawa,"35.55888783,37.0141243481445",IS,143,147,109,98,497,0.5,0.25,0.1,0,0.9,1,3. Partially covered,3. Partially covered,3. Partially covered,4. Not covered - N/A,2. Mostly covered,1. Fully covered
Idleb,Harim,Deir Hassan,Reef Aleppo,"36.1407745350001,36.7593336000001",IS,37,51,41,32,161,0.25,1,1,1,0.25,0,3. Partially covered,1. Fully covered,1. Fully covered,1. Fully covered,3. Partially covered,4. Not covered - N/A
Idleb,Harim,Karama,Reef Hama Mankouba,"36.220651,36.671864",IS,225,216,168,168,777,1,1,1,1,1,0,1. Fully covered,1. Fully covered,1. Fully covered,1. Fully covered,1. Fully covered,4. Not covered - N/A
Aleppo,Afrin,Afrin,Roubar Camp,"36.4116661,37.0203094",IS,632,597,501,379,2109,0.9,0.8,0.8,0.9,0.5,0.4,2. Mostly covered,2. Mostly covered,2. Mostly covered,2. Mostly covered,3. Partially covered,3. Partially covered
Idleb,Al Ma'ra,Sanjar,Sahal,"35.5201342643911,36.8910701242293",IS,105,91,60,53,309,1,0.5,0.1,0,0.4,0.75,1. Fully covered,3. Partially covered,3. Partially covered,4. Not covered - N/A,3. Partially covered,2. Mostly covered
Idleb,Harim,Qah,Sahl Al Ghab Alawal,"36.230779,36.689679",IS,127,113,106,94,440,1,1,1,1,0,1,1. Fully covered,1. Fully covered,1. Fully covered,1. Fully covered,4. Not covered - N/A,1. Fully covered
Idleb,Jisr-Ash-Shugur,Kherbet Eljoz,Salah Alden (Kherbet Eljoz),"35.948245,36.215875",IS,704,725,1141,1042,3612,1,1,1,1,1,0,1. Fully covered,1. Fully covered,1. Fully covered,1. Fully covered,1. Fully covered,4. Not covered - N/A
Idleb,Harim,Karama,Salah Eldin (including Al Islah),"36.301913,36.689354",IS,503,568,596,494,2161,1,1,1,1,1,1,1. Fully covered,1. Fully covered,1. Fully covered,1. Fully covered,1. Fully covered,1. Fully covered
Idleb,Harim,Big Hir Jamus,Samidoon,"36.09928,36.39674",PC,587,833,436,448,2304,0.75,0.9,0.93,1,0.72,1,2. Mostly covered,2. Mostly covered,2. Mostly covered,1. Fully covered,2. Mostly covered,1. Fully covered
Idleb,Harim,Qah,Sarkhat Tifl,"36.389192732,36.656234884",IS,91,119,71,137,418,0,1,1,1,0,1,4. Not covered - N/A,1. Fully covered,1. Fully covered,1. Fully covered,4. Not covered - N/A,1. Fully covered
Ar Raqqa,Ath-Thawrah,Sasafa,Sasafa,"35.8496621790001,38.6637739500001",IS,0,0,0,0,18,1,0,0,0,0,0,1. Fully covered,4. Not covered - N/A,4. Not covered - N/A,4. Not covered - N/A,4. Not covered - N/A,4. Not covered - N/A
Idleb,Al Ma'ra,Sanjar,Sawame',"35.5907112,36.8634146",IS,106,96,64,59,325,0.9,0.25,0.25,0,0.2,1,2. Mostly covered,3. Partially covered,3. Partially covered,4. Not covered - N/A,3. Partially covered,1. Fully covered
Idleb,Harim,Karama,Sedik (Extension of Al Aqsa),"36.304402,36.703858",IS,54,54,47,45,200,1,1,1,1,1,1,1. Fully covered,1. Fully covered,1. Fully covered,1. Fully covered,1. Fully covered,1. Fully covered
Idleb,Harim,Bab Al Hawa,Shahba'1 (Bab Al Hawa Lower/1),"36.205383,36.79514",IS,555,550,359,248,1712,1,1,1,1,1,1,1. Fully covered,1. Fully covered,1. Fully covered,1. Fully covered,1. Fully covered,1. Fully covered
Idleb,Harim,Bab Al Hawa,Shahba'2,"36.21557,36.65747",IS,76,119,115,109,419,0,1,1,1,1,1,4. Not covered - N/A,1. Fully covered,1. Fully covered,1. Fully covered,1. Fully covered,1. Fully covered
Idleb,Harim,Karama,Shaheid Saleh,"36.197918,36.657363",IS,248,242,156,153,799,1,1,1,1,1,1,1. Fully covered,1. Fully covered,1. Fully covered,1. Fully covered,1. Fully covered,1. Fully covered
Aleppo,A'zaz,Azaz,"Shamarin (Dhahiat Al-Shuhada, Qatari)","36.644082,37.05867",IS,1830,1333,992,1012,5167,0.8,1,1,1,1,0,2. Mostly covered,1. Fully covered,1. Fully covered,1. Fully covered,1. Fully covered,4. Not covered - N/A
Idleb,Harim,Karama,Shams Al Hurriya,"36.383734,36.756267",IS,275,233,274,284,1066,1,1,1,1,1,1,1. Fully covered,1. Fully covered,1. Fully covered,1. Fully covered,1. Fully covered,1. Fully covered
Idleb,Harim,Salam,Shams Al Izza,"36.293118,36.797325",IS,90,86,53,50,279,1,1,1,1,1,1,1. Fully covered,1. Fully covered,1. Fully covered,1. Fully covered,1. Fully covered,1. Fully covered
Idleb,Harim,Salam,Shuhada Kafr Nabutha,"36.259522732,36.740074884",IS,252,243,217,189,902,1,1,1,1,0,1,1. Fully covered,1. Fully covered,1. Fully covered,1. Fully covered,4. Not covered - N/A,1. Fully covered
Idleb,Harim,Karama,Shuhada Sahl Al Gab,"36.2898805710001,36.739075776",IS,180,186,152,136,654,0,1,1,1,0,0,4. Not covered - N/A,1. Fully covered,1. Fully covered,1. Fully covered,4. Not covered - N/A,4. Not covered - N/A
Idleb,Harim,Qah,Shuhadaa Abdeen,"36.275223,36.684534",IS,197,179,165,169,710,1,1,1,1,0,1,1. Fully covered,1. Fully covered,1. Fully covered,1. Fully covered,4. Not covered - N/A,1. Fully covered
Idleb,Harim,Karama,Sons of Homs (Abna Homs),"36.213407,36.588103",IS,208,209,191,190,798,0.9,1,1,1,1,1,2. Mostly covered,1. Fully covered,1. Fully covered,1. Fully covered,1. Fully covered,1. Fully covered
Idleb,Harim,Deir Hassan,Sons of Mehin,"36.249493,36.760724",IS,593,690,755,645,2683,1,1,1,1,1,1,1. Fully covered,1. Fully covered,1. Fully covered,1. Fully covered,1. Fully covered,1. Fully covered
Aleppo,A'zaz,Azaz,Sujjo,"36.644667,37.138829",IS,3078,3192,2622,2508,11400,0,1,1,1,1,1,4. Not covered - N/A,1. Fully covered,1. Fully covered,1. Fully covered,1. Fully covered,1. Fully covered
Idleb,Harim,Karama,Tabarak Al Rahman,"36.199589,36.674638",IS,181,168,203,162,714,1,1,1,1,0,1,1. Fully covered,1. Fully covered,1. Fully covered,1. Fully covered,4. Not covered - N/A,1. Fully covered
Idleb,Harim,Bab Al Hawa,Taiba City,"36.214942,36.594669",IS,437,670,429,257,1793,0,1,1,1,0,1,4. Not covered - N/A,1. Fully covered,1. Fully covered,1. Fully covered,4. Not covered - N/A,1. Fully covered
Idleb,Harim,Karama,Taibah,"36.223182,36.684667",IS,255,229,263,241,988,1,1,1,1,1,1,1. Fully covered,1. Fully covered,1. Fully covered,1. Fully covered,1. Fully covered,1. Fully covered
Idleb,Harim,Karama,Tajammu,"36.229638,36.646429",IS,41,40,32,31,144,0,1,1,1,0,0,4. Not covered - N/A,1. Fully covered,1. Fully covered,1. Fully covered,4. Not covered - N/A,4. Not covered - N/A
Idleb,Harim,Deir Hassan,Tal Al Karama,"36.1943745350001,36.7625536000001",IS,154,177,110,96,537,0.35,1,1,1,0.35,0,3. Partially covered,1. Fully covered,1. Fully covered,1. Fully covered,3. Partially covered,4. Not covered - N/A
Idleb,Al Ma'ra,Sanjar,Tal Halawa,"35.43165578,37.19855126",IS,315,338,252,239,1144,0.4,0.25,0.1,0,0.9,1,3. Partially covered,3. Partially covered,3. Partially covered,4. Not covered - N/A,2. Mostly covered,1. Fully covered
Idleb,Al Ma'ra,Sanjar,Tal Shih,"35.5967888426678,36.7213725345937",IS,181,167,120,109,577,1,0.5,0.25,0,0.5,0.75,1. Fully covered,3. Partially covered,3. Partially covered,4. Not covered - N/A,3. Partially covered,2. Mostly covered
Aleppo,A'zaz,Azaz,Talil Elsham school,"36.6496559,37.160633",IS,468,430,395,323,1616,0,1,1,1,1,1,4. Not covered - N/A,1. Fully covered,1. Fully covered,1. Fully covered,1. Fully covered,1. Fully covered
Aleppo,A'zaz,Azaz,Talil Elsham Southern,"36.661277,37.131465",IS,312,287,264,216,1079,0,1,1,1,1,1,4. Not covered - N/A,1. Fully covered,1. Fully covered,1. Fully covered,1. Fully covered,1. Fully covered
Idleb,Al Ma'ra,Sanjar,Tellemara,"35.505318,37.137567",IS,62,77,63,46,248,0.5,0.25,0.1,0,0.9,1,3. Partially covered,3. Partially covered,3. Partially covered,4. Not covered - N/A,2. Mostly covered,1. Fully covered
Idleb,Harim,Bab Al Hawa,Termanin,"36.2814669150001,36.7576635140001",IS,26,31,36,31,124,1,1,1,1,0,1,1. Fully covered,1. Fully covered,1. Fully covered,1. Fully covered,4. Not covered - N/A,1. Fully covered
Idleb,Harim,Liyajlikum,Toyor Al Janna (Heaven Bird's),"36.196777,36.693369",IS,178,177,154,160,669,1,1,1,1,1,1,1. Fully covered,1. Fully covered,1. Fully covered,1. Fully covered,1. Fully covered,1. Fully covered
Idleb,Al Ma'ra,Sanjar,Upper Maksar,"36.292303,36.705713",IS,82,63,51,44,240,0.75,0.5,0.25,0,0.95,1,2. Mostly covered,3. Partially covered,3. Partially covered,4. Not covered - N/A,2. Mostly covered,1. Fully covered
Idleb,Harim,Karama,Watasimu (including Tadamun and Sahl Al Ghab),"36.230016,36.719579",IS,727,714,819,675,2935,1,1,1,1,1,1,1. Fully covered,1. Fully covered,1. Fully covered,1. Fully covered,1. Fully covered,1. Fully covered
Idleb,Al Ma'ra,Sanjar,Western Ejaz,"35.651206,36.870174",IS,87,99,111,94,391,0.75,0.75,0.25,0,0.85,1,2. Mostly covered,2. Mostly covered,3. Partially covered,4. Not covered - N/A,2. Mostly covered,1. Fully covered
Idleb,Harim,Karama,Yasmeen Al Sham,"36.2767,36.692648",IS,360,357,211,214,1142,1,1,1,1,1,1,1. Fully covered,1. Fully covered,1. Fully covered,1. Fully covered,1. Fully covered,1. Fully covered
Aleppo,A'zaz,Azaz,Yazibag,"36.563278,37.081323",IS,1800,1862,1522,1368,6552,0,1,0,0.25,0,0,4. Not covered - N/A,1. Fully covered,4. Not covered - N/A,3. Partially covered,4. Not covered - N/A,4. Not covered - N/A
Idleb,Harim,Salam,Zahrat Al Jolan,"36.359462732,36.697634884",IS,158,152,135,118,563,1,1,1,1,0,1,1. Fully covered,1. Fully covered,1. Fully covered,1. Fully covered,4. Not covered - N/A,1. Fully covered
Idleb,Harim,Karama,Zahret Al Madaen,"36.273877,36.736483",IS,260,257,146,147,810,1,1,1,1,1,1,1. Fully covered,1. Fully covered,1. Fully covered,1. Fully covered,1. Fully covered,1. Fully covered
Idleb,Harim,Deir Hassan,Zamzam,"36.199996,36.706463",IS,139,105,95,3,342,0.3,1,1,1,0.3,0,3. Partially covered,1. Fully covered,1. Fully covered,1. Fully covered,3. Partially covered,4. Not covered - N/A
Idleb,Harim,Harim,Al Azraq,"36.212593731, 36.520745569",IS,109,106,64,63,342,0,1,1,1,0,1,4. Not covered - N/A,1. Fully covered,1. Fully covered,1. Fully covered,4. Not covered - N/A,1. Fully covered
Idleb,Harim,Harim,Dalama,"36.213593731, 36.521745569",IS,35,50,32,33,150,0,1,1,1,0,1,4. Not covered - N/A,1. Fully covered,1. Fully covered,1. Fully covered,4. Not covered - N/A,1. Fully covered
Idleb,Jisr-Ash-Shugur,Jisr-Ash-Shugur,Sadaka Tashi,"35.9416125860001, 36.2343487320001",PC,284,277,265,302,1128,0.75,1,1,1,1,1,2. Mostly covered,1. Fully covered,1. Fully covered,1. Fully covered,1. Fully covered,1. Fully covered
Idleb,Harim,Salam,Zahrat Al Khalij Al Arabi,"36.296272732,36.725164884",IS,0,0,0,0,695,0,1,1,1,0,1,4. Not covered - N/A,1. Fully covered,1. Fully covered,1. Fully covered,4. Not covered - N/A,1. Fully covered
