PCODE,governorate,district,cluster,camp_name,geo,TypeSite,girls,boys,women,men,individual,Shelter,NFI,Water,Sanitation,Waste Removal,Food,shelter_cat,NFI_cat,water_cat,sanitation_cat,waste_cat,Food_cat
CP000526,Idleb,Jisr-Ash-Shugur,Obein,Mukhayyam Al Hanboushieh,"35.836441,36.190559",IS,382,350,374,344,1450,1,0,0,0,0,0,1. Fully covered,4. Not covered - N/A,4. Not covered - N/A,4. Not covered - N/A,4. Not covered - N/A,4. Not covered - N/A
CP000525,Idleb,Al Ma'ra,,Al - Sarman camp,"35.600726,36.863038",IS,506,490,291,255,1542,0,0,1,0,0,1,4. Not covered - N/A,4. Not covered - N/A,1. Fully covered,4. Not covered - N/A,4. Not covered - N/A,1. Fully covered
CP000522,Idleb,Jisr-Ash-Shugur,Obein,Mukhayyam bidama 1,"35.868754,36.183437",IS,245,298,275,275,1093,1,0,0,0,0,0,1. Fully covered,4. Not covered - N/A,4. Not covered - N/A,4. Not covered - N/A,4. Not covered - N/A,4. Not covered - N/A
CP000519,Idleb,Harim,Sarmada,Al Nashmi,"36.15873056,36.78331444",IS,104,145,138,118,505,0,1,1,1,1,0,4. Not covered - N/A,1. Fully covered,1. Fully covered,1. Fully covered,1. Fully covered,4. Not covered - N/A
CP000518,Idleb,Harim,Sarmada,Al Salam,"36.17390056,36.77716444",IS,394,524,330,299,1613,0,1,1,1,1,0,4. Not covered - N/A,1. Fully covered,1. Fully covered,1. Fully covered,1. Fully covered,4. Not covered - N/A
CP000517,Idleb,Harim,Sarmada,Kafr Karmin,"36.15622611,36.77603444",IS,0,0,0,0,607,0,1,1,1,1,0,4. Not covered - N/A,1. Fully covered,1. Fully covered,1. Fully covered,1. Fully covered,4. Not covered - N/A
CP000516,Idleb,Harim,Sarmada,Al Shaykh Bry,"36.183075,36.73027278",IS,128,169,102,92,491,0,1,1,1,1,0,4. Not covered - N/A,1. Fully covered,1. Fully covered,1. Fully covered,1. Fully covered,4. Not covered - N/A
CP000515,Idleb,Harim,Sarmada,Terminine,"36.22855278,36.81431056",IS,22,40,22,20,104,0,1,1,1,1,0,4. Not covered - N/A,1. Fully covered,1. Fully covered,1. Fully covered,1. Fully covered,4. Not covered - N/A
CP000514,Idleb,Harim,Sarmada,Al Jabal,"36.191835,36.697625",IS,0,0,0,0,509,0,1,1,1,1,0,4. Not covered - N/A,1. Fully covered,1. Fully covered,1. Fully covered,1. Fully covered,4. Not covered - N/A
CP000513,Idleb,Idleb,,Sham,"36.10105333,36.68621556",IS,0,0,0,0,344,1,1,1,1,1,1,1. Fully covered,1. Fully covered,1. Fully covered,1. Fully covered,1. Fully covered,1. Fully covered
CP000512,Idleb,Harim,Sarmada,Al Mahaba,"36.246372,36.69924",IS,0,0,0,0,359,0,1,1,1,1,0,4. Not covered - N/A,1. Fully covered,1. Fully covered,1. Fully covered,1. Fully covered,4. Not covered - N/A
CP000511,Idleb,Harim,Sarmada,Al Nasr,"36.243783,36.712795",IS,70,109,98,97,374,0,1,1,1,1,0,4. Not covered - N/A,1. Fully covered,1. Fully covered,1. Fully covered,1. Fully covered,4. Not covered - N/A
CP000510,Idleb,Harim,Sarmada,Kalibat,"36.23503333,36.71791056",IS,63,68,54,54,239,0,1,1,1,1,0,4. Not covered - N/A,1. Fully covered,1. Fully covered,1. Fully covered,1. Fully covered,4. Not covered - N/A
CP000509,Idleb,Harim,Sarmada,Alghafran,"36.24022667,36.70314778",IS,0,0,0,0,203,0,0,0,0,0,0,4. Not covered - N/A,4. Not covered - N/A,4. Not covered - N/A,4. Not covered - N/A,4. Not covered - N/A,4. Not covered - N/A
CP000508,Idleb,Harim,Salqin,Darbella,"36.11647056,36.38817",IS,142,165,145,135,587,0,1,1,1,1,0,4. Not covered - N/A,1. Fully covered,1. Fully covered,1. Fully covered,1. Fully covered,4. Not covered - N/A
CP000507,Idleb,Harim,Harim,Tajmae Aleiza,"36.19850167,36.47495944",IS,168,175,117,102,562,0,1,1,1,1,0,4. Not covered - N/A,1. Fully covered,1. Fully covered,1. Fully covered,1. Fully covered,4. Not covered - N/A
CP000506,Idleb,Harim,Harim,Kafr El-Gawr,"36.11500333,36.66484",IS,0,0,0,0,0,0,0,0,0,0,0,4. Not covered - N/A,4. Not covered - N/A,4. Not covered - N/A,4. Not covered - N/A,4. Not covered - N/A,4. Not covered - N/A
CP000505,Idleb,Jisr-Ash-Shugur,Obein,Alziyara,"35.867325,36.179359",PC,331,346,361,343,1381,1,0,0,0,0,0,1. Fully covered,4. Not covered - N/A,4. Not covered - N/A,4. Not covered - N/A,4. Not covered - N/A,4. Not covered - N/A
CP000504,Idleb,Harim,Dana,Nahno Omaa,"36.247874,36.717184",IS,0,0,0,0,0,0,0,0,0,0,0,4. Not covered - N/A,4. Not covered - N/A,4. Not covered - N/A,4. Not covered - N/A,4. Not covered - N/A,4. Not covered - N/A
CP000503,Idleb,Harim,Bab Al Hawa,Kafr Lusin,"36.251297,36.726939",IS,1080,1020,480,480,3000,0,0,0,1,1,0,4. Not covered - N/A,4. Not covered - N/A,4. Not covered - N/A,1. Fully covered,1. Fully covered,4. Not covered - N/A
CP000502,Idleb,Harim,Karama,Algena,"36.30443407.99926,36.65796552.00958",IS,0,0,0,0,0,0,0,0,0,0,0,4. Not covered - N/A,4. Not covered - N/A,4. Not covered - N/A,4. Not covered - N/A,4. Not covered - N/A,4. Not covered - N/A
CP000501,Idleb,Al Ma'ra,Kafr Nobol,Abu Alwaleed,"35.51534769,36.46733311",IS,155,184,127,124,590,1,0,0,0,0,0,1. Fully covered,4. Not covered - N/A,4. Not covered - N/A,4. Not covered - N/A,4. Not covered - N/A,4. Not covered - N/A
CP000500,Idleb,Al Ma'ra,Kafr Nobol,Eastern Marzita Camp,"35.56056351,36.59199269",IS,0,0,0,0,0,0,0,0,0,0,0,4. Not covered - N/A,4. Not covered - N/A,4. Not covered - N/A,4. Not covered - N/A,4. Not covered - N/A,4. Not covered - N/A
CP000499,Aleppo,Jebel Saman,Atareb,Carpet factory ,"36.140446,36.825135",CC,0,0,0,0,0,0,0,0,0,0,0,4. Not covered - N/A,4. Not covered - N/A,4. Not covered - N/A,4. Not covered - N/A,4. Not covered - N/A,4. Not covered - N/A
CP000498,Aleppo,Jebel Saman,Atareb,Industrial Secondary ,"36.129442,36.817777",CC,0,0,0,0,0,0,0,0,0,0,0,4. Not covered - N/A,4. Not covered - N/A,4. Not covered - N/A,4. Not covered - N/A,4. Not covered - N/A,4. Not covered - N/A
CP000496,Idleb,Harim,Termanin,Al Rahma Transit,"36.2290539,36.7964322",CC,23,29,13,10,75,0,1,1,1,1,0,4. Not covered - N/A,1. Fully covered,1. Fully covered,1. Fully covered,1. Fully covered,4. Not covered - N/A
CP000495,Aleppo,A'zaz,Azaz,Elbil 2,"36.596582925,37.1936463880001",PC,571,536,374,363,1883,0,0,0,0,0,0,4. Not covered - N/A,4. Not covered - N/A,4. Not covered - N/A,4. Not covered - N/A,4. Not covered - N/A,4. Not covered - N/A
CP000494,Aleppo,A'zaz,Azaz,Elbil 1,"36.597582925,37.1939463880001",PC,1058,945,725,584,3312,1,1,1,1,1,0.75,1. Fully covered,1. Fully covered,1. Fully covered,1. Fully covered,1. Fully covered,2. Mostly covered
CP000493,Idleb,Harim,Salam,Al Sabah,"36.2603953670001,36.709659742",IS,129,151,60,49,389,0,1,1,1,1,1,4. Not covered - N/A,1. Fully covered,1. Fully covered,1. Fully covered,1. Fully covered,1. Fully covered
CP000492,Aleppo,Jebel Saman,Atareb,Qortoba,"36.130603,36.725415",IS,752.64,725.76,618.24,591.36,2688,0,0,0,0,0,0.18,4. Not covered - N/A,4. Not covered - N/A,4. Not covered - N/A,4. Not covered - N/A,4. Not covered - N/A,3. Partially covered
CP000491,Idleb,Harim,Aqrabat,Khattab,"36.2481733,36.7034467",IS,55,63,71,116,215,0,1,1,1,1,0.26,4. Not covered - N/A,1. Fully covered,1. Fully covered,1. Fully covered,1. Fully covered,3. Partially covered
CP000490,Idleb,Harim,Sarmada,Al Wafa (Sarmada) ,"36.1620678,36.7583856",IS,501.76,483.84,412.16,394.24,1792,0,0,0,0,0,0.2,4. Not covered - N/A,4. Not covered - N/A,4. Not covered - N/A,4. Not covered - N/A,4. Not covered - N/A,3. Partially covered
CP000489,Idleb,Harim,Deir Hassan,Al Jesat,"36.2516889,36.7420722",IS,0,0,0,0,822,0,0,0,0,0,1,4. Not covered - N/A,4. Not covered - N/A,4. Not covered - N/A,4. Not covered - N/A,4. Not covered - N/A,1. Fully covered
CP000488,Idleb,Harim,Salam,Al Shomoukh,"36.286525,36.7317278",IS,394,524,330,299,1547,0,1,1,1,1,1,4. Not covered - N/A,1. Fully covered,1. Fully covered,1. Fully covered,1. Fully covered,1. Fully covered
CP000487,Idleb,Harim,Salam,Al Qala'a,"36.2812844,36.7228928",IS,30,39,17,15,101,0,1,1,1,1,1,4. Not covered - N/A,1. Fully covered,1. Fully covered,1. Fully covered,1. Fully covered,1. Fully covered
CP000486,Idleb,Harim,Salam,Al Badiah (Al Midan Extension) ,"36.2704572,36.7378217",IS,88,106,179,149,522,0,1,1,1,1,1,4. Not covered - N/A,1. Fully covered,1. Fully covered,1. Fully covered,1. Fully covered,1. Fully covered
CP000485,Idleb,Harim,Liyajlikum,Al Sharqia,"36.2906361,36.7133833",IS,224,256,136,116,732,0,1,1,1,1,1,4. Not covered - N/A,1. Fully covered,1. Fully covered,1. Fully covered,1. Fully covered,1. Fully covered
CP000484,Idleb,Harim,Salam,Fatih Halab,"36.2759333,36.7304333",IS,73,62,48,36,219,1,1,1,1,1,0,1. Fully covered,1. Fully covered,1. Fully covered,1. Fully covered,1. Fully covered,4. Not covered - N/A
CP000483,Idleb,Harim,Karama,Al Zahra',"36.2944833,36.6962472",IS,94,151,134,90,469,1,1,1,1,1,0,1. Fully covered,1. Fully covered,1. Fully covered,1. Fully covered,1. Fully covered,4. Not covered - N/A
CP000482,Idleb,Harim,Karama,Al Hidaya Al Namouthajia,"36.287495,36.7101261",IS,242,235,200,205,882,1,1,1,1,1,1,1. Fully covered,1. Fully covered,1. Fully covered,1. Fully covered,1. Fully covered,1. Fully covered
CP000481,Idleb,Jisr-Ash-Shugur,Darkosh,Al Farouk (Darkosh) ,"35.9861167,36.3560722",IS,432,548,440,374,1794,0,1,1,1,1,0,4. Not covered - N/A,1. Fully covered,1. Fully covered,1. Fully covered,1. Fully covered,4. Not covered - N/A
CP000480,Idleb,Jisr-Ash-Shugur,Darkosh,Sheikh Essa,"35.9134611,36.378475",IS,226,279,160,130,795,0,1,1,1,1,0,4. Not covered - N/A,1. Fully covered,1. Fully covered,1. Fully covered,1. Fully covered,4. Not covered - N/A
CP000479,Aleppo,Azaz,Azaz,Al Rahmah (Salama) ,"36.615642,37.078513",IS,1660,1370,1400,1100,5230,0,0,0,0,0,1,4. Not covered - N/A,4. Not covered - N/A,4. Not covered - N/A,4. Not covered - N/A,4. Not covered - N/A,1. Fully covered
CP000478,Aleppo,Azaz,Azaz,Tadamun,"36.577603,37.076292",IS,1050,910,1080,825,3865,0,0,0,0,0,0,4. Not covered - N/A,4. Not covered - N/A,4. Not covered - N/A,4. Not covered - N/A,4. Not covered - N/A,4. Not covered - N/A
CP000477,Aleppo,Azaz,Azaz,Tal Jubeen,"36.664172,37.141923",IS,0,0,0,0,0,0,0,0,0,0,0,4. Not covered - N/A,4. Not covered - N/A,4. Not covered - N/A,4. Not covered - N/A,4. Not covered - N/A,4. Not covered - N/A
CP000476,Idleb,Harim,Deir Hassan,Al Shomaria,"36.259667,36.753",IS,0,0,0,0,288,1,1,1,1,1,0,1. Fully covered,1. Fully covered,1. Fully covered,1. Fully covered,1. Fully covered,4. Not covered - N/A
CP000475,Idleb,Harim,Deir Hassan,Babes,"36.254629,36.756656",IS,0,0,0,0,108,1,1,1,1,1,0,1. Fully covered,1. Fully covered,1. Fully covered,1. Fully covered,1. Fully covered,4. Not covered - N/A
CP000474,Idleb,Harim,Deir Hassan,Halab Alshahba,"36.242779,36.740899",IS,0,0,0,0,330,1,1,1,1,1,1,1. Fully covered,1. Fully covered,1. Fully covered,1. Fully covered,1. Fully covered,1. Fully covered
CP000473,Idleb,Harim,Deir Hassan,Khan Sheikhon,"36.253834,36.737665",IS,0,0,0,0,662,1,1,1,1,1,0,1. Fully covered,1. Fully covered,1. Fully covered,1. Fully covered,1. Fully covered,4. Not covered - N/A
CP000472,Idleb,Harim,Deir Hassan,Nasaem Al Khayr 2,"36.24461954,36.75920708",IS,0,0,0,0,0,0,0,0,0,0,0,4. Not covered - N/A,4. Not covered - N/A,4. Not covered - N/A,4. Not covered - N/A,4. Not covered - N/A,4. Not covered - N/A
CP000471,Idleb,Harim,Deir Hassan,Qyam,"36.23866349,36.73596592",IS,0,0,0,0,186,1,1,1,1,1,0,1. Fully covered,1. Fully covered,1. Fully covered,1. Fully covered,1. Fully covered,4. Not covered - N/A
CP000470,Idleb,Harim,Deir Hassan,Al Iman,"36.254713,36.740189",IS,0,0,0,0,414,1,1,1,1,1,0,1. Fully covered,1. Fully covered,1. Fully covered,1. Fully covered,1. Fully covered,4. Not covered - N/A
CP000469,Idleb,Harim,Deir Hassan,Omar Al Farouk,"36.19478413,36.75172127",IS,0,0,0,0,701,1,1,1,1,1,0,1. Fully covered,1. Fully covered,1. Fully covered,1. Fully covered,1. Fully covered,4. Not covered - N/A
CP000468,Idleb,Harim,Deir Hassan,Defaf Al Furat,"36.202574,36.779048",IS,0,0,0,0,135,0,0,0,0,0,0,4. Not covered - N/A,4. Not covered - N/A,4. Not covered - N/A,4. Not covered - N/A,4. Not covered - N/A,4. Not covered - N/A
CP000467,Idleb,Harim,Karama,Al Ber Wa Al Taqwaa (Karama) ,"36.2948583,36.700025",IS,139,163,53,3,358,1,1,1,1,1,0.9,1. Fully covered,1. Fully covered,1. Fully covered,1. Fully covered,1. Fully covered,2. Mostly covered
CP000466,Idleb,Harim,Deir Hassan,Badelha ,"36.24498,36.74167",IS,0,0,0,0,0,0,0,0,0,0,0,4. Not covered - N/A,4. Not covered - N/A,4. Not covered - N/A,4. Not covered - N/A,4. Not covered - N/A,4. Not covered - N/A
CP000465,Idleb,Harim,Deir Hassan,Ard Al Matar 2,"36.1981294,36.7614922",IS,0,0,0,0,701,0,0,0,0,0,0,4. Not covered - N/A,4. Not covered - N/A,4. Not covered - N/A,4. Not covered - N/A,4. Not covered - N/A,4. Not covered - N/A
CP000464,Idleb,Harim,Deir Hassan,Ard Al Matar,"36.194216,36.746368",IS,0,0,0,0,430,0,0,1,1,1,0,4. Not covered - N/A,4. Not covered - N/A,1. Fully covered,1. Fully covered,1. Fully covered,4. Not covered - N/A
CP000463,Idleb,Harim,Deir Hassan,Kafr Obaid,"36.2409,36.76373",IS,0,0,0,0,659,0,0,1,1,1,0,4. Not covered - N/A,4. Not covered - N/A,1. Fully covered,1. Fully covered,1. Fully covered,4. Not covered - N/A
CP000462,Idleb,Harim,Deir Hassan,Al Gharbal,"36.19449,36.762211",IS,0,0,0,0,255,0.1,0,0,0,0,0,3. Partially covered,4. Not covered - N/A,4. Not covered - N/A,4. Not covered - N/A,4. Not covered - N/A,4. Not covered - N/A
CP000461,Idleb,Harim,Deir Hassan,Sons of Al Jazeera wa Al Furat,"36.202639,36.77759",IS,0,0,0,0,822,0,0,0,0,0,1,4. Not covered - N/A,4. Not covered - N/A,4. Not covered - N/A,4. Not covered - N/A,4. Not covered - N/A,1. Fully covered
CP000460,Idleb,Jisr-Ash-Shugur,Darkosh,Aleppo 2,"36.002633,36.373093",IS,111,114,74,66,365,0,1,1,1,1,0,4. Not covered - N/A,1. Fully covered,1. Fully covered,1. Fully covered,1. Fully covered,4. Not covered - N/A
CP000459,Idleb,Jisr-Ash-Shugur,Darkosh,Aleppo 1,"36.002122,36.372635",IS,169,185,138,122,614,0,1,1,1,1,0,4. Not covered - N/A,1. Fully covered,1. Fully covered,1. Fully covered,1. Fully covered,4. Not covered - N/A
CP000458,Aleppo,Jebel Saman,Atareb,Al Hersh,"36.158978,36.739076",IS,0,0,0,0,0,0,0,0,0,0,0,4. Not covered - N/A,4. Not covered - N/A,4. Not covered - N/A,4. Not covered - N/A,4. Not covered - N/A,4. Not covered - N/A
CP000457,Aleppo,Al Bab,Al Bab,Duyuf Al Sharqia,"36.3829206,37.4973539",IS,514,580,543,643,2280,0,0,0,0,0,1,4. Not covered - N/A,4. Not covered - N/A,4. Not covered - N/A,4. Not covered - N/A,4. Not covered - N/A,1. Fully covered
CP000456,Idleb,Harim,Sarmada,Al Sufara'a,"36.155784,36.741726",IS,30,22,17,0,69,0,1,1,1,1,0.88,4. Not covered - N/A,1. Fully covered,1. Fully covered,1. Fully covered,1. Fully covered,2. Mostly covered
CP000455,Idleb,Harim,Bab Al Hawa,Al Qunetrat,"36.2419906,36.716525",IS,0,0,0,0,581,0,0,0,0,0,0,4. Not covered - N/A,4. Not covered - N/A,4. Not covered - N/A,4. Not covered - N/A,4. Not covered - N/A,4. Not covered - N/A
CP000454,Idleb,Harim,Bab Al Hawa,Al Farja,"36.2398583,36.7186911",IS,0,0,0,0,635,0,0,0,0,0,0,4. Not covered - N/A,4. Not covered - N/A,4. Not covered - N/A,4. Not covered - N/A,4. Not covered - N/A,4. Not covered - N/A
CP000453,Idleb,Harim,Sarmada,Islamuna 2,"36.2089633,36.7280811",IS,201,252,166,133,752,0,1,1,1,1,0.88,4. Not covered - N/A,1. Fully covered,1. Fully covered,1. Fully covered,1. Fully covered,2. Mostly covered
CP000452,Idleb,Harim,Bab Al Hawa,Yalniz Degilsiniz 2,"36.227645,36.7192761",PC,162,159,125,110,556,1,1,0.8,0.7,0.85,0.5,1. Fully covered,1. Fully covered,2. Mostly covered,2. Mostly covered,2. Mostly covered,3. Partially covered
CP000451,Idleb,Harim,Bab Al Hawa,Umut Camp,"36.2244256,36.7090144",PC,1620,1530,720,630,4500,1,1,0.8,1,1,0.5,1. Fully covered,1. Fully covered,2. Mostly covered,1. Fully covered,1. Fully covered,3. Partially covered
CP000450,Idleb,Harim,Harim,Abna'a Al Ezza,"36.223593731,36.511745569",IS,127,122,114,97,460,0.93,0,0,0,0,0,2. Mostly covered,4. Not covered - N/A,4. Not covered - N/A,4. Not covered - N/A,4. Not covered - N/A,4. Not covered - N/A
CP000449,Aleppo,Al Bab,Al Bab,Al Bab Transit/Reception Centre,"36.5422083,37.531125",T/RC,0,0,0,0,0,1,1,1,1,1,1,1. Fully covered,1. Fully covered,1. Fully covered,1. Fully covered,1. Fully covered,1. Fully covered
CP000448,Idleb,Jisr-Ash-Shugur,Darkosh,Al Aman,"35.9793917,36.3418278",IS,101,113,120,113,447,0,1,1,1,1,0,4. Not covered - N/A,1. Fully covered,1. Fully covered,1. Fully covered,1. Fully covered,4. Not covered - N/A
CP000447,Idleb,Jisr-Ash-Shugur,Darkosh,Aleppo 3,"36.0055972,36.3731389",IS,153,198,155,136,642,0,1,1,1,1,0,4. Not covered - N/A,1. Fully covered,1. Fully covered,1. Fully covered,1. Fully covered,4. Not covered - N/A
CP000446,Idleb,Harim,Harim,Al Aman,"36.2172267,36.5525022",IS,54,57,53,45,209,0.94,1,1,1,1,0,2. Mostly covered,1. Fully covered,1. Fully covered,1. Fully covered,1. Fully covered,4. Not covered - N/A
CP000445,Idleb,Harim,Sarmada,Ghetaa Al Rahma2 (Al Kamouneh),"36.1615556,36.7487528",IS,241,235,194,180,850,0.99,0,0,0,0,0,2. Mostly covered,4. Not covered - N/A,4. Not covered - N/A,4. Not covered - N/A,4. Not covered - N/A,4. Not covered - N/A
CP000444,Idleb,Harim,Deir Hassan,Al Hader,"36.2779961,36.7462778",IS,0,0,0,0,150,0,0,1,1,1,0,4. Not covered - N/A,4. Not covered - N/A,1. Fully covered,1. Fully covered,1. Fully covered,4. Not covered - N/A
CP000443,Idleb,Harim,Deir Hassan,Al Hadaba Al Khadra,"36.2695606,36.768565",IS,0,0,0,0,1335,1,1,1,1,1,0,1. Fully covered,1. Fully covered,1. Fully covered,1. Fully covered,1. Fully covered,4. Not covered - N/A
CP000442,Idleb,Harim,Deir Hassan,Al Seraj,"36.2368778,36.7848356",IS,0,0,0,0,299,0,0,1,1,1,1,4. Not covered - N/A,4. Not covered - N/A,1. Fully covered,1. Fully covered,1. Fully covered,1. Fully covered
CP000441,Idleb,Harim,Deir Hassan,Al Bo Fares,"36.2438617,36.7901739",IS,0,0,0,0,200,1,1,1,1,1,1,1. Fully covered,1. Fully covered,1. Fully covered,1. Fully covered,1. Fully covered,1. Fully covered
CP000440,Idleb,Harim,Deir Hassan,Nour Al Kheir,"36.2401517,36.7609806",IS,0,0,0,0,736,1,1,1,1,1,0,1. Fully covered,1. Fully covered,1. Fully covered,1. Fully covered,1. Fully covered,4. Not covered - N/A
CP000439,Idleb,Harim,Deir Hassan,Morek,"36.2478967,36.7435328",IS,0,0,0,0,4175,1,1,1,1,1,0,1. Fully covered,1. Fully covered,1. Fully covered,1. Fully covered,1. Fully covered,4. Not covered - N/A
CP000438,Idleb,Harim,Deir Hassan,Lastom Wahdakom,"36.2482611,36.7310556",IS,167,176,102,85,530,1,1,1,1,1,0,1. Fully covered,1. Fully covered,1. Fully covered,1. Fully covered,1. Fully covered,4. Not covered - N/A
CP000437,Idleb,Harim,Deir Hassan,Al Nour,"36.2523694,36.7426917",IS,0,0,0,0,378,1,1,1,1,1,0.26,1. Fully covered,1. Fully covered,1. Fully covered,1. Fully covered,1. Fully covered,3. Partially covered
CP000436,Idleb,Harim,Deir Hassan,Al Mazalem,"36.2526556,36.744375",IS,0,0,0,0,158,1,0,1,1,1,0,1. Fully covered,4. Not covered - N/A,1. Fully covered,1. Fully covered,1. Fully covered,4. Not covered - N/A
CP000435,Idleb,Harim,Deir Hassan,Al Mansour,"36.2299522,36.7416211",IS,0,0,0,0,1564,1,1,1,1,1,0,1. Fully covered,1. Fully covered,1. Fully covered,1. Fully covered,1. Fully covered,4. Not covered - N/A
CP000434,Idleb,Harim,Bab Al Hawa,Al Bardakli,"36.2151972,36.7252778",IS,130,116,65,75,386,0.05,0,0,0,1,0,3. Partially covered,4. Not covered - N/A,4. Not covered - N/A,4. Not covered - N/A,1. Fully covered,4. Not covered - N/A
CP000433,Aleppo,A'zaz,Azaz,Al Helal,"36.6355211,37.1083783",IS,55,63,71,116,215,0,0,0,0,0,0,4. Not covered - N/A,4. Not covered - N/A,4. Not covered - N/A,4. Not covered - N/A,4. Not covered - N/A,4. Not covered - N/A
CP000432,Idleb,Jisr-Ash-Shugur,Darkosh,Al Wafa,"35.9629347,36.3367628",IS,0,0,0,0,285,0.64,0.25,0,0,0.35,0.4,2. Mostly covered,3. Partially covered,4. Not covered - N/A,4. Not covered - N/A,3. Partially covered,3. Partially covered
CP000431,Idleb,Al Ma'ra,Maarrat An Numan,Al Wafa,"35.6661576070001,36.7263378150001",IS,126,121,133,103,483,0,0,0,0,0.2,0.63,4. Not covered - N/A,4. Not covered - N/A,4. Not covered - N/A,4. Not covered - N/A,3. Partially covered,2. Mostly covered
CP000424,Idleb,Jisr-Ash-Shugur,Darkosh,Al Bonyan,"35.9926528,36.3115389",IS,111,115,99,88,413,0,1,1,1,1,0,4. Not covered - N/A,1. Fully covered,1. Fully covered,1. Fully covered,1. Fully covered,4. Not covered - N/A
CP000423,Idleb,Harim,Salam,Mareiwdah,"36.2955667,36.7353722",IS,93,104,71,58,326,1,1,1,1,1,0,1. Fully covered,1. Fully covered,1. Fully covered,1. Fully covered,1. Fully covered,4. Not covered - N/A
CP000422,Idleb,Harim,Qah,Shuhada Khan Sheikhon,"36.2944889,36.711825",IS,169,214,304,298,985,1,1,1,1,1,1,1. Fully covered,1. Fully covered,1. Fully covered,1. Fully covered,1. Fully covered,1. Fully covered
CP000421,Idleb,Harim,Qah,Al Rayan,"36.2931806,36.7058917",IS,90,96,109,98,393,1,1,1,1,1,1,1. Fully covered,1. Fully covered,1. Fully covered,1. Fully covered,1. Fully covered,1. Fully covered
CP000420,Idleb,Harim,Karama,Khan Sheikhon Al Kemawi,"36.2862961,36.695995",IS,69,93,55,46,263,1,1,1,1,1,1,1. Fully covered,1. Fully covered,1. Fully covered,1. Fully covered,1. Fully covered,1. Fully covered
CP000419,Aleppo,Jebel Saman,Atareb,Mezanaz Transit/Reception Centre,"36.058577,36.860305",T/RC,144,164,116,109,533,1,1,1,1,1,0.75,1. Fully covered,1. Fully covered,1. Fully covered,1. Fully covered,1. Fully covered,2. Mostly covered
CP000418,Idleb,Harim,Sarmada,Al Rahman,"36.199207,36.679827",IS,90,96,59,53,298,0,1,1,1,1,0.88,4. Not covered - N/A,1. Fully covered,1. Fully covered,1. Fully covered,1. Fully covered,2. Mostly covered
CP000415,Idleb,Harim,Deir Hassan,Al Ghoraba Homs,"36.238751,36.781131",IS,24,29,21,23,97,1,1,1,1,1,1,1. Fully covered,1. Fully covered,1. Fully covered,1. Fully covered,1. Fully covered,1. Fully covered
CP000414,Idleb,Harim,Harim,Dalama,"36.213593731, 36.521745569",IS,32,40,31,32,135,0,1,1,1,1,0.88,4. Not covered - N/A,1. Fully covered,1. Fully covered,1. Fully covered,1. Fully covered,2. Mostly covered
CP000413,Idleb,Harim,Harim,Al Azraq,"36.212593731, 36.520745569",IS,122,128,101,94,445,0.97,1,1,1,1,0.88,2. Mostly covered,1. Fully covered,1. Fully covered,1. Fully covered,1. Fully covered,2. Mostly covered
CP000412,Idleb,Harim,Salam,Zahrat Al Khalij Al Arabi,"36.281632,36.715487",IS,142,199,163,137,641,0,1,1,1,1,1,4. Not covered - N/A,1. Fully covered,1. Fully covered,1. Fully covered,1. Fully covered,1. Fully covered
CP000411,Idleb,Harim,Deir Hassan,Qariat Al Iman ,"36.302174,36.730849",IS,0,0,0,0,636,1,1,1,1,1,0,1. Fully covered,1. Fully covered,1. Fully covered,1. Fully covered,1. Fully covered,4. Not covered - N/A
CP000410,Idleb,Harim,Deir Hassan,Khan Toman,"36.280068,36.704645",IS,28,35,26,29,118,1,1,1,1,1,0,1. Fully covered,1. Fully covered,1. Fully covered,1. Fully covered,1. Fully covered,4. Not covered - N/A
CP000409,Idleb,Harim,Deir Hassan,Al Naief,"36.296282,36.748782",IS,56,82,52,54,244,1,1,1,1,1,0.26,1. Fully covered,1. Fully covered,1. Fully covered,1. Fully covered,1. Fully covered,3. Partially covered
CP000408,Idleb,Harim,Deir Hassan,Al Ezza,"36.150756,36.833892",IS,998,822,768,837,3425,1,0,0.65,0.65,1,0,1. Fully covered,4. Not covered - N/A,2. Mostly covered,2. Mostly covered,1. Fully covered,4. Not covered - N/A
CP000407,Idleb,Harim,Deir Hassan,Al Bunian Al Kuwaite,"36.251214,36.74944",IS,0,0,0,0,2140,1,0,1,1,1,0.6,1. Fully covered,4. Not covered - N/A,1. Fully covered,1. Fully covered,1. Fully covered,2. Mostly covered
CP000406,Aleppo,Jebel Saman,Atareb,Alabiad (including Allhyba),"36.164894,36.787968",IS,667,738,464,400,2269,1,1,1,0,1,1,1. Fully covered,1. Fully covered,1. Fully covered,4. Not covered - N/A,1. Fully covered,1. Fully covered
CP000405,Idleb,Harim,Sarmada,Al Fateh,"36.251039,36.70816",IS,242,188,136,129,695,0.5,0,0,1,0,0,3. Partially covered,4. Not covered - N/A,4. Not covered - N/A,1. Fully covered,4. Not covered - N/A,4. Not covered - N/A
CP000404,Idleb,Harim,Sarmada,Al Faroq Omar,"36.209293,36.708312",IS,293,279,205,193,970,0.5,0,0,0,0,1,3. Partially covered,4. Not covered - N/A,4. Not covered - N/A,4. Not covered - N/A,4. Not covered - N/A,1. Fully covered
CP000403,Idleb,Harim,Sarmada,Al Faraj (Al Ghab),"36.200495,36.616129",IS,372,359,330,317,1378,0.5,0,0,1,0,1,3. Partially covered,4. Not covered - N/A,4. Not covered - N/A,1. Fully covered,4. Not covered - N/A,1. Fully covered
CP000402,Idleb,Idleb,Maaret Tamsrin,Maaret Elekhwan Transit/Reception Centre,"36.07669,36.692203",T/RC,79,70,66,108,322,1,1,1,1,1,1,1. Fully covered,1. Fully covered,1. Fully covered,1. Fully covered,1. Fully covered,1. Fully covered
CP000390,Idleb,Harim,Harim,Al Madenh Monarh (Harim),"36.198353731,36.498175569",IS,76,80,70,66,292,0.95,1,1,1,1,0.88,2. Mostly covered,1. Fully covered,1. Fully covered,1. Fully covered,1. Fully covered,2. Mostly covered
CP000389,Idleb,Harim,Salam,Al Madiq 2,"36.308975367,36.769929742",IS,0,0,0,0,0,0,0,0,0,0,0,4. Not covered - N/A,4. Not covered - N/A,4. Not covered - N/A,4. Not covered - N/A,4. Not covered - N/A,4. Not covered - N/A
CP000388,Idleb,Harim,Salam,Al Madiq 1,"36.302975367,36.719929742",IS,0,0,0,0,0,0,0,0,0,0,0,4. Not covered - N/A,4. Not covered - N/A,4. Not covered - N/A,4. Not covered - N/A,4. Not covered - N/A,4. Not covered - N/A
CP000387,Idleb,Harim,Salam,Al Awdah,"36.289666,36.731603",IS,47,58,42,36,183,0,1,1,1,1,1,4. Not covered - N/A,1. Fully covered,1. Fully covered,1. Fully covered,1. Fully covered,1. Fully covered
CP000386,Idleb,Harim,Qah,Bab Al Hawa extension (Al Mutahaboun Bellah),"36.289368,36.729199",IS,336,370,314,277,1297,0,1,1,1,1,1,4. Not covered - N/A,1. Fully covered,1. Fully covered,1. Fully covered,1. Fully covered,1. Fully covered
CP000385,Idleb,Harim,Karama,Shuhada Sahl Al Gab,"36.3097705710001,36.689845776",IS,316,284,311,256,1167,1,1,1,1,1,1,1. Fully covered,1. Fully covered,1. Fully covered,1. Fully covered,1. Fully covered,1. Fully covered
CP000384,Idleb,Harim,Karama,Nour Hama,"36.292975,36.704311",IS,48,44,36,37,165,1,1,1,1,1,1,1. Fully covered,1. Fully covered,1. Fully covered,1. Fully covered,1. Fully covered,1. Fully covered
CP000383,Idleb,Harim,Karama,Moatakalen Sahl Al Gab,"36.3097705710001,36.689845776",IS,450,513,291,231,1485,1,1,1,1,1,1,1. Fully covered,1. Fully covered,1. Fully covered,1. Fully covered,1. Fully covered,1. Fully covered
CP000382,Idleb,Harim,Karama,Al Karim Al Awsat,"36.290741,36.700802",IS,144,162,178,151,635,1,1,1,1,1,1,1. Fully covered,1. Fully covered,1. Fully covered,1. Fully covered,1. Fully covered,1. Fully covered
CP000381,Idleb,Harim,Karama,Al Jabal,"36.291006,36.702536",IS,165,184,150,141,640,1,1,1,1,1,1,1. Fully covered,1. Fully covered,1. Fully covered,1. Fully covered,1. Fully covered,1. Fully covered
CP000380,Idleb,Harim,Karama,Al Haneen,"36.292732,36.695491",IS,148,174,113,99,534,1,1,1,1,1,1,1. Fully covered,1. Fully covered,1. Fully covered,1. Fully covered,1. Fully covered,1. Fully covered
CP000379,Idleb,Harim,Karama,Al Ayade Al Baydaa,"36.296602,36.6997",IS,69,113,88,73,343,1,1,1,1,1,1,1. Fully covered,1. Fully covered,1. Fully covered,1. Fully covered,1. Fully covered,1. Fully covered
CP000378,Idleb,Harim,Salqin,Al Fath,"36.1502067,36.4495378",CC,0,0,0,0,0,0,0,0,0,0,0,4. Not covered - N/A,4. Not covered - N/A,4. Not covered - N/A,4. Not covered - N/A,4. Not covered - N/A,4. Not covered - N/A
CP000377,Idleb,Harim,Deir Hassan,Al Foqaraa (The Poor),"36.223600207,36.7063965120001",IS,100,175,92,92,459,0.4,0,1,1,1,1,3. Partially covered,4. Not covered - N/A,1. Fully covered,1. Fully covered,1. Fully covered,1. Fully covered
CP000369,Idleb,Harim,Karama,Act and Impact (Athar),"36.295646,36.705051",PC,302,248,193,184,927,1,1,1,1,0.7,1,1. Fully covered,1. Fully covered,1. Fully covered,1. Fully covered,2. Mostly covered,1. Fully covered
CP000364,Aleppo,A'zaz,Azaz,Azaz Transit/Reception Centre,"36.611164,37.115983",T/RC,196,209,213,278,896,1,1,1,1,1,0.75,1. Fully covered,1. Fully covered,1. Fully covered,1. Fully covered,1. Fully covered,2. Mostly covered
CP000341,Idleb,Jisr-Ash-Shugur,Darkosh,Ali Bin Abi Taleb,"35.993814,36.304855",IS,216,269,228,196,909,1,1,1,1,1,0,1. Fully covered,1. Fully covered,1. Fully covered,1. Fully covered,1. Fully covered,4. Not covered - N/A
CP000340,Idleb,Harim,Deir Hassan,Al Wdhehee,"36.24321604,36.72528357",IS,756,694,690,750,2890,1,1,1,1,1,0,1. Fully covered,1. Fully covered,1. Fully covered,1. Fully covered,1. Fully covered,4. Not covered - N/A
CP000339,Idleb,Harim,Deir Hassan,Tal Al Karama,"36.1943745350001,36.7625536000001",IS,569,549,359,354,1831,1,1,1,1,1,0,1. Fully covered,1. Fully covered,1. Fully covered,1. Fully covered,1. Fully covered,4. Not covered - N/A
CP000338,Idleb,Harim,Deir Hassan,Reef Aleppo,"36.1407745350001,36.7593336000001",IS,37,30,20,23,110,1,1,1,1,1,0.26,1. Fully covered,1. Fully covered,1. Fully covered,1. Fully covered,1. Fully covered,3. Partially covered
CP000337,Idleb,Harim,Deir Hassan,Al Mashhad,"36.1811645350001,36.7420136",IS,94,129,81,88,392,1,1,1,1,1,1,1. Fully covered,1. Fully covered,1. Fully covered,1. Fully covered,1. Fully covered,1. Fully covered
CP000336,Idleb,Harim,Deir Hassan,Ebtieen,"36.1887045350001,36.7421736000001",IS,75,98,78,83,334,1,1,1,1,1,0.26,1. Fully covered,1. Fully covered,1. Fully covered,1. Fully covered,1. Fully covered,3. Partially covered
CP000335,Idleb,Harim,Deir Hassan,Zamzam,"36.199996,36.706463",IS,0,0,0,0,370,1,1,1,1,1,0,1. Fully covered,1. Fully covered,1. Fully covered,1. Fully covered,1. Fully covered,4. Not covered - N/A
CP000334,Idleb,Harim,Deir Hassan,Al Nahda,"36.3177745350001,36.7011336000001",IS,0,0,0,0,3060,1,0,1,1,1,0,1. Fully covered,4. Not covered - N/A,1. Fully covered,1. Fully covered,1. Fully covered,4. Not covered - N/A
CP000333,Idleb,Harim,Deir Hassan,Ahl Al Balad,"36.277729,36.755846",IS,245,246,153,194,838,1,0,1,1,1,0.26,1. Fully covered,4. Not covered - N/A,1. Fully covered,1. Fully covered,1. Fully covered,3. Partially covered
CP000332,Idleb,Jisr-Ash-Shugur,Kherbet Eljoz,Al Fateha,"35.9031040420001,36.1909764500001",IS,234,182,132,125,673,0,1,1,1,1,0.88,4. Not covered - N/A,1. Fully covered,1. Fully covered,1. Fully covered,1. Fully covered,2. Mostly covered
CP000331,Idleb,Jisr-Ash-Shugur,Jisr-Ash-Shugur,Al Kaderiyeh,"35.915600696,36.301948886",IS,36,36,33,24,129,1,0,0,0,0,0,1. Fully covered,4. Not covered - N/A,4. Not covered - N/A,4. Not covered - N/A,4. Not covered - N/A,4. Not covered - N/A
CP000330,Idleb,Jisr-Ash-Shugur,Jisr-Ash-Shugur,Az-Zawf 1 (Sham),"35.9416125860001,36.2343487320001",IS,1048,1231,1234,1106,4619,1,1,1,1,1,0,1. Fully covered,1. Fully covered,1. Fully covered,1. Fully covered,1. Fully covered,4. Not covered - N/A
CP000329,Idleb,Jisr-Ash-Shugur,Darkosh,Othman Bin Affan,"35.9931406440001,36.3097019910001",IS,107,116,103,86,400,1,1,0,0,0,0,1. Fully covered,1. Fully covered,4. Not covered - N/A,4. Not covered - N/A,4. Not covered - N/A,4. Not covered - N/A
CP000328,Idleb,Harim,Deir Hassan,Sons of Mehin (Abna Mehin),"36.251503,36.734224",IS,394,502,264,274,1434,0.5,1,1,1,1,0,3. Partially covered,1. Fully covered,1. Fully covered,1. Fully covered,1. Fully covered,4. Not covered - N/A
CP000327,Idleb,Jisr-Ash-Shugur,Kherbet Eljoz,Omar,"35.9031040420001,36.1909764500001",IS,576,636,603,535,2350,0.7,1,1,1,1,0,2. Mostly covered,1. Fully covered,1. Fully covered,1. Fully covered,1. Fully covered,4. Not covered - N/A
CP000326,Idleb,Jisr-Ash-Shugur,Kherbet Eljoz,Ein Al Bayda,"35.9031040420001,36.1909764500001",IS,1337,1514,1577,1440,5868,1,1,1,1,1,0,1. Fully covered,1. Fully covered,1. Fully covered,1. Fully covered,1. Fully covered,4. Not covered - N/A
CP000325,Idleb,Jisr-Ash-Shugur,Kherbet Eljoz,Ataa Al Kheir,"35.9031040420001,36.1909764500001",IS,766,861,854,771,3252,1,1,1,1,1,0,1. Fully covered,1. Fully covered,1. Fully covered,1. Fully covered,1. Fully covered,4. Not covered - N/A
CP000324,Idleb,Harim,Salam,Zahrat Al Jolan,"36.281355,36.718389",IS,189,185,183,127,684,0,1,1,1,1,1,4. Not covered - N/A,1. Fully covered,1. Fully covered,1. Fully covered,1. Fully covered,1. Fully covered
CP000323,Idleb,Harim,Salam,Shuhada Kafr Nabutha,"36.281405,36.716768",IS,211,207,167,143,728,0,1,1,1,1,1,4. Not covered - N/A,1. Fully covered,1. Fully covered,1. Fully covered,1. Fully covered,1. Fully covered
CP000322,Idleb,Harim,Salam,Muhajreen Al Gab,"36.281743,36.713803",IS,106,140,96,88,430,0,1,1,1,1,1,4. Not covered - N/A,1. Fully covered,1. Fully covered,1. Fully covered,1. Fully covered,1. Fully covered
CP000321,Idleb,Harim,Salam,Kafr Nabutha Alhora,"36.283845,36.727938",IS,223,247,161,117,748,1,1,1,1,1,1,1. Fully covered,1. Fully covered,1. Fully covered,1. Fully covered,1. Fully covered,1. Fully covered
CP000320,Idleb,Harim,Salam,Kafr Nabutha Al Amal,"36.281679,36.713263",IS,85,98,89,85,357,1,1,1,1,1,1,1. Fully covered,1. Fully covered,1. Fully covered,1. Fully covered,1. Fully covered,1. Fully covered
CP000319,Idleb,Harim,Salam,Al Goroub,"36.281667,36.712524",IS,244,287,193,156,880,0,1,1,1,1,1,4. Not covered - N/A,1. Fully covered,1. Fully covered,1. Fully covered,1. Fully covered,1. Fully covered
CP000318,Idleb,Harim,Salam,Abl Baydar,"36.296272732,36.725164884",IS,54,48,49,42,193,0,1,1,1,1,1,4. Not covered - N/A,1. Fully covered,1. Fully covered,1. Fully covered,1. Fully covered,1. Fully covered
CP000317,Idleb,Harim,Qah,Ataa 9b (Nasaem Alkhair),"36.296272732,36.725164884",PC,200,210,123,142,675,1,0,0.7,0.6,0.6,1,1. Fully covered,4. Not covered - N/A,2. Mostly covered,2. Mostly covered,2. Mostly covered,1. Fully covered
CP000316,Idleb,Harim,Qah,Ataa 9a (Hamad Al Ammar 2),"36.296272732,36.725164884",PC,200,210,123,142,675,1,0,0.7,0.6,0.6,1,1. Fully covered,4. Not covered - N/A,2. Mostly covered,2. Mostly covered,2. Mostly covered,1. Fully covered
CP000315,Idleb,Harim,Qah,Ataa 8 (Shabab Al Khayr 2),"36.296272732,36.725164884",PC,417,439,256,298,1410,1,0,0.7,0.6,0.6,1,1. Fully covered,4. Not covered - N/A,2. Mostly covered,2. Mostly covered,2. Mostly covered,1. Fully covered
CP000314,Idleb,Harim,Qah,Ataa 7b (Ataa Almara Alkwaityeh 2),"36.296272732,36.725164884",PC,291,306,179,208,984,1,0,0.7,0.6,0.6,1,1. Fully covered,4. Not covered - N/A,2. Mostly covered,2. Mostly covered,2. Mostly covered,1. Fully covered
CP000313,Idleb,Harim,Qah,Ataa 7a (Ataa Almara Alkwaityeh 1),"36.296272732,36.725164884",PC,246,259,151,175,831,1,0,0.7,0.6,0.6,1,1. Fully covered,4. Not covered - N/A,2. Mostly covered,2. Mostly covered,2. Mostly covered,1. Fully covered
CP000312,Idleb,Harim,Qah,Ataa 4 (Al Reaya Al Islamiya)/ ???? 3 - ??????? ?????????,"36.206072732,36.666284884",PC,220,231,135,157,743,1,0,0.7,0.6,0.6,1,1. Fully covered,4. Not covered - N/A,2. Mostly covered,2. Mostly covered,2. Mostly covered,1. Fully covered
CP000311,Idleb,Harim,Qah,Nasret Al Rasoul,"36.296272732,36.725164884",IS,272,265,240,231,1008,0.5,1,1,1,1,1,3. Partially covered,1. Fully covered,1. Fully covered,1. Fully covered,1. Fully covered,1. Fully covered
CP000310,Idleb,Harim,Qah,Alebaa,"36.293947,36.714017",IS,173,177,174,126,650,0,1,1,1,1,1,4. Not covered - N/A,1. Fully covered,1. Fully covered,1. Fully covered,1. Fully covered,1. Fully covered
CP000309,Idleb,Harim,Qah,Al Radwan,"36.293419,36.704468",IS,51,58,62,43,214,0,1,1,1,1,1,4. Not covered - N/A,1. Fully covered,1. Fully covered,1. Fully covered,1. Fully covered,1. Fully covered
CP000308,Idleb,Harim,Qah,Ahbab Al Rasoul,"36.292609,36.706476",IS,136,131,160,127,554,0,1,1,1,1,1,4. Not covered - N/A,1. Fully covered,1. Fully covered,1. Fully covered,1. Fully covered,1. Fully covered
CP000307,Idleb,Harim,Qah,Afamia,"36.292494,36.711033",IS,218,209,194,186,807,0.5,1,1,1,1,1,3. Partially covered,1. Fully covered,1. Fully covered,1. Fully covered,1. Fully covered,1. Fully covered
CP000306,Idleb,Harim,Liyajlikum,Fateh Aleslam,"36.287649,36.713756",IS,88,94,92,83,357,1,1,1,1,1,1,1. Fully covered,1. Fully covered,1. Fully covered,1. Fully covered,1. Fully covered,1. Fully covered
CP000305,Idleb,Harim,Liyajlikum,Farajak Yarab,"36.288737,36.715412",IS,216,232,162,139,749,1,1,1,1,1,1,1. Fully covered,1. Fully covered,1. Fully covered,1. Fully covered,1. Fully covered,1. Fully covered
CP000304,Idleb,Harim,Liyajlikum,Bara`m Al Thawra,"36.2887,36.714342",IS,251,275,237,183,946,1,1,1,1,1,1,1. Fully covered,1. Fully covered,1. Fully covered,1. Fully covered,1. Fully covered,1. Fully covered
CP000303,Idleb,Harim,Liyajlikum,Al Ikhlas and Al Taqua,"36.286551,36.710572",IS,231,262,248,220,961,1,1,1,1,1,1,1. Fully covered,1. Fully covered,1. Fully covered,1. Fully covered,1. Fully covered,1. Fully covered
CP000302,Idleb,Harim,Liyajlikum,Al Fateh Al Araby,"36.28974,36.711121",IS,232,257,157,137,783,1,1,1,1,1,1,1. Fully covered,1. Fully covered,1. Fully covered,1. Fully covered,1. Fully covered,1. Fully covered
CP000301,Idleb,Harim,Liyajlikum,Ain Jaloot,"36.290756,36.710483",IS,211,208,115,94,628,1,1,1,1,1,1,1. Fully covered,1. Fully covered,1. Fully covered,1. Fully covered,1. Fully covered,1. Fully covered
CP000300,Idleb,Jisr-Ash-Shugur,Jisr-Ash-Shugur,Az-Zawf 2 (Sadaka Tashi),"35.941644,36.198236",PC,319,363,284,223,1189,1,1,1,1,1,0,1. Fully covered,1. Fully covered,1. Fully covered,1. Fully covered,1. Fully covered,4. Not covered - N/A
CP000294,Aleppo,A'zaz,Azaz,Talil Elsham Southern,"36.645237,37.105885",IS,501.76,483.84,412.16,394.24,1792,0,1,1,1,1,0,4. Not covered - N/A,1. Fully covered,1. Fully covered,1. Fully covered,1. Fully covered,4. Not covered - N/A
CP000293,Aleppo,A'zaz,Azaz,Talil Elsham school,"36.650659,37.102803",IS,752.64,725.76,618.24,591.36,2688,0,1,1,1,1,0,4. Not covered - N/A,1. Fully covered,1. Fully covered,1. Fully covered,1. Fully covered,4. Not covered - N/A
CP000292,Aleppo,A'zaz,Azaz,Al Zeytoun (Olive),"36.632937,37.108581",IS,357,334,242,219,1152,1,1,1,1,1,0,1. Fully covered,1. Fully covered,1. Fully covered,1. Fully covered,1. Fully covered,4. Not covered - N/A
CP000291,Aleppo,A'zaz,Azaz,Yazibag,"36.621618,37.072373",IS,0,0,0,0,4167,0,0,1,1,1,0,4. Not covered - N/A,4. Not covered - N/A,1. Fully covered,1. Fully covered,1. Fully covered,4. Not covered - N/A
CP000290,Aleppo,A'zaz,Azaz,Al Rayan,"37.118748,36.654828",IS,1958,1832,1327,1200,6315,1,1,1,1,1,0.1,1. Fully covered,1. Fully covered,1. Fully covered,1. Fully covered,1. Fully covered,3. Partially covered
CP000289,Idleb,Jisr-Ash-Shugur,Jisr-Ash-Shugur,Az-Zawf 3 (Al Ikhaa),"35.95015,36.211705",IS,607,690,681,605,2583,1,1,1,1,1,0,1. Fully covered,1. Fully covered,1. Fully covered,1. Fully covered,1. Fully covered,4. Not covered - N/A
CP000284,Idleb,Harim,Harim,Abna`a Al Ghab,"36.198044,36.476721",IS,92,105,100,102,399,0.97,1,1,1,1,0,2. Mostly covered,1. Fully covered,1. Fully covered,1. Fully covered,1. Fully covered,4. Not covered - N/A
CP000283,Aleppo,Jebel Saman,Atareb,Ra'a,"36.1066667,36.745",IS,297,366,157,134,954,1,1,1,1,1,1,1. Fully covered,1. Fully covered,1. Fully covered,1. Fully covered,1. Fully covered,1. Fully covered
CP000282,Idleb,Harim,Qah,Sarkhat Tifl,"36.292038,36.70126",IS,125,170,93,67,455,1,1,1,1,1,1,1. Fully covered,1. Fully covered,1. Fully covered,1. Fully covered,1. Fully covered,1. Fully covered
CP000281,Idleb,Harim,Big Hir Jamus,Al Taakhi,"36.132144,36.400164",IS,317,301,325,254,1197,1,1,1,1,1,0,1. Fully covered,1. Fully covered,1. Fully covered,1. Fully covered,1. Fully covered,4. Not covered - N/A
CP000280,Idleb,Harim,Big Hir Jamus,Al Safsafa,"36.181181,36.482508",IS,381,445,387,268,1481,1,1,1,1,1,0,1. Fully covered,1. Fully covered,1. Fully covered,1. Fully covered,1. Fully covered,4. Not covered - N/A
CP000279,Idleb,Harim,Sarmada,Al Khirba Al Muhasara,"36.2029169150001,36.6066535140001",IS,0,0,0,0,545,0.5,0,0,1,0,1,3. Partially covered,4. Not covered - N/A,4. Not covered - N/A,1. Fully covered,4. Not covered - N/A,1. Fully covered
CP000278,Aleppo,A'zaz,Azaz,Al Resalah (Al Armuda),"36.661868,37.116302",PC,3251,2777,2977,2683,11688,0.6,0.5,1,0.7,1,0.5,2. Mostly covered,3. Partially covered,1. Fully covered,2. Mostly covered,1. Fully covered,3. Partially covered
CP000277,Idleb,Harim,Deir Hassan,Nour Al Houda,"36.238763,36.749292",IS,149,233,150,170,702,0.99,1,1,1,1,0.26,2. Mostly covered,1. Fully covered,1. Fully covered,1. Fully covered,1. Fully covered,3. Partially covered
CP000276,Idleb,Harim,Deir Hassan,Nasaem Al Khayr,"36.214366,36.774317",IS,0,0,0,0,1727,1,1,1,1,1,1,1. Fully covered,1. Fully covered,1. Fully covered,1. Fully covered,1. Fully covered,1. Fully covered
CP000275,Idleb,Harim,Deir Hassan,Ghetaa Al Rahma 1,"36.165956,36.657787",IS,163,227,165,149,704,1,1,1,1,1,0,1. Fully covered,1. Fully covered,1. Fully covered,1. Fully covered,1. Fully covered,4. Not covered - N/A
CP000274,Idleb,Harim,Deir Hassan,Al Rahmah Lahl Al Gab (Al Qaqaa),"36.209653,36.665601",IS,533,510,573,659,2275,1,1,1,1,1,0,1. Fully covered,1. Fully covered,1. Fully covered,1. Fully covered,1. Fully covered,4. Not covered - N/A
CP000273,Idleb,Harim,Deir Hassan,Abu Obeida Ben Aljaraah,"36.250146,36.699867",IS,168,195,144,158,665,1,0,1,1,1,0.26,1. Fully covered,4. Not covered - N/A,1. Fully covered,1. Fully covered,1. Fully covered,3. Partially covered
CP000272,Idleb,Harim,Karama,Nasret Al Mazloum,"36.295173,36.703636",IS,284,329,204,204,1021,1,1,1,1,1,1,1. Fully covered,1. Fully covered,1. Fully covered,1. Fully covered,1. Fully covered,1. Fully covered
CP000271,Idleb,Harim,Karama,Al Nahda Aleslamia,"36.294128,36.703018",IS,201,231,133,119,684,1,1,1,1,1,1,1. Fully covered,1. Fully covered,1. Fully covered,1. Fully covered,1. Fully covered,1. Fully covered
CP000270,Idleb,Harim,Karama,Aleman Billah,"36.294189,36.703259",IS,221,241,186,138,786,1,1,1,1,1,1,1. Fully covered,1. Fully covered,1. Fully covered,1. Fully covered,1. Fully covered,1. Fully covered
CP000269,Idleb,Harim,Karama,Al Amal Bil Awdah,"36.292533,36.703452",IS,183,217,128,103,631,1,1,1,1,1,1,1. Fully covered,1. Fully covered,1. Fully covered,1. Fully covered,1. Fully covered,1. Fully covered
CP000268,Idleb,Harim,Liyajlikum,Al Shrouk,"36.286922,36.711359",IS,130,158,117,89,494,1,1,1,1,1,1,1. Fully covered,1. Fully covered,1. Fully covered,1. Fully covered,1. Fully covered,1. Fully covered
CP000266,Idleb,Harim,Qah,Kafr Nabutha Alsmoud,"36.267063,36.717228",IS,65,98,55,48,266,0.85,1,1,1,1,1,2. Mostly covered,1. Fully covered,1. Fully covered,1. Fully covered,1. Fully covered,1. Fully covered
CP000265,Idleb,Harim,Salam,Al Ahd Billah,"36.284682,36.728616",IS,217,231,190,163,801,1,1,1,1,1,1,1. Fully covered,1. Fully covered,1. Fully covered,1. Fully covered,1. Fully covered,1. Fully covered
CP000259,Idleb,Jisr-Ash-Shugur,Oben,Al Hanbushiyeh,"35.8609407490001,36.180443843",IS,490,480,615,531,2116,1,1,1,1,1,0,1. Fully covered,1. Fully covered,1. Fully covered,1. Fully covered,1. Fully covered,4. Not covered - N/A
CP000258,Idleb,Harim,Harim,Jabal Harim (Sabiroon),"36.226395,36.539417",IS,170,180,201,207,758,0.98,1,1,1,1,0.88,2. Mostly covered,1. Fully covered,1. Fully covered,1. Fully covered,1. Fully covered,2. Mostly covered
CP000257,Idleb,Harim,Harim,Kafr Hum,"36.1970547990001,36.47936495",IS,0,0,0,0,0,0,0,0,0,0,0,4. Not covered - N/A,4. Not covered - N/A,4. Not covered - N/A,4. Not covered - N/A,4. Not covered - N/A,4. Not covered - N/A
CP000256,Idleb,Harim,Liyajlikum,Al Hurriya wa Adalah,"36.285425,36.710891",IS,265,270,240,205,980,1,1,1,1,1,1,1. Fully covered,1. Fully covered,1. Fully covered,1. Fully covered,1. Fully covered,1. Fully covered
CP000255,Idleb,Harim,Karama,Al Ghab Al Mankoub,"36.292021,36.703479",IS,157,167,121,103,548,1,1,1,1,1,1,1. Fully covered,1. Fully covered,1. Fully covered,1. Fully covered,1. Fully covered,1. Fully covered
CP000238,Idleb,Jisr-Ash-Shugur,Darkosh,Meriamen,"35.9204619340001,36.4157032310001",IS,100,115,70,66,351,1,1,1,1,1,0,1. Fully covered,1. Fully covered,1. Fully covered,1. Fully covered,1. Fully covered,4. Not covered - N/A
CP000210,Idleb,Harim,Harim,Omahat Al Moumenien,"36.214643731,36.498825569",IS,90,85,63,13,251,1,0,0,0,0,0,1. Fully covered,4. Not covered - N/A,4. Not covered - N/A,4. Not covered - N/A,4. Not covered - N/A,4. Not covered - N/A
CP000208,Idleb,Harim,Harim,Alzeraah,"36.2043878,36.5133478",CC,101,86,86,67,340,1,0,0,0,0,0,1. Fully covered,4. Not covered - N/A,4. Not covered - N/A,4. Not covered - N/A,4. Not covered - N/A,4. Not covered - N/A
CP000207,Idleb,Harim,Harim,Alsiasieh,"36.2050456,36.5221478",CC,71,66,28,25,190,1,0,0,0,0,0,1. Fully covered,4. Not covered - N/A,4. Not covered - N/A,4. Not covered - N/A,4. Not covered - N/A,4. Not covered - N/A
CP000202,Idleb,Harim,Harim,Al Kaws school,"36.2108011,36.5144033",CC,51,44,25,20,140,0,0,0,0,0,0,4. Not covered - N/A,4. Not covered - N/A,4. Not covered - N/A,4. Not covered - N/A,4. Not covered - N/A,4. Not covered - N/A
CP000200,Idleb,Harim,Harim,Alhai Aljanouby school,"36.2134711,36.5262233",CC,22,73,30,27,152,1,0,0,0,0,0,1. Fully covered,4. Not covered - N/A,4. Not covered - N/A,4. Not covered - N/A,4. Not covered - N/A,4. Not covered - N/A
CP000198,Idleb,Harim,Sarmada,Khaled Bin Al Waleed,"36.203008,36.710371",IS,0,0,0,0,1432,0,0,0,0,0,1,4. Not covered - N/A,4. Not covered - N/A,4. Not covered - N/A,4. Not covered - N/A,4. Not covered - N/A,1. Fully covered
CP000197,Idleb,Harim,Sarmada,Al Imdad,"36.290864,36.779152",IS,0,0,0,0,0,0,0,0,0,0,0,4. Not covered - N/A,4. Not covered - N/A,4. Not covered - N/A,4. Not covered - N/A,4. Not covered - N/A,4. Not covered - N/A
CP000196,Idleb,Harim,Sarmada,Al Nouri,"36.208377,36.599485",IS,350,335,310,297,1292,0.5,1,1,1,1,0.88,3. Partially covered,1. Fully covered,1. Fully covered,1. Fully covered,1. Fully covered,2. Mostly covered
CP000195,Idleb,Harim,Salam,Shams Al Izza,"36.270788,36.725365",IS,61,73,67,62,263,0,1,1,1,1,1,4. Not covered - N/A,1. Fully covered,1. Fully covered,1. Fully covered,1. Fully covered,1. Fully covered
CP000194,Idleb,Harim,Salam,Dma'aet Nazeh,"36.182492,36.675818",IS,102,111,100,90,403,1,1,1,1,1,1,1. Fully covered,1. Fully covered,1. Fully covered,1. Fully covered,1. Fully covered,1. Fully covered
CP000193,Idleb,Harim,Salam,Dar Al Riaya - Disabled,"36.282335,36.713339",IS,357,383,265,226,1231,0,1,1,1,1,1,4. Not covered - N/A,1. Fully covered,1. Fully covered,1. Fully covered,1. Fully covered,1. Fully covered
CP000191,Idleb,Harim,Salam,Al Salam,"36.277047,36.723946",IS,394,524,330,299,1613,0,1,1,1,1,1,4. Not covered - N/A,1. Fully covered,1. Fully covered,1. Fully covered,1. Fully covered,1. Fully covered
CP000190,Idleb,Harim,Salam,Al Nasser,"36.28331,36.71946",IS,568,603,412,355,1938,1,1,1,1,1,1,1. Fully covered,1. Fully covered,1. Fully covered,1. Fully covered,1. Fully covered,1. Fully covered
CP000189,Idleb,Harim,Salam,Al Midan,"36.263449,36.728872",IS,221,264,198,165,848,0,1,1,1,1,1,4. Not covered - N/A,1. Fully covered,1. Fully covered,1. Fully covered,1. Fully covered,1. Fully covered
CP000188,Idleb,Harim,Salam,Al Khalij,"36.281263,36.7163",IS,106,124,105,72,407,1,1,1,1,1,1,1. Fully covered,1. Fully covered,1. Fully covered,1. Fully covered,1. Fully covered,1. Fully covered
CP000187,Idleb,Harim,Salam,Al Jolan,"36.282224,36.716307",IS,495,577,457,418,1947,1,1,1,1,1,1,1. Fully covered,1. Fully covered,1. Fully covered,1. Fully covered,1. Fully covered,1. Fully covered
CP000186,Idleb,Harim,Salam,Al Forkan,"36.267586,36.721482",IS,226,269,199,153,847,1,1,1,1,1,1,1. Fully covered,1. Fully covered,1. Fully covered,1. Fully covered,1. Fully covered,1. Fully covered
CP000184,Idleb,Harim,Qah,Shuhadaa Abdeen,"36.293603,36.708294",IS,171,163,127,114,575,1,1,1,1,1,1,1. Fully covered,1. Fully covered,1. Fully covered,1. Fully covered,1. Fully covered,1. Fully covered
CP000182,Idleb,Harim,Qah,Ataa 6 (Shabab Al Khayr 3),"36.296272732,36.725164884",PC,377,397,232,269,1275,1,0,0.7,0.6,0.6,1,1. Fully covered,4. Not covered - N/A,2. Mostly covered,2. Mostly covered,2. Mostly covered,1. Fully covered
CP000181,Idleb,Harim,Qah,Ataa 5 (Shabab Al Khayr),"36.291175,36.710045",PC,200,210,123,142,675,1,0,0.7,0.6,0.6,1,1. Fully covered,4. Not covered - N/A,2. Mostly covered,2. Mostly covered,2. Mostly covered,1. Fully covered
CP000180,Idleb,Harim,Qah,Qah,"36.292701,36.727771",IS,400,413,344,298,1455,1,1,1,1,1,1,1. Fully covered,1. Fully covered,1. Fully covered,1. Fully covered,1. Fully covered,1. Fully covered
CP000179,Idleb,Harim,Qah,Madenh Monarh (Hmamiat),"36.291705,36.709411",IS,158,201,155,127,641,1,1,1,1,1,1,1. Fully covered,1. Fully covered,1. Fully covered,1. Fully covered,1. Fully covered,1. Fully covered
CP000178,Idleb,Harim,Qah,Al Intisar,"36.291915,36.708618",IS,111,136,112,101,460,1,1,1,1,1,1,1. Fully covered,1. Fully covered,1. Fully covered,1. Fully covered,1. Fully covered,1. Fully covered
CP000177,Idleb,Harim,Qah,Hibat Allah,"36.293157,36.709057",IS,180,198,155,125,658,1,1,1,1,1,1,1. Fully covered,1. Fully covered,1. Fully covered,1. Fully covered,1. Fully covered,1. Fully covered
CP000176,Idleb,Harim,Qah,Ataa 2 (Hamad Al Ammar 1/Dar Al Riaya - Orphans),"36.293744,36.707386",PC,162,171,100,116,549,1,0,0.7,0.6,0.7,1,1. Fully covered,4. Not covered - N/A,2. Mostly covered,2. Mostly covered,2. Mostly covered,1. Fully covered
CP000175,Idleb,Harim,Qah,Bani Omiyet,"36.2942722,36.708825",IS,56,73,32,27,188,1,1,1,1,1,1,1. Fully covered,1. Fully covered,1. Fully covered,1. Fully covered,1. Fully covered,1. Fully covered
CP000174,Idleb,Harim,Qah,Bab Al Hawa,"36.288925,36.728395",IS,131,147,110,96,484,0,1,1,1,1,1,4. Not covered - N/A,1. Fully covered,1. Fully covered,1. Fully covered,1. Fully covered,1. Fully covered
CP000173,Idleb,Harim,Qah,Al Waleed,"36.29224,36.706758",IS,166,198,202,155,721,1,1,1,1,1,1,1. Fully covered,1. Fully covered,1. Fully covered,1. Fully covered,1. Fully covered,1. Fully covered
CP000172,Idleb,Harim,Qah,Al Tawheed,"36.269712,36.725429",IS,94,104,81,73,352,0,1,1,1,1,1,4. Not covered - N/A,1. Fully covered,1. Fully covered,1. Fully covered,1. Fully covered,1. Fully covered
CP000171,Idleb,Harim,Qah,Al Rahmah,"36.292332,36.707648",IS,188,193,154,129,664,1,1,1,1,1,1,1. Fully covered,1. Fully covered,1. Fully covered,1. Fully covered,1. Fully covered,1. Fully covered
CP000170,Idleb,Harim,Qah,Al Muhajreen,"36.293013,36.705342",IS,130,166,138,105,539,1,1,1,1,1,1,1. Fully covered,1. Fully covered,1. Fully covered,1. Fully covered,1. Fully covered,1. Fully covered
CP000169,Idleb,Harim,Qah,Al Motasem,"36.293121,36.708709",IS,68,77,82,64,291,1,1,1,1,1,1,1. Fully covered,1. Fully covered,1. Fully covered,1. Fully covered,1. Fully covered,1. Fully covered
CP000168,Idleb,Harim,Qah,Al Magad,"36.2837222,36.7201944",IS,171,198,135,89,593,1,1,1,1,1,1,1. Fully covered,1. Fully covered,1. Fully covered,1. Fully covered,1. Fully covered,1. Fully covered
CP000167,Idleb,Harim,Qah,Al Imam,"36.291923,36.711154",IS,178,217,186,186,767,0.5,1,1,1,1,1,3. Partially covered,1. Fully covered,1. Fully covered,1. Fully covered,1. Fully covered,1. Fully covered
CP000166,Idleb,Harim,Qah,Al Bayan,"36.290897,36.7109",IS,217,189,167,4,577,0,1,1,1,1,1,4. Not covered - N/A,1. Fully covered,1. Fully covered,1. Fully covered,1. Fully covered,1. Fully covered
CP000165,Idleb,Harim,Qah,Al Arbaeen,"36.294214,36.7054389",IS,105,109,81,69,364,1,1,1,1,1,1,1. Fully covered,1. Fully covered,1. Fully covered,1. Fully covered,1. Fully covered,1. Fully covered
CP000164,Idleb,Harim,Qah,Abu Bakker Al Sidiq,"36.2938694,36.706925",IS,135,122,110,99,466,1,1,1,1,1,1,1. Fully covered,1. Fully covered,1. Fully covered,1. Fully covered,1. Fully covered,1. Fully covered
CP000162,Idleb,Harim,Liyajlikum,Toyor Al Janna (Heaven Bird's),"36.288697,36.713499",IS,127,206,146,107,586,1,1,1,1,1,1,1. Fully covered,1. Fully covered,1. Fully covered,1. Fully covered,1. Fully covered,1. Fully covered
CP000161,Idleb,Harim,Liyajlikum,Qassioun,"36.290866,36.711833",IS,109,126,107,98,440,1,1,1,1,1,1,1. Fully covered,1. Fully covered,1. Fully covered,1. Fully covered,1. Fully covered,1. Fully covered
CP000160,Idleb,Harim,Liyajlikum,Liyajlikum,"36.287634,36.712251",IS,235,211,206,149,801,1,1,1,1,1,0.9,1. Fully covered,1. Fully covered,1. Fully covered,1. Fully covered,1. Fully covered,2. Mostly covered
CP000159,Idleb,Harim,Liyajlikum,Lan Narka`llla Lilah,"36.288426,36.711408",IS,211,253,191,154,809,1,1,1,1,1,1,1. Fully covered,1. Fully covered,1. Fully covered,1. Fully covered,1. Fully covered,1. Fully covered
CP000158,Idleb,Harim,Liyajlikum,Korayish (Al Khair),"36.290423,36.711953",IS,189,207,159,119,674,1,1,1,1,1,1,1. Fully covered,1. Fully covered,1. Fully covered,1. Fully covered,1. Fully covered,1. Fully covered
CP000157,Idleb,Harim,Liyajlikum,Fardoose,"36.289563,36.712704",IS,171,173,160,168,672,1,1,1,1,1,1,1. Fully covered,1. Fully covered,1. Fully covered,1. Fully covered,1. Fully covered,1. Fully covered
CP000156,Idleb,Harim,Liyajlikum,Children of Freedom Martyrs,"36.286815,36.7121042",IS,95,101,85,72,353,1,1,1,1,1,1,1. Fully covered,1. Fully covered,1. Fully covered,1. Fully covered,1. Fully covered,1. Fully covered
CP000155,Idleb,Harim,Liyajlikum,Al Nawaeer,"36.288269,36.712372",IS,374,418,322,286,1400,1,1,1,1,1,1,1. Fully covered,1. Fully covered,1. Fully covered,1. Fully covered,1. Fully covered,1. Fully covered
CP000154,Idleb,Harim,Liyajlikum,Al Aasy,"36.28841,36.710579",IS,211,226,195,165,797,1,1,1,1,1,1,1. Fully covered,1. Fully covered,1. Fully covered,1. Fully covered,1. Fully covered,1. Fully covered
CP000153,Idleb,Harim,Karama,Zahret Al Madaen,"36.296517,36.699853",IS,222,367,180,143,912,1,1,1,1,1,1,1. Fully covered,1. Fully covered,1. Fully covered,1. Fully covered,1. Fully covered,1. Fully covered
CP000152,Idleb,Harim,Karama,Yasmeen Al Sham,"36.29441,36.703678",IS,491,462,266,256,1475,1,1,1,1,1,1,1. Fully covered,1. Fully covered,1. Fully covered,1. Fully covered,1. Fully covered,1. Fully covered
CP000151,Idleb,Harim,Karama,Watasimu (including Tadamun and Sahl Al Ghab),"36.292456,36.702739",IS,743,902,583,508,2736,1,1,1,1,1,1,1. Fully covered,1. Fully covered,1. Fully covered,1. Fully covered,1. Fully covered,1. Fully covered
CP000150,Idleb,Harim,Karama,Tajammu,"36.294698,36.699769",IS,58,45,0,0,103,1,1,1,1,1,0,1. Fully covered,1. Fully covered,1. Fully covered,1. Fully covered,1. Fully covered,4. Not covered - N/A
CP000149,Idleb,Harim,Karama,Taibah,"36.294992,36.701277",IS,286,310,169,159,924,1,1,1,1,1,1,1. Fully covered,1. Fully covered,1. Fully covered,1. Fully covered,1. Fully covered,1. Fully covered
CP000148,Idleb,Harim,Karama,Tabarak Al Rahman,"36.292469,36.703028",IS,331,384,182,161,1058,1,1,1,1,1,1,1. Fully covered,1. Fully covered,1. Fully covered,1. Fully covered,1. Fully covered,1. Fully covered
CP000146,Idleb,Harim,Karama,Sons of Homs (Abna Homs),"36.213407,36.588103",IS,186,164,140,132,622,1,1,1,1,1,1,1. Fully covered,1. Fully covered,1. Fully covered,1. Fully covered,1. Fully covered,1. Fully covered
CP000145,Idleb,Harim,Karama,Shams Al Hurriya,"36.292194,36.699207",IS,319,328,299,263,1209,1,1,1,1,1,1,1. Fully covered,1. Fully covered,1. Fully covered,1. Fully covered,1. Fully covered,1. Fully covered
CP000144,Idleb,Harim,Karama,Shaheid Saleh,"36.294358,36.695743",IS,403,415,226,169,1213,1,1,1,1,1,1,1. Fully covered,1. Fully covered,1. Fully covered,1. Fully covered,1. Fully covered,1. Fully covered
CP000143,Idleb,Harim,Karama,Sedik (Extension of Al Aqsa),"36.294692,36.699198",IS,61,75,60,56,252,1,1,1,1,1,1,1. Fully covered,1. Fully covered,1. Fully covered,1. Fully covered,1. Fully covered,1. Fully covered
CP000142,Idleb,Harim,Karama,Salah Eldin (including Al Islah),"36.295503,36.696554",IS,798,826,344,260,2228,1,1,1,1,1,1,1. Fully covered,1. Fully covered,1. Fully covered,1. Fully covered,1. Fully covered,1. Fully covered
CP000141,Idleb,Harim,Qah,Sahl Al Ghab Alawal,"36.292179,36.707179",IS,105,109,93,83,390,1,1,1,1,1,1,1. Fully covered,1. Fully covered,1. Fully covered,1. Fully covered,1. Fully covered,1. Fully covered
CP000140,Idleb,Harim,Karama,Rawdah,"36.293944,36.696269",IS,172,196,79,79,526,1,1,1,1,1,1,1. Fully covered,1. Fully covered,1. Fully covered,1. Fully covered,1. Fully covered,1. Fully covered
CP000139,Idleb,Harim,Karama,Rajaa,"36.29523,36.695138",IS,278,315,163,134,890,1,1,1,1,1,1,1. Fully covered,1. Fully covered,1. Fully covered,1. Fully covered,1. Fully covered,1. Fully covered
CP000138,Idleb,Harim,Karama,Qadisiya,"36.265325,36.702794",IS,198,220,174,165,757,1,1,1,1,1,1,1. Fully covered,1. Fully covered,1. Fully covered,1. Fully covered,1. Fully covered,1. Fully covered
CP000137,Idleb,Harim,Karama,Nour Al Sham,"36.294704,36.697609",IS,125,158,93,89,465,1,1,1,1,1,1,1. Fully covered,1. Fully covered,1. Fully covered,1. Fully covered,1. Fully covered,1. Fully covered
CP000136,Idleb,Harim,Karama,Nour Al Mustakbal,"36.295746,36.700252",IS,180,220,160,123,683,1,1,1,1,1,0,1. Fully covered,1. Fully covered,1. Fully covered,1. Fully covered,1. Fully covered,4. Not covered - N/A
CP000135,Idleb,Harim,Karama,Nour Al Mustafa,"36.293135,36.69728",IS,141,126,200,180,647,1,1,1,1,1,0.86,1. Fully covered,1. Fully covered,1. Fully covered,1. Fully covered,1. Fully covered,2. Mostly covered
CP000134,Idleb,Harim,Karama,Kura Mankouba,"36.294807,36.703766",IS,117,126,103,93,439,1,1,1,1,1,1,1. Fully covered,1. Fully covered,1. Fully covered,1. Fully covered,1. Fully covered,1. Fully covered
CP000133,Idleb,Harim,Karama,Harameen,"36.291518,36.69765",IS,241,226,197,176,840,1,1,1,1,1,0,1. Fully covered,1. Fully covered,1. Fully covered,1. Fully covered,1. Fully covered,4. Not covered - N/A
CP000132,Idleb,Harim,Karama,Reef Hama Mankouba,"36.297341,36.700444",IS,170,177,142,139,628,1,1,1,1,1,0.86,1. Fully covered,1. Fully covered,1. Fully covered,1. Fully covered,1. Fully covered,2. Mostly covered
CP000131,Idleb,Harim,Karama,Doaat Al Kwait (Al Khayrat),"36.294352,36.697056",IS,238,223,194,146,801,1,1,1,1,1,1,1. Fully covered,1. Fully covered,1. Fully covered,1. Fully covered,1. Fully covered,1. Fully covered
CP000130,Idleb,Harim,Karama,"Al Resalah (extension of Doaa, Doaa & Saleh)","36.294701,36.698959",IS,161,130,98,72,461,1,1,1,1,1,1,1. Fully covered,1. Fully covered,1. Fully covered,1. Fully covered,1. Fully covered,1. Fully covered
CP000129,Idleb,Harim,Karama,Doaa,"36.292143,36.69866",IS,390,323,258,236,1207,1,1,1,1,1,1,1. Fully covered,1. Fully covered,1. Fully covered,1. Fully covered,1. Fully covered,1. Fully covered
CP000127,Idleb,Harim,Karama,Atfal Alghad,"36.292305,36.696509",IS,203,209,106,107,625,1,1,1,1,1,1,1. Fully covered,1. Fully covered,1. Fully covered,1. Fully covered,1. Fully covered,1. Fully covered
CP000126,Idleb,Harim,Qah,Ataa 3 (Al Ansar),"36.294072,36.712507",PC,200,210,123,142,675,1,0,0.7,0.6,0.7,1,1. Fully covered,4. Not covered - N/A,2. Mostly covered,2. Mostly covered,2. Mostly covered,1. Fully covered
CP000125,Idleb,Harim,Karama,Al Shuhada,"36.294703,36.698522",IS,120,136,126,80,462,1,1,1,1,1,0.88,1. Fully covered,1. Fully covered,1. Fully covered,1. Fully covered,1. Fully covered,2. Mostly covered
CP000124,Idleb,Harim,Karama,Al Safa wa Al Marwa,"36.29211,36.698244",IS,226,288,194,162,870,1,1,1,1,1,1,1. Fully covered,1. Fully covered,1. Fully covered,1. Fully covered,1. Fully covered,1. Fully covered
CP000123,Idleb,Harim,Karama,Al Nour,"36.245673,36.762192",IS,173,254,138,24,589,1,1,1,1,1,1,1. Fully covered,1. Fully covered,1. Fully covered,1. Fully covered,1. Fully covered,1. Fully covered
CP000122,Idleb,Harim,Karama,Al Mustakbal,"36.295789,36.698669",IS,183,244,163,128,718,1,1,1,1,1,1,1. Fully covered,1. Fully covered,1. Fully covered,1. Fully covered,1. Fully covered,1. Fully covered
CP000121,Idleb,Harim,Karama,Al Manara,"36.294705,36.697951",IS,172,213,158,157,700,1,1,1,1,1,1,1. Fully covered,1. Fully covered,1. Fully covered,1. Fully covered,1. Fully covered,1. Fully covered
CP000120,Idleb,Harim,Karama,Al Mahabbah,"36.290635,36.698284",IS,204,313,163,131,811,1,1,1,1,1,1,1. Fully covered,1. Fully covered,1. Fully covered,1. Fully covered,1. Fully covered,1. Fully covered
CP000118,Idleb,Harim,Karama,Al Karama,"36.293252,36.700929",IS,1027,946,696,528,3197,1,1,1,1,1,1,1. Fully covered,1. Fully covered,1. Fully covered,1. Fully covered,1. Fully covered,1. Fully covered
CP000117,Idleb,Harim,Karama,Al Ikhlas,"36.292187,36.695133",IS,165,184,150,141,640,1,1,1,1,1,1,1. Fully covered,1. Fully covered,1. Fully covered,1. Fully covered,1. Fully covered,1. Fully covered
CP000116,Idleb,Harim,Karama,Al Ikhaa,"36.292251,36.700043",IS,534,463,421,326,1744,1,1,1,1,1,1,1. Fully covered,1. Fully covered,1. Fully covered,1. Fully covered,1. Fully covered,1. Fully covered
CP000115,Idleb,Harim,Karama,Al Hijaz,"36.291654,36.70132",IS,120,160,100,80,460,1,1,1,1,1,1,1. Fully covered,1. Fully covered,1. Fully covered,1. Fully covered,1. Fully covered,1. Fully covered
CP000114,Idleb,Harim,Karama,Al Haq,"36.294881,36.702545",IS,83,115,119,104,421,1,1,1,1,1,1,1. Fully covered,1. Fully covered,1. Fully covered,1. Fully covered,1. Fully covered,1. Fully covered
CP000113,Idleb,Jisr-Ash-Shugur,Kherbet Eljoz,Salah Alden (Kherbet Eljoz),"35.9031040420001,36.1909764500001",IS,856,1011,957,844,3668,1,1,1,1,1,0,1. Fully covered,1. Fully covered,1. Fully covered,1. Fully covered,1. Fully covered,4. Not covered - N/A
CP000112,Idleb,Harim,Karama,Al Farouk,"36.294694,36.699452",IS,232,295,178,143,848,1,1,1,1,1,0.9,1. Fully covered,1. Fully covered,1. Fully covered,1. Fully covered,1. Fully covered,2. Mostly covered
CP000111,Idleb,Harim,Karama,Al Faraj,"36.294924,36.700434",IS,251,238,174,134,797,1,1,1,1,1,0.9,1. Fully covered,1. Fully covered,1. Fully covered,1. Fully covered,1. Fully covered,2. Mostly covered
CP000110,Idleb,Harim,Karama,Al Fadal,"36.294697,36.698204",IS,102,93,115,115,425,1,1,1,1,1,1,1. Fully covered,1. Fully covered,1. Fully covered,1. Fully covered,1. Fully covered,1. Fully covered
CP000109,Idleb,Harim,Karama,Al Ataa,"36.292225,36.699633",IS,282,341,204,194,1021,1,1,1,1,1,1,1. Fully covered,1. Fully covered,1. Fully covered,1. Fully covered,1. Fully covered,1. Fully covered
CP000108,Idleb,Harim,Karama,Al Asil,"36.291481,36.696943",IS,196,190,152,144,682,1,1,1,1,1,0.88,1. Fully covered,1. Fully covered,1. Fully covered,1. Fully covered,1. Fully covered,2. Mostly covered
CP000107,Idleb,Harim,Karama,Al Aqsa,"36.294899,36.701951",IS,270,208,183,149,810,1,1,1,1,1,1,1. Fully covered,1. Fully covered,1. Fully covered,1. Fully covered,1. Fully covered,1. Fully covered
CP000106,Idleb,Harim,Karama,Al Ahrar,"36.292398,36.697432",IS,274,270,231,202,977,1,1,1,1,1,0.86,1. Fully covered,1. Fully covered,1. Fully covered,1. Fully covered,1. Fully covered,2. Mostly covered
CP000104,Idleb,Harim,Karama,Ahel Halep,"36.296196,36.699726",IS,157,190,101,101,549,1,1,1,1,1,1,1. Fully covered,1. Fully covered,1. Fully covered,1. Fully covered,1. Fully covered,1. Fully covered
CP000103,Idleb,Harim,Karama,Ahel Al Sham,"36.292227,36.695657",IS,186,221,172,150,729,1,1,1,1,1,0.92,1. Fully covered,1. Fully covered,1. Fully covered,1. Fully covered,1. Fully covered,2. Mostly covered
CP000075,Idleb,Harim,Big Hir Jamus,Samidoon,"36.18,36.41",PC,724,716,629,526,2595,1,1,1,1,1,0,1. Fully covered,1. Fully covered,1. Fully covered,1. Fully covered,1. Fully covered,4. Not covered - N/A
CP000074,Idleb,Harim,Big Hir Jamus,Kadimoon,"36.17,36.4",PC,633,619,541,430,2223,1,1,1,1,1,0,1. Fully covered,1. Fully covered,1. Fully covered,1. Fully covered,1. Fully covered,4. Not covered - N/A
CP000073,Idleb,Harim,Big Hir Jamus,Ayidoun,"36.182334,36.430266",PC,711,693,802,621,2827,1,1,1,1,1,0,1. Fully covered,1. Fully covered,1. Fully covered,1. Fully covered,1. Fully covered,4. Not covered - N/A
CP000071,Idleb,Harim,Bab Al Hawa,Taiba City,"36.182432,36.690769",IS,596,677,284,235,1792,0,1,1,1,1,0.88,4. Not covered - N/A,1. Fully covered,1. Fully covered,1. Fully covered,1. Fully covered,2. Mostly covered
CP000070,Idleb,Harim,Bab Al Hawa,Shahba'2,"36.21557,36.65747",IS,152,175,162,158,647,1,1,1,1,1,0,1. Fully covered,1. Fully covered,1. Fully covered,1. Fully covered,1. Fully covered,4. Not covered - N/A
CP000069,Idleb,Harim,Bab Al Hawa,Othman Bin Affan,"36.206403,36.729064",IS,29,40,32,24,125,0,1,1,1,1,0,4. Not covered - N/A,1. Fully covered,1. Fully covered,1. Fully covered,1. Fully covered,4. Not covered - N/A
CP000067,Idleb,Harim,Bab Al Hawa,Shahba'1 (Bab Al Hawa Lower/1),"36.205383,36.79514",IS,217,146,111,715,119.1666667,1,0,0,0,0,0,1. Fully covered,4. Not covered - N/A,4. Not covered - N/A,4. Not covered - N/A,4. Not covered - N/A,4. Not covered - N/A
CP000066,Idleb,Harim,Bab Al Hawa,Aycha,"36.267583,36.692415",IS,177,145,181,0,503,1,1,1,0,1,1,1. Fully covered,1. Fully covered,1. Fully covered,4. Not covered - N/A,1. Fully covered,1. Fully covered
CP000065,Idleb,Harim,Sarmada,Ariha,"36.15315,36.6902",IS,95,99,78,77,349,1,1,1,1,1,0.88,1. Fully covered,1. Fully covered,1. Fully covered,1. Fully covered,1. Fully covered,2. Mostly covered
CP000063,Idleb,Harim,Sarmada,Al Ummah,"36.247425,36.702068",IS,184,177,163,156,680,0.5,0,0,1,0,1,3. Partially covered,4. Not covered - N/A,4. Not covered - N/A,1. Fully covered,4. Not covered - N/A,1. Fully covered
CP000062,Idleb,Harim,Sarmada,Al Sadaka,"36.131799,36.614381",IS,217,209,194,185,805,0.5,0,0,1,0,1,3. Partially covered,4. Not covered - N/A,4. Not covered - N/A,1. Fully covered,4. Not covered - N/A,1. Fully covered
CP000060,Idleb,Harim,Bab Al Hawa,Al Nahdha,"36.106156,36.387444",IS,113,149,150,130,542,0,1,1,1,1,0,4. Not covered - N/A,1. Fully covered,1. Fully covered,1. Fully covered,1. Fully covered,4. Not covered - N/A
CP000059,Idleb,Harim,Atmeh,Atmeh,"36.322614,36.663372",IS,18267,21141,16191,14357,70709,1,1,1,1,1,1,1. Fully covered,1. Fully covered,1. Fully covered,1. Fully covered,1. Fully covered,1. Fully covered
CP000055,Idleb,Harim,Armanaz,Municipality building,"36.090736,36.504348",CC,0,0,0,0,0,0,0,0,0,0,0,4. Not covered - N/A,4. Not covered - N/A,4. Not covered - N/A,4. Not covered - N/A,4. Not covered - N/A,4. Not covered - N/A
CP000048,Idleb,Harim,Armanaz,Alshbiba buildinng,"36.07657,36.4943",CC,0,0,0,0,0,0,0,0,0,0,0,4. Not covered - N/A,4. Not covered - N/A,4. Not covered - N/A,4. Not covered - N/A,4. Not covered - N/A,4. Not covered - N/A
CP000045,Idleb,Harim,Al Dana,Al Dana,"36.22069,36.705731",IS,56,67,49,49,221,0.1,0,1,1,1,0,3. Partially covered,4. Not covered - N/A,1. Fully covered,1. Fully covered,1. Fully covered,4. Not covered - N/A
CP000044,Idleb,Harim,Aqrabat,Aqrabat (Ahl Al-Athar),"36.266302,36.701992",IS,191,197,156,129,673,0,1,1,1,1,1,4. Not covered - N/A,1. Fully covered,1. Fully covered,1. Fully covered,1. Fully covered,1. Fully covered
CP000017,Aleppo,Jarablus,Jarablus,Jarablus 4 (Jbel),"36.811489,38.007675",IS,2672,2649,2123,1991,9435,0,0,0,0,0,0,4. Not covered - N/A,4. Not covered - N/A,4. Not covered - N/A,4. Not covered - N/A,4. Not covered - N/A,4. Not covered - N/A
CP000015,Aleppo,Jarablus,Jarablus,Jarablus (Stadium),"36.823689,38.012361",IS,500,495,377,353,1725,0,0,0,0,0,0,4. Not covered - N/A,4. Not covered - N/A,4. Not covered - N/A,4. Not covered - N/A,4. Not covered - N/A,4. Not covered - N/A
CP000011,Aleppo,Jarablus,Jarablus,Camp 5,"36.8096611,38.0071472",IS,1050,910,1080,825,3865,0,0,0,0,0,0,4. Not covered - N/A,4. Not covered - N/A,4. Not covered - N/A,4. Not covered - N/A,4. Not covered - N/A,4. Not covered - N/A
CP000009,Aleppo,A'zaz,Azaz,"Shamarin (Dhahiat Al-Shuhada, Qatari)","36.653622,37.13975",IS,1213,1285,1155,892,4545,1,1,1,1,1,1,1. Fully covered,1. Fully covered,1. Fully covered,1. Fully covered,1. Fully covered,1. Fully covered
CP000008,Aleppo,A'zaz,Azaz,Sujjo,"36.623297,37.091979",IS,2290,2342,1829,1598,8059,1,1,1,1,1,1,1. Fully covered,1. Fully covered,1. Fully covered,1. Fully covered,1. Fully covered,1. Fully covered
CP000007,Aleppo,A'zaz,Azaz,Al Harameen (and extensions),"36.551269,37.200675",T/RC,0,0,0,0,7260,0,0,0,0,0,0,4. Not covered - N/A,4. Not covered - N/A,4. Not covered - N/A,4. Not covered - N/A,4. Not covered - N/A,4. Not covered - N/A
CP000005,Aleppo,A'zaz,Azaz,Bab Al Salame ,"36.630837,37.084091",IS,3654,3898,3509,3057,14118,1,1,1,1,1,1,1. Fully covered,1. Fully covered,1. Fully covered,1. Fully covered,1. Fully covered,1. Fully covered
CP000004,Aleppo,A'zaz,Azaz,Bab Al Noor,"36.598828,37.220317",IS,1883,2194,1932,1646,7655,1,1,1,0.8,1,1,1. Fully covered,1. Fully covered,1. Fully covered,2. Mostly covered,1. Fully covered,1. Fully covered
CP000003,Aleppo,A'zaz,Azaz,Bab Al Iman,"36.611619,37.069128",IS,1868,2008,1760,1578,7214,1,1,1,0.95,0.95,1,1. Fully covered,1. Fully covered,1. Fully covered,2. Mostly covered,2. Mostly covered,1. Fully covered
CP000527,Idleb,Harim,Bab Al Hawa,Ghouta Sharkiye,"36.14247, 36.42429",IS,1311,1236,1023,844,4414,0,0,0,0,0,0,4. Not covered - N/A,4. Not covered - N/A,4. Not covered - N/A,4. Not covered - N/A,4. Not covered - N/A,4. Not covered - N/A
CP000528,Idleb,Idleb,Maaret Tamsrin,Maaret Elekhwan Camp,"36.0668624970001,36.6727532090001",PC,34,43,35,32,144,1,0.8,1,1,1,1,1. Fully covered,2. Mostly covered,1. Fully covered,1. Fully covered,1. Fully covered,1. Fully covered
